{
    "objects": [
        {
            "attributes": {
                "description": "Overview of CoreDNS",
                "hits": 0,
                "kibanaSavedObjectMeta": {
                    "searchSourceJSON": "{\"query\": {\"query\": \"\", \"language\": \"kuery\"}, \"filter\": []}"
                },
                "optionsJSON": "{\"useMargins\": true, \"hidePanelTitles\": false}",
                "panelsJSON": "[{\"panelIndex\": \"1\", \"panelRefName\": \"panel_0\", \"embeddableConfig\": {}, \"gridData\": {\"w\": 41, \"i\": \"1\", \"h\": 14, \"y\": 7, \"x\": 4}, \"version\": \"8.0.0-SNAPSHOT\"}, {\"panelIndex\": \"2\", \"panelRefName\": \"panel_1\", \"embeddableConfig\": {}, \"gridData\": {\"w\": 20, \"i\": \"2\", \"h\": 7, \"y\": 0, \"x\": 4}, \"version\": \"8.0.0-SNAPSHOT\"}, {\"panelIndex\": \"3\", \"panelRefName\": \"panel_2\", \"embeddableConfig\": {}, \"gridData\": {\"w\": 21, \"i\": \"3\", \"h\": 7, \"y\": 0, \"x\": 24}, \"version\": \"8.0.0-SNAPSHOT\"}, {\"panelIndex\": \"4\", \"panelRefName\": \"panel_3\", \"embeddableConfig\": {}, \"gridData\": {\"w\": 41, \"i\": \"4\", \"h\": 6, \"y\": 21, \"x\": 4}, \"version\": \"8.0.0-SNAPSHOT\"}]",
                "timeRestore": false,
                "title": "[Filebeat CoreDNS] Overview",
                "version": 1
            },
            "id": "53aa1f70-443e-11e9-8548-ab7fbe04f038",
            "migrationVersion": {
                "dashboard": "7.0.0"
            },
            "references": [
                {
                    "id": "3ad75810-4429-11e9-8548-ab7fbe04f038",
                    "name": "panel_0",
                    "type": "visualization"
                },
                {
                    "id": "9dc640e0-4432-11e9-8548-ab7fbe04f038",
                    "name": "panel_1",
                    "type": "visualization"
                },
                {
                    "id": "75743f70-443c-11e9-8548-ab7fbe04f038",
                    "name": "panel_2",
                    "type": "visualization"
                },
                {
                    "id": "cfde7fb0-443d-11e9-8548-ab7fbe04f038",
                    "name": "panel_3",
                    "type": "visualization"
                }
            ],
            "type": "dashboard",
            "updated_at": "2019-03-11T20:43:54.420Z",
            "version": "WzE0ODgsM10="
        },
        {
            "attributes": {
                "description": "",
                "kibanaSavedObjectMeta": {
                    "searchSourceJSON": "{\"query\": {\"query\": \"\", \"language\": \"kuery\"}, \"filter\": [], \"indexRefName\": \"kibanaSavedObjectMeta.searchSourceJSON.index\"}"
                },
                "title": "Top Domains [Filebeat CoreDNS]",
                "uiStateJSON": "{}",
                "version": 1,
                "visState": "{\"type\": \"tagcloud\", \"title\": \"Top Domains [Filebeat CoreDNS]\", \"aggs\": [{\"schema\": \"metric\", \"type\": \"count\", \"enabled\": true, \"id\": \"1\", \"params\": {}}, {\"schema\": \"segment\", \"type\": \"terms\", \"enabled\": true, \"id\": \"2\", \"params\": {\"field\": \"coredns.query.name\", \"orderBy\": \"1\", \"order\": \"desc\", \"missingBucket\": false, \"missingBucketLabel\": \"Missing\", \"otherBucket\": false, \"size\": 10, \"otherBucketLabel\": \"Other\"}}], \"params\": {\"metric\": {\"accessor\": 0, \"aggType\": \"count\", \"format\": {\"id\": \"number\"}, \"params\": {}}, \"maxFontSize\": 72, \"scale\": \"linear\", \"orientation\": \"single\", \"showLabel\": true, \"minFontSize\": 18}}"
            },
            "id": "3ad75810-4429-11e9-8548-ab7fbe04f038",
            "migrationVersion": {
                "visualization": "7.0.0"
            },
            "references": [
                {
                    "id": "filebeat-*",
                    "name": "kibanaSavedObjectMeta.searchSourceJSON.index",
                    "type": "index-pattern"
                }
            ],
            "type": "visualization",
            "updated_at": "2019-03-11T18:12:28.303Z",
            "version": "WzE0ODMsM10="
        },
        {
            "attributes": {
                "description": "",
                "kibanaSavedObjectMeta": {
                    "searchSourceJSON": "{\"query\": {\"query\": \"\", \"language\": \"kuery\"}, \"filter\": [], \"indexRefName\": \"kibanaSavedObjectMeta.searchSourceJSON.index\"}"
                },
                "title": "Total DNS Queries [Filebeat CoreDNS]",
                "uiStateJSON": "{}",
                "version": 1,
                "visState": "{\"type\": \"metric\", \"title\": \"Total DNS Queries [Filebeat CoreDNS]\", \"aggs\": [{\"schema\": \"metric\", \"type\": \"count\", \"enabled\": true, \"id\": \"1\", \"params\": {}}], \"params\": {\"addTooltip\": true, \"metric\": {\"useRanges\": false, \"style\": {\"fontSize\": 60, \"bgFill\": \"#000\", \"bgColor\": false, \"labelColor\": false, \"subText\": \"\"}, \"colorSchema\": \"Green to Red\", \"percentageMode\": false, \"colorsRange\": [{\"to\": 10000, \"from\": 0}], \"metricColorMode\": \"None\", \"labels\": {\"show\": true}, \"invertColors\": false}, \"addLegend\": false, \"type\": \"metric\"}}"
            },
            "id": "9dc640e0-4432-11e9-8548-ab7fbe04f038",
            "migrationVersion": {
                "visualization": "7.0.0"
            },
            "references": [
                {
                    "id": "filebeat-*",
                    "name": "kibanaSavedObjectMeta.searchSourceJSON.index",
                    "type": "index-pattern"
                }
            ],
            "type": "visualization",
            "updated_at": "2019-03-11T19:19:39.757Z",
            "version": "WzE0ODQsM10="
        },
        {
            "attributes": {
                "description": "",
                "kibanaSavedObjectMeta": {
                    "searchSourceJSON": "{\"query\": {\"query\": \"\", \"language\": \"kuery\"}, \"filter\": [], \"indexRefName\": \"kibanaSavedObjectMeta.searchSourceJSON.index\"}"
                },
                "title": "Unique Domains [Filebeat CoreDNS]",
                "uiStateJSON": "{}",
                "version": 1,
                "visState": "{\"type\": \"metric\", \"title\": \"Unique Domains [Filebeat CoreDNS]\", \"aggs\": [{\"schema\": \"metric\", \"type\": \"cardinality\", \"enabled\": true, \"id\": \"1\", \"params\": {\"field\": \"coredns.query.name\", \"customLabel\": \"Unique Domains\"}}], \"params\": {\"addTooltip\": true, \"metric\": {\"metrics\": [{\"accessor\": 0, \"aggType\": \"cardinality\", \"format\": {\"id\": \"number\"}, \"params\": {}}], \"style\": {\"fontSize\": 60, \"bgFill\": \"#000\", \"bgColor\": false, \"labelColor\": false, \"subText\": \"\"}, \"colorSchema\": \"Green to Red\", \"percentageMode\": false, \"colorsRange\": [{\"to\": 10000, \"from\": 0}], \"useRanges\": false, \"metricColorMode\": \"None\", \"labels\": {\"show\": true}, \"bucket\": {\"accessor\": 0, \"aggType\": \"terms\", \"format\": {\"params\": {\"missingBucketLabel\": \"Missing\", \"otherBucketLabel\": \"Other\", \"id\": \"string\"}, \"id\": \"terms\"}, \"params\": {}}, \"invertColors\": false}, \"addLegend\": false, \"type\": \"metric\"}}"
            },
            "id": "75743f70-443c-11e9-8548-ab7fbe04f038",
            "migrationVersion": {
                "visualization": "7.0.0"
            },
            "references": [
                {
                    "id": "filebeat-*",
                    "name": "kibanaSavedObjectMeta.searchSourceJSON.index",
                    "type": "index-pattern"
                }
            ],
            "type": "visualization",
            "updated_at": "2019-03-12T01:26:19.218Z",
            "version": "WzE0OTMsM10="
        },
        {
            "attributes": {
                "description": "",
                "kibanaSavedObjectMeta": {
                    "searchSourceJSON": "{\"query\": {\"query\": \"tags:\\\"coredns\\\"\", \"language\": \"kuery\"}, \"filter\": []}"
                },
                "title": "Time Series Visualizer [Filebeat CoreDNS]",
                "uiStateJSON": "{}",
                "version": 1,
                "visState": "{\"type\": \"metrics\", \"title\": \"Time Series Visualizer [Filebeat CoreDNS]\", \"aggs\": [], \"params\": {\"background_color_rules\": [{\"id\": \"65ad37b0-443f-11e9-94ba-69b05a5f82b8\"}], \"time_field\": \"@timestamp\", \"type\": \"timeseries\", \"bar_color_rules\": [{\"id\": \"e1f6cda0-443e-11e9-94ba-69b05a5f82b8\"}], \"series\": [{\"fill\": 0.5, \"chart_type\": \"line\", \"filter\": \"fileset.name:kubernetes\", \"formatter\": \"number\", \"axis_position\": \"right\", \"terms_field\": \"fileset.name\", \"color\": \"#68BC00\", \"stacked\": \"none\", \"metrics\": [{\"id\": \"61ca57f2-469d-11e7-af02-69e470af7417\", \"type\": \"count\"}], \"id\": \"61ca57f1-469d-11e7-af02-69e470af7417\", \"split_mode\": \"filter\", \"separate_axis\": 0, \"point_size\": 1, \"line_width\": 1, \"label\": \"CoreDNS Kubernetes\"}, {\"fill\": 0.5, \"chart_type\": \"line\", \"filter\": \"fileset.name:log\", \"formatter\": \"number\", \"axis_position\": \"right\", \"color\": \"#68BC00\", \"stacked\": \"none\", \"metrics\": [{\"id\": \"3c8999f1-443f-11e9-94ba-69b05a5f82b8\", \"type\": \"count\"}], \"id\": \"3c8999f0-443f-11e9-94ba-69b05a5f82b8\", \"split_mode\": \"filter\", \"separate_axis\": 0, \"point_size\": 1, \"line_width\": 1, \"label\": \"CoreDNS Native\"}], \"axis_formatter\": \"number\", \"index_pattern\": \"filebeat-*\", \"show_legend\": 1, \"default_index_pattern\": \"filebeat-*\", \"axis_scale\": \"normal\", \"id\": \"61ca57f0-469d-11e7-af02-69e470af7417\", \"gauge_color_rules\": [{\"id\": \"6996a6e0-443f-11e9-94ba-69b05a5f82b8\"}], \"gauge_style\": \"half\", \"show_grid\": 1, \"interval\": \"auto\", \"axis_position\": \"left\", \"gauge_width\": 10, \"gauge_inner_width\": 10}}"
            },
            "id": "cfde7fb0-443d-11e9-8548-ab7fbe04f038",
            "migrationVersion": {
                "visualization": "7.0.0"
            },
            "references": [],
            "type": "visualization",
            "updated_at": "2019-03-11T20:51:52.103Z",
            "version": "WzE0ODksM10="
        }
    ],
    "version": "8.0.0-SNAPSHOT"
}