{
    "objects": [
        {
            "attributes": {
                "columns": [
                    "log.level",
                    "logstash.slowlog.plugin_type",
                    "logstash.slowlog.plugin_name",
                    "logstash.slowlog.message",
                    "logstash.slowlog.plugin_params",
                    "logstash.slowlog.execution_time_ns"
                ],
                "description": "",
                "hits": 0,
                "kibanaSavedObjectMeta": {
                    "searchSourceJSON": "{\"version\": true, \"query\": {\"query\": \"\", \"language\": \"kuery\"}, \"filter\": [{\"$state\": {\"store\": \"appState\"}, \"query\": {\"match\": {\"event.module\": {\"query\": \"logstash\", \"type\": \"phrase\"}}}, \"meta\": {\"value\": \"logstash\", \"alias\": null, \"disabled\": false, \"type\": \"phrase\", \"key\": \"event.module\", \"params\": {\"query\": \"logstash\", \"type\": \"phrase\"}, \"negate\": false, \"index\": \"filebeat-*\"}}, {\"$state\": {\"store\": \"appState\"}, \"query\": {\"match\": {\"fileset.name\": {\"query\": \"slowlog\", \"type\": \"phrase\"}}}, \"meta\": {\"value\": \"slowlog\", \"alias\": null, \"disabled\": false, \"type\": \"phrase\", \"key\": \"fileset.name\", \"params\": {\"query\": \"slowlog\", \"type\": \"phrase\"}, \"negate\": false, \"index\": \"filebeat-*\"}}], \"highlightAll\": true, \"index\": \"filebeat-*\"}"
                },
                "sort": [
                    "log.level",
                    "asc"
                ],
                "title": "Slow logs [Filebeat Logstash] ECS",
                "version": 1
            },
            "id": "742e45d0-cbdd-11e7-9852-73e0a9df1bb6-ecs",
            "type": "search",
            "version": 1
        },
        {
            "attributes": {
                "description": "",
                "kibanaSavedObjectMeta": {
                    "searchSourceJSON": "{\"query\": {\"query\": \"\", \"language\": \"kuery\"}, \"filter\": []}"
                },
                "savedSearchId": "cfaba090-cbda-11e7-9852-73e0a9df1bb6-ecs",
                "title": "Logs Severity [Filebeat Logstash] ECS",
                "uiStateJSON": "{}",
                "version": 1,
                "visState": "{\"type\": \"pie\", \"title\": \"Logs Severity [Filebeat Logstash] ECS\", \"aggs\": [{\"schema\": \"metric\", \"type\": \"count\", \"enabled\": true, \"id\": \"1\", \"params\": {}}, {\"schema\": \"segment\", \"type\": \"terms\", \"enabled\": true, \"id\": \"2\", \"params\": {\"field\": \"log.level\", \"orderBy\": \"1\", \"size\": 5, \"order\": \"desc\"}}], \"params\": {\"addTooltip\": true, \"isDonut\": true, \"type\": \"pie\", \"addLegend\": true, \"legendPosition\": \"right\"}}"
            },
            "id": "0b1dace0-cbdb-11e7-9852-73e0a9df1bb6-ecs",
            "type": "visualization",
            "version": 1
        },
        {
            "attributes": {
                "description": "",
                "kibanaSavedObjectMeta": {
                    "searchSourceJSON": "{\"query\": {\"query\": \"\", \"language\": \"kuery\"}, \"filter\": []}"
                },
                "savedSearchId": "cfaba090-cbda-11e7-9852-73e0a9df1bb6-ecs",
                "title": "logs over time [Filebeat Logstash] ECS",
                "uiStateJSON": "{}",
                "version": 1,
                "visState": "{\"type\": \"histogram\", \"title\": \"logs over time [Filebeat Logstash] ECS\", \"aggs\": [{\"schema\": \"metric\", \"type\": \"count\", \"enabled\": true, \"id\": \"1\", \"params\": {}}, {\"schema\": \"segment\", \"type\": \"date_histogram\", \"enabled\": true, \"id\": \"2\", \"params\": {\"field\": \"@timestamp\", \"interval\": \"auto\", \"extended_bounds\": {}, \"customInterval\": \"2h\", \"min_doc_count\": 1}}, {\"schema\": \"group\", \"type\": \"terms\", \"enabled\": true, \"id\": \"3\", \"params\": {\"field\": \"log.level\", \"orderBy\": \"1\", \"size\": 5, \"order\": \"desc\"}}], \"params\": {\"valueAxes\": [{\"name\": \"LeftAxis-1\", \"id\": \"ValueAxis-1\", \"scale\": {\"mode\": \"normal\", \"type\": \"linear\"}, \"type\": \"value\", \"position\": \"left\", \"labels\": {\"show\": true, \"filter\": false, \"truncate\": 100, \"rotate\": 0}, \"show\": true, \"title\": {\"text\": \"Count\"}, \"style\": {}}], \"seriesParams\": [{\"data\": {\"id\": \"1\", \"label\": \"Count\"}, \"showCircles\": true, \"drawLinesBetweenPoints\": true, \"mode\": \"stacked\", \"type\": \"histogram\", \"valueAxis\": \"ValueAxis-1\", \"show\": \"true\"}], \"grid\": {\"categoryLines\": false, \"style\": {\"color\": \"#eee\"}}, \"legendPosition\": \"right\", \"addTooltip\": true, \"times\": [], \"categoryAxes\": [{\"id\": \"CategoryAxis-1\", \"scale\": {\"type\": \"linear\"}, \"type\": \"category\", \"position\": \"bottom\", \"labels\": {\"show\": true, \"truncate\": 100}, \"show\": true, \"title\": {}, \"style\": {}}], \"addLegend\": true, \"type\": \"histogram\", \"addTimeMarker\": false}}"
            },
            "id": "e90b7240-cbda-11e7-9852-73e0a9df1bb6-ecs",
            "type": "visualization",
            "version": 1
        },
        {
            "attributes": {
                "description": "",
                "kibanaSavedObjectMeta": {
                    "searchSourceJSON": "{\"query\": {\"query\": \"\", \"language\": \"kuery\"}, \"filter\": []}"
                },
                "savedSearchId": "742e45d0-cbdd-11e7-9852-73e0a9df1bb6-ecs",
                "title": "Slowest plugins [Filebeat Logstash] ECS",
                "uiStateJSON": "{\"vis\": {\"params\": {\"sort\": {\"columnIndex\": 3, \"direction\": null}}}}",
                "version": 1,
                "visState": "{\"type\": \"table\", \"title\": \"Slowest plugins [Filebeat Logstash] ECS\", \"aggs\": [{\"schema\": \"metric\", \"type\": \"avg\", \"enabled\": true, \"id\": \"6\", \"params\": {\"field\": \"logstash.slowlog.took_in_millis\", \"customLabel\": \"Average\"}}, {\"schema\": \"metric\", \"type\": \"min\", \"enabled\": true, \"id\": \"5\", \"params\": {\"field\": \"logstash.slowlog.took_in_millis\", \"customLabel\": \"Min\"}}, {\"schema\": \"bucket\", \"type\": \"terms\", \"enabled\": true, \"id\": \"8\", \"params\": {\"field\": \"logstash.slowlog.plugin_name\", \"customLabel\": \"Plugin Name\", \"size\": 5, \"order\": \"desc\", \"orderBy\": \"5\"}}, {\"schema\": \"metric\", \"type\": \"max\", \"enabled\": true, \"id\": \"7\", \"params\": {\"field\": \"logstash.slowlog.took_in_millis\", \"customLabel\": \"Max\"}}, {\"schema\": \"bucket\", \"type\": \"terms\", \"enabled\": true, \"id\": \"9\", \"params\": {\"field\": \"logstash.slowlog.plugin_type\", \"customLabel\": \"Plugin Type\", \"size\": 5, \"order\": \"desc\", \"orderBy\": \"5\"}}], \"params\": {\"totalFunc\": \"sum\", \"perPage\": 10, \"showMeticsAtAllLevels\": false, \"showTotal\": false, \"showPartialRows\": false, \"sort\": {\"columnIndex\": null, \"direction\": null}}}"
            },
            "id": "b3315630-cbdf-11e7-9852-73e0a9df1bb6-ecs",
            "type": "visualization",
            "version": 1
        },
        {
            "attributes": {
                "columns": [
                    "log.level",
                    "logstash.log.module",
                    "message",
                    "source"
                ],
                "description": "",
                "hits": 0,
                "kibanaSavedObjectMeta": {
                    "searchSourceJSON": "{\"version\": true, \"query\": {\"query\": \"\", \"language\": \"kuery\"}, \"filter\": [{\"$state\": {\"store\": \"appState\"}, \"query\": {\"match\": {\"event.module\": {\"query\": \"logstash\", \"type\": \"phrase\"}}}, \"meta\": {\"value\": \"logstash\", \"alias\": null, \"disabled\": false, \"type\": \"phrase\", \"key\": \"event.module\", \"params\": {\"query\": \"logstash\", \"type\": \"phrase\"}, \"negate\": false, \"index\": \"filebeat-*\"}}, {\"$state\": {\"store\": \"appState\"}, \"query\": {\"match\": {\"fileset.name\": {\"query\": \"log\", \"type\": \"phrase\"}}}, \"meta\": {\"value\": \"log\", \"alias\": null, \"disabled\": false, \"type\": \"phrase\", \"key\": \"fileset.name\", \"params\": {\"query\": \"log\", \"type\": \"phrase\"}, \"negate\": false, \"index\": \"filebeat-*\"}}], \"highlightAll\": true, \"index\": \"filebeat-*\"}"
                },
                "sort": [
                    "@timestamp",
                    "desc"
                ],
                "title": "logs [Filebeat Logstash] ECS",
                "version": 1
            },
            "id": "cfaba090-cbda-11e7-9852-73e0a9df1bb6-ecs",
            "type": "search",
            "version": 1
        },
        {
            "attributes": {
                "description": "Overview of Logstash Slowlogs",
                "hits": 0,
                "kibanaSavedObjectMeta": {
                    "searchSourceJSON": "{\"query\": {\"query\": \"\", \"language\": \"kuery\"}, \"filter\": [], \"highlightAll\": true, \"version\": true}"
                },
                "optionsJSON": "{\"darkTheme\": false}",
                "panelsJSON": "[{\"size_y\": 9, \"sort\": [\"@timestamp\", \"desc\"], \"id\": \"742e45d0-cbdd-11e7-9852-73e0a9df1bb6-ecs\", \"type\": \"search\", \"size_x\": 12, \"panelIndex\": 1, \"columns\": [\"log.level\", \"logstash.slowlog.plugin_type\", \"logstash.slowlog.plugin_name\", \"logstash.slowlog.message\", \"logstash.slowlog.plugin_params\", \"logstash.slowlog.execution_time_ns\"], \"col\": 1, \"row\": 7}, {\"size_y\": 3, \"id\": \"0b1dace0-cbdb-11e7-9852-73e0a9df1bb6-ecs\", \"type\": \"visualization\", \"size_x\": 6, \"panelIndex\": 2, \"col\": 7, \"row\": 1}, {\"size_y\": 3, \"id\": \"e90b7240-cbda-11e7-9852-73e0a9df1bb6-ecs\", \"type\": \"visualization\", \"size_x\": 6, \"panelIndex\": 3, \"col\": 1, \"row\": 1}, {\"size_y\": 3, \"id\": \"b3315630-cbdf-11e7-9852-73e0a9df1bb6-ecs\", \"type\": \"visualization\", \"size_x\": 12, \"panelIndex\": 4, \"col\": 1, \"row\": 4}]",
                "timeRestore": false,
                "title": "[Filebeat Logstash] Slowlogs ECS",
                "uiStateJSON": "{\"P-4\": {\"vis\": {\"params\": {\"sort\": {\"columnIndex\": 3, \"direction\": null}}}}}",
                "version": 1
            },
            "id": "Filebeat-Logstash-Slowlog-Dashboard-ecs",
            "type": "dashboard",
            "version": 1
        }
    ],
    "version": "6.0.0"
}