{
    "objects": [
        {
            "attributes": {
                "description": "",
                "kibanaSavedObjectMeta": {
                    "searchSourceJSON": "{\"filter\": []}"
                },
                "savedSearchId": "Syslog-system-logs-ecs",
                "title": "Syslog events by hostname [Filebeat System] ECS",
                "uiStateJSON": "{}",
                "version": 1,
                "visState": "{\"listeners\": {}, \"type\": \"histogram\", \"title\": \"Syslog events by hostname ECS\", \"aggs\": [{\"schema\": \"metric\", \"type\": \"count\", \"enabled\": true, \"id\": \"1\", \"params\": {}}, {\"schema\": \"segment\", \"type\": \"date_histogram\", \"enabled\": true, \"id\": \"2\", \"params\": {\"field\": \"@timestamp\", \"interval\": \"auto\", \"extended_bounds\": {}, \"customInterval\": \"2h\", \"min_doc_count\": 1}}, {\"schema\": \"group\", \"type\": \"terms\", \"enabled\": true, \"id\": \"3\", \"params\": {\"field\": \"host.hostname\", \"orderBy\": \"1\", \"size\": 5, \"order\": \"desc\"}}], \"params\": {\"scale\": \"linear\", \"defaultYExtents\": false, \"legendPosition\": \"right\", \"mode\": \"stacked\", \"setYExtents\": false, \"addTooltip\": true, \"times\": [], \"shareYAxis\": true, \"yAxis\": {}, \"addLegend\": true, \"addTimeMarker\": false}}"
            },
            "id": "Syslog-events-by-hostname-ecs",
            "type": "visualization",
            "version": 2
        },
        {
            "attributes": {
                "description": "",
                "kibanaSavedObjectMeta": {
                    "searchSourceJSON": "{\"filter\": []}"
                },
                "savedSearchId": "Syslog-system-logs-ecs",
                "title": "Syslog hostnames and processes [Filebeat System] ECS",
                "uiStateJSON": "{}",
                "version": 1,
                "visState": "{\"listeners\": {}, \"type\": \"pie\", \"title\": \"Syslog hostnames and processes ECS\", \"aggs\": [{\"schema\": \"metric\", \"type\": \"count\", \"enabled\": true, \"id\": \"1\", \"params\": {}}, {\"schema\": \"segment\", \"type\": \"terms\", \"enabled\": true, \"id\": \"2\", \"params\": {\"field\": \"host.hostname\", \"orderBy\": \"1\", \"size\": 5, \"order\": \"desc\"}}, {\"schema\": \"segment\", \"type\": \"terms\", \"enabled\": true, \"id\": \"3\", \"params\": {\"field\": \"process.name\", \"orderBy\": \"1\", \"size\": 5, \"order\": \"desc\"}}], \"params\": {\"addTooltip\": true, \"isDonut\": true, \"shareYAxis\": true, \"addLegend\": true, \"legendPosition\": \"bottom\"}}"
            },
            "id": "Syslog-hostnames-and-processes-ecs",
            "type": "visualization",
            "version": 2
        },
        {
            "attributes": {
                "columns": [
                    "host.hostname",
                    "process.name",
                    "message"
                ],
                "description": "",
                "hits": 0,
                "kibanaSavedObjectMeta": {
                    "searchSourceJSON": "{\"query\": {\"query\": \"event.dataset:system.syslog\", \"language\": \"kuery\"}, \"highlight\": {\"fragment_size\": 2147483647, \"pre_tags\": [\"@kibana-highlighted-field@\"], \"fields\": {\"*\": {}}, \"require_field_match\": false, \"post_tags\": [\"@/kibana-highlighted-field@\"]}, \"filter\": [], \"highlightAll\": true, \"index\": \"filebeat-*\"}"
                },
                "sort": [
                    "@timestamp",
                    "desc"
                ],
                "title": "Syslog logs [Filebeat System] ECS",
                "version": 1
            },
            "id": "Syslog-system-logs-ecs",
            "type": "search",
            "version": 2
        },
        {
            "attributes": {
                "description": "",
                "kibanaSavedObjectMeta": {
                    "searchSourceJSON": "{}"
                },
                "title": "Dashboards [Filebeat System] ECS",
                "uiStateJSON": "{}",
                "version": 1,
                "visState": "{\"type\": \"markdown\", \"title\": \"Dashboards [Filebeat System] ECS\", \"aggs\": [], \"params\": {\"fontSize\": 12, \"markdown\": \"[Syslog](#/dashboard/Filebeat-syslog-dashboard-ecs) | [Sudo commands](#/dashboard/277876d0-fa2c-11e6-bbd3-29c986c96e5a-ecs) | [SSH logins](#/dashboard/5517a150-f9ce-11e6-8115-a7c18106d86a-ecs) | [New users and groups](#/dashboard/0d3f2380-fa78-11e6-ae9b-81e5311e8cab-ecs)\"}}"
            },
            "id": "327417e0-8462-11e7-bab8-bd2f0fb42c54-ecs",
            "type": "visualization",
            "version": 1
        },
        {
            "attributes": {
                "description": "Syslog dashboard from the Filebeat System module",
                "hits": 0,
                "kibanaSavedObjectMeta": {
                    "searchSourceJSON": "{\"query\": {\"query\": \"\", \"language\": \"kuery\"}, \"filter\": [], \"highlightAll\": true, \"version\": true}"
                },
                "optionsJSON": "{\"darkTheme\": false}",
                "panelsJSON": "[{\"size_y\": 4, \"id\": \"Syslog-events-by-hostname-ecs\", \"type\": \"visualization\", \"size_x\": 8, \"panelIndex\": 1, \"col\": 1, \"row\": 2}, {\"size_y\": 4, \"id\": \"Syslog-hostnames-and-processes-ecs\", \"type\": \"visualization\", \"size_x\": 4, \"panelIndex\": 2, \"col\": 9, \"row\": 2}, {\"size_y\": 7, \"sort\": [\"@timestamp\", \"desc\"], \"id\": \"Syslog-system-logs-ecs\", \"type\": \"search\", \"size_x\": 12, \"panelIndex\": 3, \"columns\": [\"host.hostname\", \"process.name\", \"message\"], \"col\": 1, \"row\": 6}, {\"size_y\": 1, \"id\": \"327417e0-8462-11e7-bab8-bd2f0fb42c54-ecs\", \"type\": \"visualization\", \"size_x\": 12, \"panelIndex\": 4, \"col\": 1, \"row\": 1}]",
                "timeRestore": false,
                "title": "[Filebeat System] Syslog dashboard ECS",
                "uiStateJSON": "{}",
                "version": 1
            },
            "id": "Filebeat-syslog-dashboard-ecs",
            "type": "dashboard",
            "version": 6
        }
    ],
    "version": "6.0.0-beta1-SNAPSHOT"
}