{
    "objects": [
        {
            "attributes": {
                "description": "",
                "kibanaSavedObjectMeta": {
                    "searchSourceJSON": "{\"filter\": []}"
                },
                "savedSearchId": "Filebeat-MySQL-Slow-log-ecs",
                "title": "Top slowest queries [Filebeat MySQL] ECS",
                "uiStateJSON": "{\"vis\": {\"params\": {\"sort\": {\"columnIndex\": null, \"direction\": null}}}}",
                "version": 1,
                "visState": "{\"type\": \"table\", \"title\": \"Top slowest queries [Filebeat MySQL] ECS\", \"aggs\": [{\"schema\": \"metric\", \"type\": \"max\", \"enabled\": true, \"id\": \"1\", \"params\": {\"field\": \"event.duration\", \"customLabel\": \"Query time\"}}, {\"schema\": \"bucket\", \"type\": \"terms\", \"enabled\": true, \"id\": \"2\", \"params\": {\"field\": \"mysql.slowlog.query\", \"customLabel\": \"Query\", \"size\": 5, \"order\": \"desc\", \"orderBy\": \"1\"}}, {\"schema\": \"bucket\", \"type\": \"terms\", \"enabled\": true, \"id\": \"3\", \"params\": {\"field\": \"user.name\", \"customLabel\": \"User\", \"size\": 5, \"order\": \"desc\", \"orderBy\": \"1\"}}], \"params\": {\"totalFunc\": \"sum\", \"perPage\": 10, \"showMeticsAtAllLevels\": false, \"showTotal\": false, \"showPartialRows\": false, \"sort\": {\"columnIndex\": null, \"direction\": null}}}"
            },
            "id": "MySQL-slowest-queries-ecs",
            "type": "visualization",
            "version": 1
        },
        {
            "attributes": {
                "description": "",
                "kibanaSavedObjectMeta": {
                    "searchSourceJSON": "{\"filter\": []}"
                },
                "savedSearchId": "Filebeat-MySQL-Slow-log-ecs",
                "title": "Slow queries over time [Filebeat MySQL] ECS",
                "uiStateJSON": "{\"vis\": {\"colors\": {\"Slow queries\": \"#EF843C\"}}}",
                "version": 1,
                "visState": "{\"type\": \"histogram\", \"title\": \"Slow queries over time [Filebeat MySQL] ECS\", \"aggs\": [{\"schema\": \"metric\", \"type\": \"count\", \"enabled\": true, \"id\": \"1\", \"params\": {\"customLabel\": \"Slow queries\"}}, {\"schema\": \"segment\", \"type\": \"date_histogram\", \"enabled\": true, \"id\": \"2\", \"params\": {\"field\": \"@timestamp\", \"interval\": \"auto\", \"extended_bounds\": {}, \"customInterval\": \"2h\", \"min_doc_count\": 1}}], \"params\": {\"defaultYExtents\": false, \"seriesParams\": [{\"data\": {\"id\": \"1\", \"label\": \"Slow queries\"}, \"showCircles\": true, \"drawLinesBetweenPoints\": true, \"mode\": \"stacked\", \"type\": \"histogram\", \"valueAxis\": \"ValueAxis-1\", \"show\": \"true\"}], \"legendPosition\": \"right\", \"mode\": \"stacked\", \"shareYAxis\": true, \"addTooltip\": true, \"times\": [], \"categoryAxes\": [{\"id\": \"CategoryAxis-1\", \"scale\": {\"type\": \"linear\"}, \"type\": \"category\", \"position\": \"bottom\", \"labels\": {\"show\": true, \"truncate\": 100}, \"show\": true, \"title\": {\"text\": \"@timestamp per 30 seconds\"}, \"style\": {}}], \"addLegend\": true, \"addTimeMarker\": false, \"valueAxes\": [{\"name\": \"LeftAxis-1\", \"id\": \"ValueAxis-1\", \"scale\": {\"mode\": \"normal\", \"type\": \"linear\"}, \"type\": \"value\", \"position\": \"left\", \"labels\": {\"show\": true, \"filter\": false, \"truncate\": 100, \"rotate\": 0}, \"show\": true, \"title\": {\"text\": \"Slow queries\"}, \"style\": {}}], \"grid\": {\"categoryLines\": false, \"style\": {\"color\": \"#eee\"}}, \"scale\": \"linear\", \"type\": \"histogram\", \"setYExtents\": false, \"yAxis\": {}}}"
            },
            "id": "MySQL-Slow-queries-over-time-ecs",
            "type": "visualization",
            "version": 1
        },
        {
            "attributes": {
                "description": "",
                "kibanaSavedObjectMeta": {
                    "searchSourceJSON": "{\"filter\": []}"
                },
                "savedSearchId": "Filebeat-MySQL-error-log-ecs",
                "title": "Error logs over time [Filebeat MySQL] ECS",
                "uiStateJSON": "{\"vis\": {\"colors\": {\"Error logs\": \"#1F78C1\", \"Count\": \"#447EBC\"}}}",
                "version": 1,
                "visState": "{\"type\": \"histogram\", \"title\": \"Error logs over time [Filebeat MySQL] ECS\", \"aggs\": [{\"schema\": \"metric\", \"type\": \"count\", \"enabled\": true, \"id\": \"1\", \"params\": {\"customLabel\": \"Error logs\"}}, {\"schema\": \"segment\", \"type\": \"date_histogram\", \"enabled\": true, \"id\": \"2\", \"params\": {\"field\": \"@timestamp\", \"interval\": \"auto\", \"extended_bounds\": {}, \"customInterval\": \"2h\", \"min_doc_count\": 1}}], \"params\": {\"defaultYExtents\": false, \"seriesParams\": [{\"data\": {\"id\": \"1\", \"label\": \"Error logs\"}, \"showCircles\": true, \"drawLinesBetweenPoints\": true, \"mode\": \"stacked\", \"type\": \"histogram\", \"valueAxis\": \"ValueAxis-1\", \"show\": \"true\"}], \"legendPosition\": \"right\", \"mode\": \"stacked\", \"shareYAxis\": true, \"addTooltip\": true, \"times\": [], \"categoryAxes\": [{\"id\": \"CategoryAxis-1\", \"scale\": {\"type\": \"linear\"}, \"type\": \"category\", \"position\": \"bottom\", \"labels\": {\"show\": true, \"truncate\": 100}, \"show\": true, \"title\": {\"text\": \"@timestamp per 30 seconds\"}, \"style\": {}}], \"addLegend\": true, \"addTimeMarker\": false, \"valueAxes\": [{\"name\": \"LeftAxis-1\", \"id\": \"ValueAxis-1\", \"scale\": {\"mode\": \"normal\", \"type\": \"linear\"}, \"type\": \"value\", \"position\": \"left\", \"labels\": {\"show\": true, \"filter\": false, \"truncate\": 100, \"rotate\": 0}, \"show\": true, \"title\": {\"text\": \"Error logs\"}, \"style\": {}}], \"grid\": {\"categoryLines\": false, \"style\": {\"color\": \"#eee\"}}, \"scale\": \"linear\", \"type\": \"histogram\", \"setYExtents\": false, \"yAxis\": {}}}"
            },
            "id": "MySQL-error-logs-ecs",
            "type": "visualization",
            "version": 1
        },
        {
            "attributes": {
                "columns": [
                    "log.level",
                    "message"
                ],
                "description": "",
                "hits": 0,
                "kibanaSavedObjectMeta": {
                    "searchSourceJSON": "{\"highlight\": {\"fragment_size\": 2147483647, \"pre_tags\": [\"@kibana-highlighted-field@\"], \"fields\": {\"*\": {}}, \"require_field_match\": false, \"post_tags\": [\"@/kibana-highlighted-field@\"]}, \"filter\": [{\"$state\": {\"store\": \"appState\"}, \"query\": {\"match\": {\"event.module\": {\"query\": \"mysql\", \"type\": \"phrase\"}}}, \"meta\": {\"value\": \"mysql\", \"alias\": null, \"disabled\": false, \"type\": \"phrase\", \"key\": \"event.module\", \"params\": {\"query\": \"mysql\", \"type\": \"phrase\"}, \"negate\": false, \"index\": \"filebeat-*\"}}, {\"$state\": {\"store\": \"appState\"}, \"query\": {\"match\": {\"fileset.name\": {\"query\": \"error\", \"type\": \"phrase\"}}}, \"meta\": {\"value\": \"error\", \"alias\": null, \"disabled\": false, \"type\": \"phrase\", \"key\": \"fileset.name\", \"params\": {\"query\": \"error\", \"type\": \"phrase\"}, \"negate\": false, \"index\": \"filebeat-*\"}}], \"highlightAll\": true, \"query\": {\"query\": \"\", \"language\": \"kuery\"}, \"version\": true, \"index\": \"filebeat-*\"}"
                },
                "sort": [
                    "@timestamp",
                    "desc"
                ],
                "title": "Error logs [Filebeat MySQL] ECS",
                "version": 1
            },
            "id": "Filebeat-MySQL-error-log-ecs",
            "type": "search",
            "version": 1
        },
        {
            "attributes": {
                "description": "",
                "kibanaSavedObjectMeta": {
                    "searchSourceJSON": "{\"filter\": []}"
                },
                "savedSearchId": "Filebeat-MySQL-error-log-ecs",
                "title": "Error logs levels breakdown [Filebeat MySQL] ECS",
                "uiStateJSON": "{\"vis\": {\"colors\": {\"ERROR\": \"#E24D42\", \"Note\": \"#9AC48A\", \"Warning\": \"#F9934E\"}}}",
                "version": 1,
                "visState": "{\"type\": \"pie\", \"title\": \"Error logs levels breakdown [Filebeat MySQL] ECS\", \"aggs\": [{\"schema\": \"metric\", \"type\": \"count\", \"enabled\": true, \"id\": \"1\", \"params\": {}}, {\"schema\": \"segment\", \"type\": \"terms\", \"enabled\": true, \"id\": \"2\", \"params\": {\"field\": \"log.level\", \"orderBy\": \"1\", \"size\": 5, \"order\": \"desc\"}}], \"params\": {\"isDonut\": false, \"legendPosition\": \"bottom\", \"shareYAxis\": true, \"addTooltip\": true, \"type\": \"pie\", \"addLegend\": true}}"
            },
            "id": "MySQL-Error-logs-levels-ecs",
            "type": "visualization",
            "version": 1
        },
        {
            "attributes": {
                "description": "",
                "kibanaSavedObjectMeta": {
                    "searchSourceJSON": "{\"filter\": []}"
                },
                "savedSearchId": "Filebeat-MySQL-Slow-log-ecs",
                "title": "Slow logs breakdown [Filebeat MySQL] ECS",
                "uiStateJSON": "{}",
                "version": 1,
                "visState": "{\"type\": \"pie\", \"title\": \"Slow logs breakdown [Filebeat MySQL] ECS\", \"aggs\": [{\"schema\": \"metric\", \"type\": \"count\", \"enabled\": true, \"id\": \"1\", \"params\": {}}, {\"schema\": \"segment\", \"type\": \"terms\", \"enabled\": true, \"id\": \"2\", \"params\": {\"field\": \"mysql.slowlog.query\", \"orderBy\": \"1\", \"size\": 5, \"order\": \"desc\"}}], \"params\": {\"isDonut\": false, \"legendPosition\": \"bottom\", \"shareYAxis\": true, \"addTooltip\": true, \"type\": \"pie\", \"addLegend\": true}}"
            },
            "id": "MySQL-Slow-logs-by-count-ecs",
            "type": "visualization",
            "version": 1
        },
        {
            "attributes": {
                "columns": [
                    "_source"
                ],
                "description": "",
                "hits": 0,
                "kibanaSavedObjectMeta": {
                    "searchSourceJSON": "{\"highlight\": {\"fragment_size\": 2147483647, \"pre_tags\": [\"@kibana-highlighted-field@\"], \"fields\": {\"*\": {}}, \"require_field_match\": false, \"post_tags\": [\"@/kibana-highlighted-field@\"]}, \"filter\": [{\"$state\": {\"store\": \"appState\"}, \"query\": {\"match\": {\"event.module\": {\"query\": \"mysql\", \"type\": \"phrase\"}}}, \"meta\": {\"value\": \"mysql\", \"alias\": null, \"disabled\": false, \"type\": \"phrase\", \"key\": \"event.module\", \"params\": {\"query\": \"mysql\", \"type\": \"phrase\"}, \"negate\": false, \"index\": \"filebeat-*\"}}, {\"$state\": {\"store\": \"appState\"}, \"query\": {\"match\": {\"fileset.name\": {\"query\": \"slowlog\", \"type\": \"phrase\"}}}, \"meta\": {\"value\": \"slowlog\", \"alias\": null, \"disabled\": false, \"type\": \"phrase\", \"key\": \"fileset.name\", \"params\": {\"query\": \"slowlog\", \"type\": \"phrase\"}, \"negate\": false, \"index\": \"filebeat-*\"}}], \"highlightAll\": true, \"query\": {\"query\": \"\", \"language\": \"kuery\"}, \"version\": true, \"index\": \"filebeat-*\"}"
                },
                "sort": [
                    "@timestamp",
                    "desc"
                ],
                "title": "Slow logs [Filebeat MySQL] ECS",
                "version": 1
            },
            "id": "Filebeat-MySQL-Slow-log-ecs",
            "type": "search",
            "version": 1
        },
        {
            "attributes": {
                "description": "Overview dashboard for the Filebeat MySQL module",
                "hits": 0,
                "kibanaSavedObjectMeta": {
                    "searchSourceJSON": "{\"query\": {\"query\": \"\", \"language\": \"kuery\"}, \"filter\": [], \"highlightAll\": true, \"version\": true}"
                },
                "optionsJSON": "{\"darkTheme\": false}",
                "panelsJSON": "[{\"size_y\": 4, \"id\": \"MySQL-slowest-queries-ecs\", \"type\": \"visualization\", \"size_x\": 6, \"panelIndex\": 1, \"col\": 1, \"row\": 8}, {\"size_y\": 3, \"id\": \"MySQL-Slow-queries-over-time-ecs\", \"type\": \"visualization\", \"size_x\": 6, \"panelIndex\": 2, \"col\": 1, \"row\": 1}, {\"size_y\": 3, \"id\": \"MySQL-error-logs-ecs\", \"type\": \"visualization\", \"size_x\": 6, \"panelIndex\": 3, \"col\": 7, \"row\": 1}, {\"size_y\": 5, \"sort\": [\"@timestamp\", \"desc\"], \"id\": \"Filebeat-MySQL-error-log-ecs\", \"type\": \"search\", \"size_x\": 6, \"panelIndex\": 4, \"columns\": [\"log.level\", \"message\"], \"col\": 7, \"row\": 8}, {\"size_y\": 4, \"id\": \"MySQL-Error-logs-levels-ecs\", \"type\": \"visualization\", \"size_x\": 6, \"panelIndex\": 5, \"col\": 7, \"row\": 4}, {\"size_y\": 4, \"id\": \"MySQL-Slow-logs-by-count-ecs\", \"type\": \"visualization\", \"size_x\": 6, \"panelIndex\": 6, \"col\": 1, \"row\": 4}]",
                "timeRestore": false,
                "title": "[Filebeat MySQL] Overview ECS",
                "uiStateJSON": "{\"P-1\": {\"vis\": {\"params\": {\"sort\": {\"columnIndex\": null, \"direction\": null}}}}}",
                "version": 1
            },
            "id": "Filebeat-MySQL-Dashboard-ecs",
            "type": "dashboard",
            "version": 2
        }
    ],
    "version": "6.0.0-beta1-SNAPSHOT"
}