{
    "objects": [
        {
            "attributes": {
                "description": "Overview of Netflow",
                "hits": 0,
                "kibanaSavedObjectMeta": {
                    "searchSourceJSON": "{\"filter\": [{\"$state\": {\"store\": \"globalState\"}, \"query\": {\"match\": {\"input.type\": {\"query\": \"netflow\", \"type\": \"phrase\"}}}, \"meta\": {\"negate\": false, \"value\": \"netflow\", \"indexRefName\": \"kibanaSavedObjectMeta.searchSourceJSON.filter[0].meta.index\", \"disabled\": false, \"type\": \"phrase\", \"params\": {\"query\": \"netflow\"}, \"key\": \"input.type\", \"alias\": null}}], \"highlightAll\": true, \"version\": true}"
                },
                "optionsJSON": "{\"darkTheme\": false}",
                "panelsJSON": "[{\"size_y\": 2, \"size_x\": 4, \"panelIndex\": 12, \"panelRefName\": \"panel_0\", \"col\": 1, \"row\": 2}, {\"size_y\": 2, \"size_x\": 4, \"panelIndex\": 13, \"panelRefName\": \"panel_1\", \"col\": 5, \"row\": 2}, {\"size_y\": 2, \"size_x\": 4, \"panelIndex\": 14, \"panelRefName\": \"panel_2\", \"col\": 9, \"row\": 2}, {\"size_y\": 2, \"size_x\": 4, \"panelIndex\": 15, \"panelRefName\": \"panel_3\", \"col\": 5, \"row\": 4}, {\"size_y\": 1, \"size_x\": 12, \"panelIndex\": 17, \"panelRefName\": \"panel_4\", \"col\": 1, \"row\": 1}, {\"size_y\": 2, \"size_x\": 4, \"panelIndex\": 21, \"panelRefName\": \"panel_5\", \"col\": 9, \"row\": 4}, {\"size_y\": 2, \"size_x\": 4, \"panelIndex\": 22, \"panelRefName\": \"panel_6\", \"col\": 5, \"row\": 6}, {\"size_y\": 2, \"size_x\": 4, \"panelIndex\": 23, \"panelRefName\": \"panel_7\", \"col\": 1, \"row\": 4}, {\"size_y\": 2, \"size_x\": 4, \"panelIndex\": 24, \"panelRefName\": \"panel_8\", \"col\": 1, \"row\": 6}, {\"size_y\": 2, \"size_x\": 4, \"panelIndex\": 25, \"panelRefName\": \"panel_9\", \"col\": 9, \"row\": 6}, {\"size_y\": 2, \"size_x\": 4, \"panelIndex\": 26, \"panelRefName\": \"panel_10\", \"col\": 1, \"row\": 8}, {\"size_y\": 2, \"size_x\": 4, \"panelIndex\": 27, \"panelRefName\": \"panel_11\", \"col\": 5, \"row\": 8}, {\"size_y\": 2, \"size_x\": 4, \"panelIndex\": 29, \"panelRefName\": \"panel_12\", \"col\": 9, \"row\": 8}]",
                "timeRestore": false,
                "title": "[Filebeat Netflow] Overview",
                "uiStateJSON": "{}",
                "version": 1
            },
            "id": "34e26884-161a-4448-9556-43b5bf2f62a2",
            "migrationVersion": {
                "dashboard": "7.0.0"
            },
            "references": [
                {
                    "id": "filebeat-*",
                    "name": "kibanaSavedObjectMeta.searchSourceJSON.filter[0].meta.index",
                    "type": "index-pattern"
                },
                {
                    "id": "ae334aec-31fa-4df7-a064-40b18831d819",
                    "name": "panel_0",
                    "type": "visualization"
                },
                {
                    "id": "67fdca65-a9df-47f0-a8a4-1e8b056325de",
                    "name": "panel_1",
                    "type": "visualization"
                },
                {
                    "id": "1558508d-591c-49be-bef4-85fdac18a960",
                    "name": "panel_2",
                    "type": "visualization"
                },
                {
                    "id": "1cf30eac-aae8-47fa-a156-37f6346d2d5a",
                    "name": "panel_3",
                    "type": "visualization"
                },
                {
                    "id": "d4e6520a-9ced-47c9-a8f2-7246e8cbd2d3",
                    "name": "panel_4",
                    "type": "visualization"
                },
                {
                    "id": "7fa6cb0a-518d-46e9-a228-15cd4253a957",
                    "name": "panel_5",
                    "type": "visualization"
                },
                {
                    "id": "f772028b-d5a6-4d55-b441-493871981a60",
                    "name": "panel_6",
                    "type": "visualization"
                },
                {
                    "id": "57e13a20-e94f-4465-a942-42148634a1d2",
                    "name": "panel_7",
                    "type": "visualization"
                },
                {
                    "id": "b02c2713-17f0-41dd-88a3-ce33b446f19d",
                    "name": "panel_8",
                    "type": "visualization"
                },
                {
                    "id": "5ccac452-e90a-4dde-ae9b-1be36ce3f761",
                    "name": "panel_9",
                    "type": "visualization"
                },
                {
                    "id": "31708a70-4957-4a8a-8065-5c88a344ad02",
                    "name": "panel_10",
                    "type": "visualization"
                },
                {
                    "id": "b677cd82-b33e-49b3-8b6e-0e110177b163",
                    "name": "panel_11",
                    "type": "visualization"
                },
                {
                    "id": "3dec20c0-0d4f-43ef-8864-3779e1a1b33f",
                    "name": "panel_12",
                    "type": "visualization"
                }
            ],
            "type": "dashboard",
            "updated_at": "2019-07-11T04:44:36.725Z",
            "version": "WzM0MzgsMV0="
        },
        {
            "attributes": {
                "description": "",
                "kibanaSavedObjectMeta": {
                    "searchSourceJSON": "{\"query\": {\"query\": {\"query_string\": {\"query\": \"*\", \"analyze_wildcard\": true}}, \"language\": \"lucene\"}, \"filter\": [], \"indexRefName\": \"kibanaSavedObjectMeta.searchSourceJSON.index\"}"
                },
                "title": "IP Version and Protocols (bytes) [Filebeat Netflow]",
                "uiStateJSON": "{}",
                "version": 1,
                "visState": "{\"type\": \"pie\", \"title\": \"IP Version and Protocols (bytes) [Filebeat Netflow]\", \"aggs\": [{\"schema\": \"metric\", \"type\": \"sum\", \"enabled\": true, \"id\": \"1\", \"params\": {\"field\": \"network.bytes\", \"customLabel\": \"Bytes\"}}, {\"schema\": \"segment\", \"type\": \"terms\", \"enabled\": true, \"id\": \"2\", \"params\": {\"field\": \"network.type\", \"orderBy\": \"1\", \"size\": 5, \"order\": \"desc\", \"missingBucket\": true, \"customLabel\": \"IP Version\", \"otherBucket\": false, \"missingBucketLabel\": \"unset ip version\", \"otherBucketLabel\": \"Other\"}}, {\"schema\": \"segment\", \"type\": \"terms\", \"enabled\": true, \"id\": \"3\", \"params\": {\"field\": \"network.transport\", \"orderBy\": \"1\", \"size\": 50, \"order\": \"desc\", \"missingBucket\": false, \"customLabel\": \"Protocol\", \"otherBucket\": false, \"missingBucketLabel\": \"Missing\", \"otherBucketLabel\": \"Other\"}}], \"params\": {\"isDonut\": true, \"legendPosition\": \"right\", \"dimensions\": {\"buckets\": [{\"accessor\": 0, \"aggType\": \"terms\", \"format\": {\"params\": {\"missingBucketLabel\": \"Missing\", \"otherBucketLabel\": \"Other\", \"id\": \"string\"}, \"id\": \"terms\"}, \"params\": {}}, {\"accessor\": 2, \"aggType\": \"terms\", \"format\": {\"params\": {\"missingBucketLabel\": \"Missing\", \"otherBucketLabel\": \"Other\", \"id\": \"string\"}, \"id\": \"terms\"}, \"params\": {}}], \"metric\": {\"accessor\": 1, \"aggType\": \"sum\", \"format\": {\"id\": \"bytes\"}, \"params\": {}}}, \"addTooltip\": true, \"labels\": {\"last_level\": true, \"show\": false, \"values\": true, \"truncate\": 100}, \"type\": \"pie\", \"addLegend\": true}}"
            },
            "id": "ae334aec-31fa-4df7-a064-40b18831d819",
            "migrationVersion": {
                "visualization": "7.2.0"
            },
            "references": [
                {
                    "id": "filebeat-*",
                    "name": "kibanaSavedObjectMeta.searchSourceJSON.index",
                    "type": "index-pattern"
                }
            ],
            "type": "visualization",
            "updated_at": "2019-07-11T04:44:36.725Z",
            "version": "WzM0MzksMV0="
        },
        {
            "attributes": {
                "description": "",
                "kibanaSavedObjectMeta": {
                    "searchSourceJSON": "{\"query\": {\"query_string\": {\"query\": \"*\", \"analyze_wildcard\": true}}, \"filter\": [], \"indexRefName\": \"kibanaSavedObjectMeta.searchSourceJSON.index\"}"
                },
                "title": "Destinations and Ports (bytes) [Filebeat Netflow]",
                "uiStateJSON": "{}",
                "version": 1,
                "visState": "{\"listeners\": {}, \"type\": \"pie\", \"title\": \"Destinations and Ports (bytes) [Filebeat Netflow]\", \"aggs\": [{\"schema\": \"metric\", \"type\": \"sum\", \"enabled\": true, \"id\": \"1\", \"params\": {\"field\": \"network.bytes\", \"customLabel\": \"Bytes\"}}, {\"schema\": \"segment\", \"type\": \"terms\", \"enabled\": true, \"id\": \"2\", \"params\": {\"field\": \"destination.ip\", \"customLabel\": \"Destination\", \"size\": 10, \"order\": \"desc\", \"orderBy\": \"1\"}}, {\"schema\": \"segment\", \"type\": \"terms\", \"enabled\": true, \"id\": \"3\", \"params\": {\"field\": \"destination.port\", \"customLabel\": \"Port\", \"size\": 10, \"order\": \"desc\", \"orderBy\": \"1\"}}], \"params\": {\"addTooltip\": true, \"isDonut\": true, \"addLegend\": true, \"legendPosition\": \"right\"}}"
            },
            "id": "67fdca65-a9df-47f0-a8a4-1e8b056325de",
            "migrationVersion": {
                "visualization": "7.2.0"
            },
            "references": [
                {
                    "id": "filebeat-*",
                    "name": "kibanaSavedObjectMeta.searchSourceJSON.index",
                    "type": "index-pattern"
                }
            ],
            "type": "visualization",
            "updated_at": "2019-07-11T04:44:36.725Z",
            "version": "WzM0NDAsMV0="
        },
        {
            "attributes": {
                "description": "",
                "kibanaSavedObjectMeta": {
                    "searchSourceJSON": "{\"query\": {\"query_string\": {\"query\": \"*\", \"analyze_wildcard\": true}}, \"filter\": [], \"indexRefName\": \"kibanaSavedObjectMeta.searchSourceJSON.index\"}"
                },
                "title": "Sources and Ports (bytes) [Filebeat Netflow]",
                "uiStateJSON": "{}",
                "version": 1,
                "visState": "{\"listeners\": {}, \"type\": \"pie\", \"title\": \"Sources and Ports (bytes) [Filebeat Netflow]\", \"aggs\": [{\"schema\": \"metric\", \"type\": \"sum\", \"enabled\": true, \"id\": \"1\", \"params\": {\"field\": \"network.bytes\", \"customLabel\": \"Bytes\"}}, {\"schema\": \"segment\", \"type\": \"terms\", \"enabled\": true, \"id\": \"2\", \"params\": {\"field\": \"source.ip\", \"customLabel\": \"Source\", \"size\": 10, \"order\": \"desc\", \"orderBy\": \"1\"}}, {\"schema\": \"segment\", \"type\": \"terms\", \"enabled\": true, \"id\": \"3\", \"params\": {\"field\": \"source.port\", \"customLabel\": \"Port\", \"size\": 10, \"order\": \"desc\", \"orderBy\": \"1\"}}], \"params\": {\"addTooltip\": true, \"isDonut\": true, \"addLegend\": true, \"legendPosition\": \"right\"}}"
            },
            "id": "1558508d-591c-49be-bef4-85fdac18a960",
            "migrationVersion": {
                "visualization": "7.2.0"
            },
            "references": [
                {
                    "id": "filebeat-*",
                    "name": "kibanaSavedObjectMeta.searchSourceJSON.index",
                    "type": "index-pattern"
                }
            ],
            "type": "visualization",
            "updated_at": "2019-07-11T04:44:36.725Z",
            "version": "WzM0NDEsMV0="
        },
        {
            "attributes": {
                "description": "",
                "kibanaSavedObjectMeta": {
                    "searchSourceJSON": "{\"query\": {\"query_string\": {\"query\": \"*\", \"analyze_wildcard\": true}}, \"filter\": [], \"indexRefName\": \"kibanaSavedObjectMeta.searchSourceJSON.index\"}"
                },
                "title": "Types of Service (bytes) [Filebeat Netflow]",
                "uiStateJSON": "{}",
                "version": 1,
                "visState": "{\"listeners\": {}, \"type\": \"pie\", \"title\": \"Types of Service (bytes) [Filebeat Netflow]\", \"aggs\": [{\"schema\": \"metric\", \"type\": \"sum\", \"enabled\": true, \"id\": \"1\", \"params\": {\"field\": \"network.bytes\", \"customLabel\": \"Bytes\"}}, {\"schema\": \"segment\", \"type\": \"terms\", \"enabled\": true, \"id\": \"2\", \"params\": {\"field\": \"netflow.ip_class_of_service\", \"customLabel\": \"Type of Service\", \"size\": 50, \"order\": \"desc\", \"orderBy\": \"1\"}}], \"params\": {\"addTooltip\": true, \"isDonut\": true, \"addLegend\": true, \"legendPosition\": \"right\"}}"
            },
            "id": "1cf30eac-aae8-47fa-a156-37f6346d2d5a",
            "migrationVersion": {
                "visualization": "7.2.0"
            },
            "references": [
                {
                    "id": "filebeat-*",
                    "name": "kibanaSavedObjectMeta.searchSourceJSON.index",
                    "type": "index-pattern"
                }
            ],
            "type": "visualization",
            "updated_at": "2019-07-11T04:44:38.685Z",
            "version": "WzM0NzgsMV0="
        },
        {
            "attributes": {
                "description": "",
                "kibanaSavedObjectMeta": {
                    "searchSourceJSON": "{\"query\": {\"query_string\": {\"query\": \"*\", \"analyze_wildcard\": true}}, \"filter\": []}"
                },
                "title": "Dashboard Navigation [Filebeat Netflow]",
                "uiStateJSON": "{}",
                "version": 1,
                "visState": "{\"listeners\": {}, \"type\": \"markdown\", \"title\": \"Dashboard Navigation [Filebeat Netflow]\", \"aggs\": [], \"params\": {\"markdown\": \"[Overview](#/dashboard/34e26884-161a-4448-9556-43b5bf2f62a2) | [Conversation Partners](#/dashboard/acd7a630-0c71-4840-bc9e-4a3801374a32) | [Traffic Analysis](#/dashboard/38012abe-c611-4124-8497-381fcd85acc8) | [Top-N](#/dashboard/14387a13-53bc-43a4-b9cd-63977aa8d87c) | [Geo Location](#/dashboard/77326664-23be-4bf1-a126-6d7e60cfc024) | [Autonomous Systems](#/dashboard/c64665f9-d222-421e-90b0-c7310d944b8a) | [Flow Exporters](#/dashboard/feebb4e6-b13e-4e4e-b9fc-d3a178276425) | [Raw Flow Records](#/dashboard/94972700-de4a-4272-9143-2fa8d4981365)\\n***\"}}"
            },
            "id": "d4e6520a-9ced-47c9-a8f2-7246e8cbd2d3",
            "migrationVersion": {
                "visualization": "7.2.0"
            },
            "references": [],
            "type": "visualization",
            "updated_at": "2019-07-11T04:44:38.685Z",
            "version": "WzM0NjQsMV0="
        },
        {
            "attributes": {
                "description": "",
                "kibanaSavedObjectMeta": {
                    "searchSourceJSON": "{\"query\": {\"query_string\": {\"query\": \"*\", \"analyze_wildcard\": true}}, \"filter\": [], \"indexRefName\": \"kibanaSavedObjectMeta.searchSourceJSON.index\"}"
                },
                "title": "VLANs (bytes) [Filebeat Netflow]",
                "uiStateJSON": "{}",
                "version": 1,
                "visState": "{\"listeners\": {}, \"type\": \"pie\", \"title\": \"VLANs (bytes) [Filebeat Netflow]\", \"aggs\": [{\"schema\": \"metric\", \"type\": \"sum\", \"enabled\": true, \"id\": \"1\", \"params\": {\"field\": \"network.bytes\", \"customLabel\": \"Bytes\"}}, {\"schema\": \"segment\", \"type\": \"terms\", \"enabled\": true, \"id\": \"2\", \"params\": {\"field\": \"netflow.vlan_id\", \"customLabel\": \"VLAN\", \"size\": 50, \"order\": \"desc\", \"orderBy\": \"1\"}}], \"params\": {\"addTooltip\": true, \"isDonut\": true, \"addLegend\": true, \"legendPosition\": \"right\"}}"
            },
            "id": "7fa6cb0a-518d-46e9-a228-15cd4253a957",
            "migrationVersion": {
                "visualization": "7.2.0"
            },
            "references": [
                {
                    "id": "filebeat-*",
                    "name": "kibanaSavedObjectMeta.searchSourceJSON.index",
                    "type": "index-pattern"
                }
            ],
            "type": "visualization",
            "updated_at": "2019-07-11T04:44:38.685Z",
            "version": "WzM0NzksMV0="
        },
        {
            "attributes": {
                "description": "",
                "kibanaSavedObjectMeta": {
                    "searchSourceJSON": "{\"query\": {\"query_string\": {\"query\": \"*\", \"analyze_wildcard\": true}}, \"filter\": [], \"indexRefName\": \"kibanaSavedObjectMeta.searchSourceJSON.index\"}"
                },
                "title": "Autonomous Systems (bytes) [Filebeat Netflow]",
                "uiStateJSON": "{}",
                "version": 1,
                "visState": "{\"listeners\": {}, \"type\": \"pie\", \"title\": \"Autonomous Systems (bytes) [Filebeat Netflow]\", \"aggs\": [{\"schema\": \"metric\", \"type\": \"sum\", \"enabled\": true, \"id\": \"1\", \"params\": {\"field\": \"network.bytes\", \"customLabel\": \"Bytes\"}}, {\"schema\": \"segment\", \"type\": \"terms\", \"enabled\": true, \"id\": \"2\", \"params\": {\"field\": \"destination.as.organization.name\", \"customLabel\": \"Autonomous System\", \"size\": 50, \"order\": \"desc\", \"orderBy\": \"1\"}}], \"params\": {\"addTooltip\": true, \"isDonut\": true, \"addLegend\": true, \"legendPosition\": \"right\"}}"
            },
            "id": "f772028b-d5a6-4d55-b441-493871981a60",
            "migrationVersion": {
                "visualization": "7.2.0"
            },
            "references": [
                {
                    "id": "filebeat-*",
                    "name": "kibanaSavedObjectMeta.searchSourceJSON.index",
                    "type": "index-pattern"
                }
            ],
            "type": "visualization",
            "updated_at": "2019-07-11T04:44:38.685Z",
            "version": "WzM0ODEsMV0="
        },
        {
            "attributes": {
                "description": "",
                "kibanaSavedObjectMeta": {
                    "searchSourceJSON": "{\"query\": {\"query_string\": {\"query\": \"*\", \"analyze_wildcard\": true}}, \"filter\": [], \"indexRefName\": \"kibanaSavedObjectMeta.searchSourceJSON.index\"}"
                },
                "title": "TCP Flags (bytes) [Filebeat Netflow]",
                "uiStateJSON": "{}",
                "version": 1,
                "visState": "{\"listeners\": {}, \"type\": \"pie\", \"title\": \"TCP Flags (bytes) [Filebeat Netflow]\", \"aggs\": [{\"schema\": \"metric\", \"type\": \"sum\", \"enabled\": true, \"id\": \"1\", \"params\": {\"field\": \"network.bytes\", \"customLabel\": \"Bytes\"}}, {\"schema\": \"segment\", \"type\": \"terms\", \"enabled\": true, \"id\": \"2\", \"params\": {\"field\": \"netflow.tcp_control_bits\", \"customLabel\": \"TCP Flags\", \"size\": 255, \"order\": \"desc\", \"orderBy\": \"1\"}}], \"params\": {\"addTooltip\": true, \"isDonut\": true, \"addLegend\": true, \"legendPosition\": \"right\"}}"
            },
            "id": "57e13a20-e94f-4465-a942-42148634a1d2",
            "migrationVersion": {
                "visualization": "7.2.0"
            },
            "references": [
                {
                    "id": "filebeat-*",
                    "name": "kibanaSavedObjectMeta.searchSourceJSON.index",
                    "type": "index-pattern"
                }
            ],
            "type": "visualization",
            "updated_at": "2019-07-11T04:44:38.685Z",
            "version": "WzM0ODAsMV0="
        },
        {
            "attributes": {
                "description": "",
                "kibanaSavedObjectMeta": {
                    "searchSourceJSON": "{\"query\": {\"query_string\": {\"query\": \"*\", \"analyze_wildcard\": true}}, \"filter\": [], \"indexRefName\": \"kibanaSavedObjectMeta.searchSourceJSON.index\"}"
                },
                "title": "Locality (bytes) [Filebeat Netflow]",
                "uiStateJSON": "{}",
                "version": 1,
                "visState": "{\"listeners\": {}, \"type\": \"pie\", \"title\": \"Locality (bytes) [Filebeat Netflow]\", \"aggs\": [{\"schema\": \"metric\", \"type\": \"sum\", \"enabled\": true, \"id\": \"1\", \"params\": {\"field\": \"network.bytes\", \"customLabel\": \"Bytes\"}}, {\"schema\": \"segment\", \"type\": \"terms\", \"enabled\": true, \"id\": \"2\", \"params\": {\"field\": \"flow.locality\", \"customLabel\": \"Locality\", \"size\": 5, \"order\": \"desc\", \"orderBy\": \"1\"}}], \"params\": {\"addTooltip\": true, \"isDonut\": true, \"addLegend\": true, \"legendPosition\": \"right\"}}"
            },
            "id": "b02c2713-17f0-41dd-88a3-ce33b446f19d",
            "migrationVersion": {
                "visualization": "7.2.0"
            },
            "references": [
                {
                    "id": "filebeat-*",
                    "name": "kibanaSavedObjectMeta.searchSourceJSON.index",
                    "type": "index-pattern"
                }
            ],
            "type": "visualization",
            "updated_at": "2019-07-11T04:44:36.725Z",
            "version": "WzM0NDcsMV0="
        },
        {
            "attributes": {
                "description": "",
                "kibanaSavedObjectMeta": {
                    "searchSourceJSON": "{\"query\": {\"query_string\": {\"query\": \"*\", \"analyze_wildcard\": true}}, \"filter\": [], \"indexRefName\": \"kibanaSavedObjectMeta.searchSourceJSON.index\"}"
                },
                "title": "Countries and Cities (bytes) [Filebeat Netflow]",
                "uiStateJSON": "{}",
                "version": 1,
                "visState": "{\"listeners\": {}, \"type\": \"pie\", \"title\": \"Countries and Cities (bytes) [Filebeat Netflow]\", \"aggs\": [{\"schema\": \"metric\", \"type\": \"sum\", \"enabled\": true, \"id\": \"1\", \"params\": {\"field\": \"network.bytes\", \"customLabel\": \"Bytes\"}}, {\"schema\": \"segment\", \"type\": \"terms\", \"enabled\": true, \"id\": \"2\", \"params\": {\"field\": \"destination.geo.country_name\", \"customLabel\": \"Country\", \"size\": 10, \"order\": \"desc\", \"orderBy\": \"1\"}}, {\"schema\": \"segment\", \"type\": \"terms\", \"enabled\": true, \"id\": \"3\", \"params\": {\"field\": \"destination.geo.city_name\", \"customLabel\": \"City\", \"size\": 10, \"order\": \"desc\", \"orderBy\": \"1\"}}], \"params\": {\"addTooltip\": true, \"isDonut\": true, \"addLegend\": true, \"legendPosition\": \"right\"}}"
            },
            "id": "5ccac452-e90a-4dde-ae9b-1be36ce3f761",
            "migrationVersion": {
                "visualization": "7.2.0"
            },
            "references": [
                {
                    "id": "filebeat-*",
                    "name": "kibanaSavedObjectMeta.searchSourceJSON.index",
                    "type": "index-pattern"
                }
            ],
            "type": "visualization",
            "updated_at": "2019-07-11T04:44:36.725Z",
            "version": "WzM0NDgsMV0="
        },
        {
            "attributes": {
                "description": "",
                "kibanaSavedObjectMeta": {
                    "searchSourceJSON": "{\"query\": {\"query_string\": {\"query\": \"*\", \"analyze_wildcard\": true}}, \"filter\": [], \"indexRefName\": \"kibanaSavedObjectMeta.searchSourceJSON.index\"}"
                },
                "title": "Flow Exporters (bytes) [Filebeat Netflow]",
                "uiStateJSON": "{}",
                "version": 1,
                "visState": "{\"listeners\": {}, \"type\": \"pie\", \"title\": \"Flow Exporters (bytes) [Filebeat Netflow]\", \"aggs\": [{\"schema\": \"metric\", \"type\": \"sum\", \"enabled\": true, \"id\": \"1\", \"params\": {\"field\": \"network.bytes\", \"customLabel\": \"Bytes\"}}, {\"schema\": \"segment\", \"type\": \"terms\", \"enabled\": true, \"id\": \"2\", \"params\": {\"field\": \"agent.hostname\", \"customLabel\": \"Flow Exporter\", \"size\": 50, \"order\": \"desc\", \"orderBy\": \"1\"}}], \"params\": {\"addTooltip\": true, \"isDonut\": true, \"addLegend\": true, \"legendPosition\": \"right\"}}"
            },
            "id": "31708a70-4957-4a8a-8065-5c88a344ad02",
            "migrationVersion": {
                "visualization": "7.2.0"
            },
            "references": [
                {
                    "id": "filebeat-*",
                    "name": "kibanaSavedObjectMeta.searchSourceJSON.index",
                    "type": "index-pattern"
                }
            ],
            "type": "visualization",
            "updated_at": "2019-07-11T04:44:36.725Z",
            "version": "WzM0NDksMV0="
        },
        {
            "attributes": {
                "description": "",
                "kibanaSavedObjectMeta": {
                    "searchSourceJSON": "{\"query\": {\"query_string\": {\"query\": \"*\", \"analyze_wildcard\": true}}, \"filter\": [], \"indexRefName\": \"kibanaSavedObjectMeta.searchSourceJSON.index\"}"
                },
                "title": "Direction (bytes) [Filebeat Netflow]",
                "uiStateJSON": "{}",
                "version": 1,
                "visState": "{\"listeners\": {}, \"type\": \"pie\", \"title\": \"Direction (bytes) [Filebeat Netflow]\", \"aggs\": [{\"schema\": \"metric\", \"type\": \"sum\", \"enabled\": true, \"id\": \"1\", \"params\": {\"field\": \"network.bytes\", \"customLabel\": \"Bytes\"}}, {\"schema\": \"segment\", \"type\": \"terms\", \"enabled\": true, \"id\": \"2\", \"params\": {\"field\": \"network.direction\", \"customLabel\": \"Direction\", \"size\": 5, \"order\": \"desc\", \"orderBy\": \"1\"}}], \"params\": {\"addTooltip\": true, \"isDonut\": true, \"addLegend\": true, \"legendPosition\": \"right\"}}"
            },
            "id": "b677cd82-b33e-49b3-8b6e-0e110177b163",
            "migrationVersion": {
                "visualization": "7.2.0"
            },
            "references": [
                {
                    "id": "filebeat-*",
                    "name": "kibanaSavedObjectMeta.searchSourceJSON.index",
                    "type": "index-pattern"
                }
            ],
            "type": "visualization",
            "updated_at": "2019-07-11T04:44:36.725Z",
            "version": "WzM0NTAsMV0="
        },
        {
            "attributes": {
                "description": "",
                "kibanaSavedObjectMeta": {
                    "searchSourceJSON": "{\"query\": {\"query_string\": {\"query\": \"*\", \"analyze_wildcard\": true}}, \"filter\": [], \"indexRefName\": \"kibanaSavedObjectMeta.searchSourceJSON.index\"}"
                },
                "title": "Version (bytes) [Filebeat Netflow]",
                "uiStateJSON": "{}",
                "version": 1,
                "visState": "{\"listeners\": {}, \"type\": \"pie\", \"title\": \"Version (bytes) [Filebeat Netflow]\", \"aggs\": [{\"schema\": \"metric\", \"type\": \"sum\", \"enabled\": true, \"id\": \"1\", \"params\": {\"field\": \"network.bytes\", \"customLabel\": \"Bytes\"}}, {\"schema\": \"segment\", \"type\": \"terms\", \"enabled\": true, \"id\": \"2\", \"params\": {\"field\": \"netflow.exporter.version\", \"customLabel\": \"Version\", \"size\": 5, \"order\": \"desc\", \"orderBy\": \"1\"}}], \"params\": {\"addTooltip\": true, \"isDonut\": true, \"addLegend\": true, \"legendPosition\": \"right\"}}"
            },
            "id": "3dec20c0-0d4f-43ef-8864-3779e1a1b33f",
            "migrationVersion": {
                "visualization": "7.2.0"
            },
            "references": [
                {
                    "id": "filebeat-*",
                    "name": "kibanaSavedObjectMeta.searchSourceJSON.index",
                    "type": "index-pattern"
                }
            ],
            "type": "visualization",
            "updated_at": "2019-07-11T04:44:36.725Z",
            "version": "WzM0NTEsMV0="
        }
    ],
    "version": "7.2.0"
}