{
    "objects": [
        {
            "attributes": {
                "description": "",
                "kibanaSavedObjectMeta": {
                    "searchSourceJSON": "{\"query\": {\"query\": \"\", \"language\": \"kuery\"}, \"filter\": []}"
                },
                "title": "Description [Filebeat Santa] ECS",
                "uiStateJSON": "{}",
                "version": 1,
                "visState": "{\"type\": \"markdown\", \"title\": \"Description [Filebeat Santa] ECS\", \"aggs\": [], \"params\": {\"fontSize\": 12, \"markdown\": \"![Santa Icon](https://raw.githubusercontent.com/google/santa/master/Source/SantaGUI/Resources/Images.xcassets/AppIcon.appiconset/santa-hat-icon-128.png)\\n\\nGoogle Santa is a binary whitelisting/blacklisting system for macOS that monitors process executions.\", \"openLinksInNewTab\": false}}"
            },
            "id": "dad521d0-ff69-11e8-93c5-d5ecd1b3e307-ecs",
            "type": "visualization",
            "updated_at": "2018-12-14T06:31:14.285Z",
            "version": 1
        },
        {
            "attributes": {
                "description": "",
                "kibanaSavedObjectMeta": {
                    "searchSourceJSON": "{\"query\": {\"query\": \"\", \"language\": \"kuery\"}, \"filter\": []}"
                },
                "title": "Decisions [Filebeat Santa] ECS",
                "uiStateJSON": "{}",
                "version": 1,
                "visState": "{\"type\": \"metrics\", \"title\": \"Decisions [Filebeat Santa] ECS\", \"aggs\": [], \"params\": {\"filter\": \"event.module:santa AND event.dataset:log\", \"type\": \"timeseries\", \"series\": [{\"fill\": 0.5, \"chart_type\": \"line\", \"formatter\": \"number\", \"axis_position\": \"right\", \"terms_field\": \"santa.decision\", \"color\": \"#68BC00\", \"stacked\": \"none\", \"metrics\": [{\"id\": \"61ca57f2-469d-11e7-af02-69e470af7417\", \"type\": \"count\"}], \"id\": \"61ca57f1-469d-11e7-af02-69e470af7417\", \"split_mode\": \"terms\", \"separate_axis\": 0, \"point_size\": 1, \"line_width\": 1, \"label\": \"Decision\"}], \"axis_formatter\": \"number\", \"time_field\": \"@timestamp\", \"axis_scale\": \"normal\", \"id\": \"61ca57f0-469d-11e7-af02-69e470af7417\", \"index_pattern\": \"filebeat-*\", \"interval\": \"auto\", \"show_legend\": 1, \"axis_position\": \"left\", \"show_grid\": 1}}"
            },
            "id": "1579d690-ff6b-11e8-93c5-d5ecd1b3e307-ecs",
            "type": "visualization",
            "updated_at": "2018-12-14T06:40:02.169Z",
            "version": 1
        },
        {
            "attributes": {
                "description": "",
                "kibanaSavedObjectMeta": {
                    "searchSourceJSON": "{\"query\": {\"query\": \"\", \"language\": \"kuery\"}, \"filter\": []}"
                },
                "savedSearchId": "6d56a010-ff6a-11e8-93c5-d5ecd1b3e307-ecs",
                "title": "Total Events [Filebeat Santa] ECS",
                "uiStateJSON": "{}",
                "version": 1,
                "visState": "{\"type\": \"metric\", \"title\": \"Total Events [Filebeat Santa] ECS\", \"aggs\": [{\"schema\": \"metric\", \"type\": \"count\", \"enabled\": true, \"id\": \"1\", \"params\": {\"customLabel\": \"Total Events\"}}], \"params\": {\"addTooltip\": true, \"metric\": {\"useRanges\": false, \"style\": {\"fontSize\": 60, \"bgFill\": \"#000\", \"bgColor\": false, \"labelColor\": false, \"subText\": \"\"}, \"colorSchema\": \"Green to Red\", \"percentageMode\": false, \"colorsRange\": [{\"to\": 10000, \"from\": 0}], \"metricColorMode\": \"None\", \"labels\": {\"show\": true}, \"invertColors\": false}, \"addLegend\": false, \"type\": \"metric\"}}"
            },
            "id": "51677b80-ff6b-11e8-93c5-d5ecd1b3e307-ecs",
            "type": "visualization",
            "updated_at": "2018-12-14T06:41:42.712Z",
            "version": 1
        },
        {
            "attributes": {
                "description": "",
                "kibanaSavedObjectMeta": {
                    "searchSourceJSON": "{\"query\": {\"query\": \"\", \"language\": \"kuery\"}, \"filter\": []}"
                },
                "savedSearchId": "6d56a010-ff6a-11e8-93c5-d5ecd1b3e307-ecs",
                "title": "Decision and Reason [Filebeat Santa] ECS",
                "uiStateJSON": "{\"vis\": {\"colors\": {\"ALLOW\": \"#7EB26D\"}}}",
                "version": 1,
                "visState": "{\"type\": \"pie\", \"title\": \"Decision and Reason [Filebeat Santa] ECS\", \"aggs\": [{\"schema\": \"metric\", \"type\": \"count\", \"enabled\": true, \"id\": \"1\", \"params\": {}}, {\"schema\": \"segment\", \"type\": \"terms\", \"enabled\": true, \"id\": \"2\", \"params\": {\"field\": \"santa.decision\", \"orderBy\": \"1\", \"size\": 5, \"order\": \"desc\", \"missingBucket\": false, \"customLabel\": \"Decision\", \"otherBucket\": false, \"missingBucketLabel\": \"Missing\", \"otherBucketLabel\": \"Other\"}}, {\"schema\": \"segment\", \"type\": \"terms\", \"enabled\": true, \"id\": \"3\", \"params\": {\"field\": \"santa.reason\", \"orderBy\": \"1\", \"size\": 5, \"order\": \"desc\", \"missingBucket\": false, \"customLabel\": \"Reason\", \"otherBucket\": false, \"missingBucketLabel\": \"Missing\", \"otherBucketLabel\": \"Other\"}}], \"params\": {\"isDonut\": true, \"legendPosition\": \"right\", \"type\": \"pie\", \"addTooltip\": true, \"labels\": {\"last_level\": true, \"show\": false, \"values\": true, \"truncate\": 100}, \"addLegend\": true}}"
            },
            "id": "30962fe0-ff6c-11e8-93c5-d5ecd1b3e307-ecs",
            "type": "visualization",
            "updated_at": "2018-12-14T06:47:57.150Z",
            "version": 1
        },
        {
            "attributes": {
                "description": "",
                "kibanaSavedObjectMeta": {
                    "searchSourceJSON": "{\"query\": {\"query\": \"\", \"language\": \"kuery\"}, \"filter\": []}"
                },
                "savedSearchId": "6d56a010-ff6a-11e8-93c5-d5ecd1b3e307-ecs",
                "title": "Num of Hosts Reporting [Filebeat Santa] ECS",
                "uiStateJSON": "{}",
                "version": 1,
                "visState": "{\"type\": \"metric\", \"title\": \"Num of Hosts Reporting [Filebeat Santa] ECS\", \"aggs\": [{\"schema\": \"metric\", \"type\": \"cardinality\", \"enabled\": true, \"id\": \"1\", \"params\": {\"field\": \"agent.hostname\", \"customLabel\": \"Hosts Reporting\"}}], \"params\": {\"addTooltip\": true, \"metric\": {\"useRanges\": false, \"style\": {\"fontSize\": 60, \"bgFill\": \"#000\", \"bgColor\": false, \"labelColor\": false, \"subText\": \"\"}, \"colorSchema\": \"Green to Red\", \"percentageMode\": false, \"colorsRange\": [{\"to\": 10000, \"from\": 0}], \"metricColorMode\": \"None\", \"labels\": {\"show\": true}, \"invertColors\": false}, \"addLegend\": false, \"type\": \"metric\"}}"
            },
            "id": "b06c0460-ff6c-11e8-93c5-d5ecd1b3e307-ecs",
            "type": "visualization",
            "updated_at": "2018-12-14T06:51:31.622Z",
            "version": 1
        },
        {
            "attributes": {
                "description": "",
                "kibanaSavedObjectMeta": {
                    "searchSourceJSON": "{\"query\": {\"query\": \"\", \"language\": \"kuery\"}, \"filter\": []}"
                },
                "savedSearchId": "6d56a010-ff6a-11e8-93c5-d5ecd1b3e307-ecs",
                "title": "Code Signers [Filebeat Santa] ECS",
                "uiStateJSON": "{}",
                "version": 1,
                "visState": "{\"type\": \"tagcloud\", \"title\": \"Code Signers [Filebeat Santa] ECS\", \"aggs\": [{\"schema\": \"metric\", \"type\": \"count\", \"enabled\": true, \"id\": \"1\", \"params\": {}}, {\"schema\": \"segment\", \"type\": \"terms\", \"enabled\": true, \"id\": \"2\", \"params\": {\"field\": \"certificate.common_name\", \"orderBy\": \"1\", \"order\": \"desc\", \"missingBucket\": false, \"missingBucketLabel\": \"Missing\", \"otherBucket\": false, \"size\": 5, \"otherBucketLabel\": \"Other\"}}], \"params\": {\"showLabel\": true, \"orientation\": \"single\", \"maxFontSize\": 39, \"scale\": \"linear\", \"minFontSize\": 12}}"
            },
            "id": "11858000-ff6d-11e8-93c5-d5ecd1b3e307-ecs",
            "type": "visualization",
            "updated_at": "2018-12-14T06:57:58.885Z",
            "version": 2
        },
        {
            "attributes": {
                "columns": [
                    "agent.hostname",
                    "process.executable",
                    "user.name",
                    "certificate.common_name"
                ],
                "description": "",
                "hits": 0,
                "kibanaSavedObjectMeta": {
                    "searchSourceJSON": "{\"version\": true, \"query\": {\"query\": \"\", \"language\": \"kuery\"}, \"filter\": [{\"$state\": {\"store\": \"appState\"}, \"query\": {\"match\": {\"event.module\": {\"query\": \"santa\", \"type\": \"phrase\"}}}, \"meta\": {\"value\": \"santa\", \"alias\": null, \"disabled\": false, \"type\": \"phrase\", \"key\": \"event.module\", \"params\": {\"query\": \"santa\", \"type\": \"phrase\"}, \"negate\": false, \"index\": \"filebeat-*\"}}, {\"$state\": {\"store\": \"appState\"}, \"query\": {\"match\": {\"event.dataset\": {\"query\": \"log\", \"type\": \"phrase\"}}}, \"meta\": {\"value\": \"log\", \"alias\": null, \"disabled\": false, \"type\": \"phrase\", \"key\": \"event.dataset\", \"params\": {\"query\": \"log\", \"type\": \"phrase\"}, \"negate\": false, \"index\": \"filebeat-*\"}}], \"highlightAll\": true, \"index\": \"filebeat-*\"}"
                },
                "sort": [
                    "@timestamp",
                    "desc"
                ],
                "title": "Santa Logs Search [Filebeat Santa] ECS",
                "version": 1
            },
            "id": "6d56a010-ff6a-11e8-93c5-d5ecd1b3e307-ecs",
            "type": "search",
            "updated_at": "2018-12-14T06:57:11.037Z",
            "version": 2
        },
        {
            "attributes": {
                "description": "Process executions on macOS monitored by Google Santa.",
                "hits": 0,
                "kibanaSavedObjectMeta": {
                    "searchSourceJSON": "{\"query\": {\"query\": \"\", \"language\": \"kuery\"}, \"filter\": []}"
                },
                "optionsJSON": "{\"darkTheme\": false, \"useMargins\": true, \"hidePanelTitles\": false}",
                "panelsJSON": "[{\"id\": \"dad521d0-ff69-11e8-93c5-d5ecd1b3e307-ecs\", \"gridData\": {\"w\": 10, \"i\": \"1\", \"h\": 12, \"y\": 0, \"x\": 0}, \"type\": \"visualization\", \"panelIndex\": \"1\", \"embeddableConfig\": {}, \"version\": \"7.0.0-alpha1-SNAPSHOT\"}, {\"id\": \"1579d690-ff6b-11e8-93c5-d5ecd1b3e307-ecs\", \"gridData\": {\"w\": 38, \"i\": \"2\", \"h\": 12, \"y\": 0, \"x\": 10}, \"type\": \"visualization\", \"panelIndex\": \"2\", \"embeddableConfig\": {}, \"version\": \"7.0.0-alpha1-SNAPSHOT\"}, {\"id\": \"51677b80-ff6b-11e8-93c5-d5ecd1b3e307-ecs\", \"gridData\": {\"w\": 10, \"i\": \"3\", \"h\": 10, \"y\": 12, \"x\": 8}, \"type\": \"visualization\", \"panelIndex\": \"3\", \"embeddableConfig\": {}, \"version\": \"7.0.0-alpha1-SNAPSHOT\"}, {\"id\": \"30962fe0-ff6c-11e8-93c5-d5ecd1b3e307-ecs\", \"gridData\": {\"w\": 12, \"i\": \"4\", \"h\": 10, \"y\": 12, \"x\": 36}, \"type\": \"visualization\", \"panelIndex\": \"4\", \"embeddableConfig\": {}, \"version\": \"7.0.0-alpha1-SNAPSHOT\"}, {\"id\": \"b06c0460-ff6c-11e8-93c5-d5ecd1b3e307-ecs\", \"gridData\": {\"w\": 8, \"i\": \"5\", \"h\": 10, \"y\": 12, \"x\": 0}, \"type\": \"visualization\", \"panelIndex\": \"5\", \"embeddableConfig\": {}, \"version\": \"7.0.0-alpha1-SNAPSHOT\"}, {\"id\": \"11858000-ff6d-11e8-93c5-d5ecd1b3e307-ecs\", \"gridData\": {\"w\": 18, \"i\": \"6\", \"h\": 10, \"y\": 12, \"x\": 18}, \"type\": \"visualization\", \"panelIndex\": \"6\", \"embeddableConfig\": {}, \"version\": \"7.0.0-alpha1-SNAPSHOT\"}, {\"id\": \"6d56a010-ff6a-11e8-93c5-d5ecd1b3e307-ecs\", \"gridData\": {\"w\": 48, \"i\": \"7\", \"h\": 10, \"y\": 22, \"x\": 0}, \"type\": \"search\", \"panelIndex\": \"7\", \"embeddableConfig\": {}, \"version\": \"7.0.0-alpha1-SNAPSHOT\"}]",
                "timeRestore": false,
                "title": "[Filebeat Santa] Overview ECS",
                "version": 1
            },
            "id": "161855f0-ff6a-11e8-93c5-d5ecd1b3e307-ecs",
            "type": "dashboard",
            "updated_at": "2018-12-14T06:58:23.367Z",
            "version": 5
        }
    ],
    "version": "7.0.0-alpha1-SNAPSHOT"
}