{
    "objects": [
        {
            "attributes": {
                "description": "",
                "kibanaSavedObjectMeta": {
                    "searchSourceJSON": "{\"query\": {\"query\": \"\", \"language\": \"kuery\"}, \"filter\": []}"
                },
                "savedSearchId": "PostgreSQL Query Durations-ecs",
                "title": "Query count and cumulated duration [Filebeat PostgreSQL] ECS",
                "uiStateJSON": "{\"vis\": {\"legendOpen\": true, \"colors\": {\"Number of queries\": \"#0A437C\", \"Sum of query duration\": \"#6ED0E0\"}}}",
                "version": 1,
                "visState": "{\"type\": \"histogram\", \"title\": \"Query count and cumulated duration [Filebeat PostgreSQL] ECS\", \"aggs\": [{\"schema\": \"segment\", \"type\": \"date_histogram\", \"enabled\": true, \"id\": \"3\", \"params\": {\"field\": \"@timestamp\", \"interval\": \"auto\", \"extended_bounds\": {}, \"customInterval\": \"2h\", \"min_doc_count\": 1}}, {\"schema\": \"metric\", \"type\": \"count\", \"enabled\": true, \"id\": \"4\", \"params\": {\"customLabel\": \"Number of queries\"}}, {\"schema\": \"metric\", \"type\": \"sum\", \"enabled\": true, \"id\": \"2\", \"params\": {\"field\": \"event.duration\", \"customLabel\": \"Sum of query duration\"}}], \"params\": {\"valueAxes\": [{\"name\": \"LeftAxis-1\", \"id\": \"ValueAxis-1\", \"scale\": {\"mode\": \"normal\", \"type\": \"linear\"}, \"type\": \"value\", \"position\": \"left\", \"labels\": {\"show\": true, \"filter\": false, \"truncate\": 100, \"rotate\": 0}, \"show\": true, \"title\": {\"text\": \"\"}, \"style\": {}}], \"seriesParams\": [{\"data\": {\"id\": \"4\", \"label\": \"Number of queries\"}, \"interpolate\": \"linear\", \"showCircles\": true, \"drawLinesBetweenPoints\": true, \"mode\": \"normal\", \"type\": \"histogram\", \"valueAxis\": \"ValueAxis-1\", \"lineWidth\": 2, \"show\": true}, {\"data\": {\"id\": \"2\", \"label\": \"Sum of query duration\"}, \"interpolate\": \"linear\", \"showCircles\": true, \"drawLinesBetweenPoints\": true, \"mode\": \"normal\", \"type\": \"histogram\", \"valueAxis\": \"ValueAxis-1\", \"lineWidth\": 2, \"show\": true}], \"grid\": {\"categoryLines\": false, \"style\": {\"color\": \"#eee\"}}, \"legendPosition\": \"right\", \"addTooltip\": true, \"times\": [], \"categoryAxes\": [{\"id\": \"CategoryAxis-1\", \"scale\": {\"type\": \"linear\"}, \"type\": \"category\", \"position\": \"bottom\", \"labels\": {\"show\": true, \"truncate\": 100}, \"show\": true, \"title\": {\"text\": \"@timestamp per 3 hours\"}, \"style\": {}}], \"addLegend\": true, \"type\": \"histogram\", \"addTimeMarker\": false}}"
            },
            "id": "PostgreSQL Query Count and Duration-ecs",
            "type": "visualization",
            "version": 1
        },
        {
            "attributes": {
                "columns": [
                    "user.name",
                    "postgresql.log.database",
                    "event.duration",
                    "postgresql.log.query"
                ],
                "description": "",
                "hits": 0,
                "kibanaSavedObjectMeta": {
                    "searchSourceJSON": "{\"version\": true, \"query\": {\"query\": \"event.duration>30000000\", \"language\": \"kuery\"}, \"filter\": [], \"highlightAll\": true, \"index\": \"filebeat-*\"}"
                },
                "sort": [
                    "@timestamp",
                    "desc"
                ],
                "title": "Slow Queries [Filebeat PostgreSQL] ECS",
                "version": 1
            },
            "id": "Slow PostgreSQL Queries-ecs",
            "type": "search",
            "version": 1
        },
        {
            "attributes": {
                "columns": [
                    "user.name",
                    "postgresql.log.database",
                    "event.duration",
                    "postgresql.log.query"
                ],
                "description": "",
                "hits": 0,
                "kibanaSavedObjectMeta": {
                    "searchSourceJSON": "{\"version\": true, \"query\": {\"query\": \"event.duration:*\", \"language\": \"kuery\"}, \"filter\": [], \"highlightAll\": true, \"index\": \"filebeat-*\"}"
                },
                "sort": [
                    "@timestamp",
                    "desc"
                ],
                "title": "Query Durations [Filebeat PostgreSQL] ECS",
                "version": 1
            },
            "id": "PostgreSQL Query Durations-ecs",
            "type": "search",
            "version": 1
        },
        {
            "attributes": {
                "description": "Dashboard for analyzing the query durations of the Filebeat PostgreSQL module",
                "hits": 0,
                "kibanaSavedObjectMeta": {
                    "searchSourceJSON": "{\"query\": {\"query\": \"postgresql.log.query:*\", \"language\": \"kuery\"}, \"filter\": [], \"highlightAll\": true, \"version\": true}"
                },
                "optionsJSON": "{\"darkTheme\": false}",
                "panelsJSON": "[{\"size_y\": 3, \"id\": \"PostgreSQL Query Count and Duration-ecs\", \"type\": \"visualization\", \"size_x\": 6, \"panelIndex\": 1, \"col\": 1, \"row\": 1}, {\"size_y\": 3, \"sort\": [\"@timestamp\", \"desc\"], \"id\": \"Slow PostgreSQL Queries-ecs\", \"type\": \"search\", \"size_x\": 6, \"panelIndex\": 2, \"columns\": [\"user.name\", \"postgresql.log.database\", \"event.duration\", \"postgresql.log.query\"], \"col\": 7, \"row\": 1}, {\"size_y\": 5, \"sort\": [\"@timestamp\", \"desc\"], \"id\": \"PostgreSQL Query Durations-ecs\", \"type\": \"search\", \"size_x\": 12, \"panelIndex\": 3, \"columns\": [\"user.name\", \"postgresql.log.database\", \"event.duration\", \"postgresql.log.query\"], \"col\": 1, \"row\": 4}]",
                "timeRestore": false,
                "title": "[Filebeat PostgreSQL] Query Duration Overview ECS",
                "uiStateJSON": "{}",
                "version": 1
            },
            "id": "e4c5f230-87f3-11e7-ad9c-db80de0bf8d3-ecs",
            "type": "dashboard",
            "version": 1
        }
    ],
    "version": "6.0.0-beta1-SNAPSHOT"
}