{
    "objects": [
        {
            "attributes": {
                "description": "",
                "kibanaSavedObjectMeta": {
                    "searchSourceJSON": "{\"query\": {\"query\": \"\", \"language\": \"kuery\"}, \"filter\": []}"
                },
                "savedSearchId": "b3f1b010-1f26-11e9-8ec4-cf5d91a864b3-ecs",
                "title": "Events Timeline [Filebeat Iptables] ECS",
                "uiStateJSON": "{}",
                "version": 1,
                "visState": "{\"type\": \"area\", \"title\": \"Events Timeline [Filebeat Iptables] ECS\", \"aggs\": [{\"schema\": \"metric\", \"type\": \"count\", \"enabled\": true, \"id\": \"1\", \"params\": {}}, {\"schema\": \"segment\", \"type\": \"date_histogram\", \"enabled\": true, \"id\": \"2\", \"params\": {\"field\": \"@timestamp\", \"drop_partials\": false, \"time_zone\": \"Europe/Berlin\", \"customInterval\": \"2h\", \"useNormalizedEsInterval\": true, \"extended_bounds\": {}, \"interval\": \"auto\", \"min_doc_count\": 1}}], \"params\": {\"valueAxes\": [{\"name\": \"LeftAxis-1\", \"id\": \"ValueAxis-1\", \"scale\": {\"mode\": \"normal\", \"type\": \"linear\"}, \"type\": \"value\", \"position\": \"left\", \"labels\": {\"show\": true, \"filter\": false, \"truncate\": 100, \"rotate\": 0}, \"show\": true, \"title\": {\"text\": \"Count\"}, \"style\": {}}], \"seriesParams\": [{\"data\": {\"id\": \"1\", \"label\": \"Count\"}, \"interpolate\": \"linear\", \"showCircles\": true, \"drawLinesBetweenPoints\": true, \"mode\": \"stacked\", \"type\": \"area\", \"valueAxis\": \"ValueAxis-1\", \"show\": \"true\"}], \"grid\": {\"categoryLines\": false, \"style\": {\"color\": \"#eee\"}}, \"legendPosition\": \"right\", \"addTooltip\": true, \"times\": [], \"categoryAxes\": [{\"id\": \"CategoryAxis-1\", \"scale\": {\"type\": \"linear\"}, \"type\": \"category\", \"position\": \"bottom\", \"labels\": {\"show\": true, \"truncate\": 100}, \"show\": true, \"title\": {}, \"style\": {}}], \"addLegend\": true, \"type\": \"area\", \"addTimeMarker\": false}}"
            },
            "id": "4c913eb0-1f51-11e9-93ed-f7e068f4aebb-ecs",
            "type": "visualization",
            "updated_at": "2019-01-23T20:56:04.891Z",
            "version": 1
        },
        {
            "attributes": {
                "description": "",
                "kibanaSavedObjectMeta": {
                    "searchSourceJSON": "{\"query\": {\"query\": \"iptables.length:*\", \"language\": \"kuery\"}, \"filter\": []}"
                },
                "savedSearchId": "b3f1b010-1f26-11e9-8ec4-cf5d91a864b3-ecs",
                "title": "Top Source Countries [Filebeat Iptables] ECS",
                "uiStateJSON": "{\"vis\": {\"params\": {\"sort\": {\"columnIndex\": null, \"direction\": null}}}}",
                "version": 1,
                "visState": "{\"type\": \"table\", \"title\": \"Top Source Countries [Filebeat Iptables] ECS\", \"aggs\": [{\"schema\": \"metric\", \"type\": \"count\", \"enabled\": true, \"id\": \"1\", \"params\": {}}, {\"schema\": \"bucket\", \"type\": \"terms\", \"enabled\": true, \"id\": \"2\", \"params\": {\"field\": \"source.geo.country_iso_code\", \"orderBy\": \"1\", \"size\": 5, \"order\": \"desc\", \"missingBucket\": false, \"customLabel\": \"Country\", \"otherBucket\": false, \"missingBucketLabel\": \"Missing\", \"otherBucketLabel\": \"Other\"}}], \"params\": {\"totalFunc\": \"sum\", \"perPage\": 10, \"showMetricsAtAllLevels\": false, \"showTotal\": false, \"showPartialRows\": false, \"sort\": {\"columnIndex\": null, \"direction\": null}}}"
            },
            "id": "2599f5e0-1e98-11e9-8ec4-cf5d91a864b3-ecs",
            "type": "visualization",
            "updated_at": "2019-01-23T20:51:02.293Z",
            "version": 1
        },
        {
            "attributes": {
                "description": "",
                "kibanaSavedObjectMeta": {
                    "searchSourceJSON": "{\"query\": {\"query\": \"iptables.length:*\", \"language\": \"kuery\"}, \"filter\": []}"
                },
                "savedSearchId": "b3f1b010-1f26-11e9-8ec4-cf5d91a864b3-ecs",
                "title": "Source Map [Filebeat Iptables] ECS",
                "uiStateJSON": "{\"mapZoom\": 3, \"mapCenter\": [45.02695045318546, -44.82421875000001]}",
                "version": 1,
                "visState": "{\"type\": \"tile_map\", \"title\": \"Source Map [Filebeat Iptables] ECS\", \"aggs\": [{\"schema\": \"metric\", \"type\": \"count\", \"enabled\": true, \"id\": \"1\", \"params\": {}}, {\"schema\": \"segment\", \"type\": \"geohash_grid\", \"enabled\": true, \"id\": \"2\", \"params\": {\"field\": \"source.geo.location\", \"isFilteredByCollar\": true, \"mapZoom\": 2, \"precision\": 2, \"useGeocentroid\": true, \"autoPrecision\": true, \"mapCenter\": [0, 0]}}], \"params\": {\"heatClusterSize\": 1.5, \"isDesaturated\": true, \"colorSchema\": \"Yellow to Red\", \"legendPosition\": \"bottomright\", \"mapZoom\": 2, \"wms\": {\"options\": {\"format\": \"image/png\", \"transparent\": true}, \"selectedTmsLayer\": {\"maxZoom\": 18, \"origin\": \"elastic_maps_service\", \"minZoom\": 0, \"id\": \"road_map\", \"attribution\": \"<p>&#169; <a href=\\\"http://www.openstreetmap.org/copyright\\\">OpenStreetMap</a> contributors | <a href=\\\"https://www.elastic.co/elastic-maps-service\\\">Elastic Maps Service</a></p>&#10;\"}, \"enabled\": false}, \"addTooltip\": true, \"mapType\": \"Scaled Circle Markers\", \"mapCenter\": [0, 0]}}"
            },
            "id": "c4394ec0-1efd-11e9-8ec4-cf5d91a864b3-ecs",
            "type": "visualization",
            "updated_at": "2019-01-23T20:51:02.293Z",
            "version": 1
        },
        {
            "attributes": {
                "description": "",
                "kibanaSavedObjectMeta": {
                    "searchSourceJSON": "{\"query\": {\"query\": \"iptables.length:*\", \"language\": \"kuery\"}, \"filter\": []}"
                },
                "savedSearchId": "b3f1b010-1f26-11e9-8ec4-cf5d91a864b3-ecs",
                "title": "Destination Map [Filebeat Iptables] ECS",
                "uiStateJSON": "{}",
                "version": 1,
                "visState": "{\"type\": \"tile_map\", \"title\": \"Destination Map [Filebeat Iptables] ECS\", \"aggs\": [{\"schema\": \"metric\", \"type\": \"count\", \"enabled\": true, \"id\": \"1\", \"params\": {}}, {\"schema\": \"segment\", \"type\": \"geohash_grid\", \"enabled\": true, \"id\": \"2\", \"params\": {\"field\": \"destination.geo.location\", \"isFilteredByCollar\": true, \"mapZoom\": 2, \"precision\": 2, \"useGeocentroid\": true, \"autoPrecision\": true, \"mapCenter\": [0, 0]}}], \"params\": {\"heatClusterSize\": 1.5, \"isDesaturated\": true, \"colorSchema\": \"Yellow to Red\", \"legendPosition\": \"bottomright\", \"mapZoom\": 2, \"wms\": {\"options\": {\"format\": \"image/png\", \"transparent\": true}, \"selectedTmsLayer\": {\"maxZoom\": 18, \"origin\": \"elastic_maps_service\", \"minZoom\": 0, \"id\": \"road_map\", \"attribution\": \"<p>&#169; <a href=\\\"http://www.openstreetmap.org/copyright\\\">OpenStreetMap</a> contributors | <a href=\\\"https://www.elastic.co/elastic-maps-service\\\">Elastic Maps Service</a></p>&#10;\"}, \"enabled\": false}, \"addTooltip\": true, \"mapType\": \"Scaled Circle Markers\", \"mapCenter\": [0, 0]}}"
            },
            "id": "d8cea010-1efd-11e9-8ec4-cf5d91a864b3-ecs",
            "type": "visualization",
            "updated_at": "2019-01-23T20:51:02.293Z",
            "version": 1
        },
        {
            "attributes": {
                "description": "",
                "kibanaSavedObjectMeta": {
                    "searchSourceJSON": "{\"query\": {\"query\": \"iptables.length:*\", \"language\": \"kuery\"}, \"filter\": []}"
                },
                "savedSearchId": "b3f1b010-1f26-11e9-8ec4-cf5d91a864b3-ecs",
                "title": "Network Type Breakdown [Filebeat Iptables] ECS",
                "uiStateJSON": "{\"vis\": {\"legendOpen\": false}}",
                "version": 1,
                "visState": "{\"type\": \"pie\", \"title\": \"Network Type Breakdown [Filebeat Iptables] ECS\", \"aggs\": [{\"schema\": \"metric\", \"type\": \"count\", \"enabled\": true, \"id\": \"1\", \"params\": {}}, {\"schema\": \"segment\", \"type\": \"terms\", \"enabled\": true, \"id\": \"2\", \"params\": {\"field\": \"network.type\", \"orderBy\": \"1\", \"order\": \"desc\", \"missingBucket\": true, \"missingBucketLabel\": \"Missing\", \"otherBucket\": true, \"size\": 5, \"otherBucketLabel\": \"Other\"}}], \"params\": {\"isDonut\": true, \"legendPosition\": \"right\", \"type\": \"pie\", \"addTooltip\": true, \"labels\": {\"last_level\": true, \"show\": true, \"values\": true, \"truncate\": 100}, \"addLegend\": true}}"
            },
            "id": "b57b7370-1f1d-11e9-8ec4-cf5d91a864b3-ecs",
            "type": "visualization",
            "updated_at": "2019-01-23T20:51:02.293Z",
            "version": 1
        },
        {
            "attributes": {
                "description": "",
                "kibanaSavedObjectMeta": {
                    "searchSourceJSON": "{\"query\": {\"query\": \"iptables.length:*\", \"language\": \"kuery\"}, \"filter\": []}"
                },
                "savedSearchId": "b3f1b010-1f26-11e9-8ec4-cf5d91a864b3-ecs",
                "title": "Network Transport Breakdown [Filebeat Iptables] ECS",
                "uiStateJSON": "{\"vis\": {\"legendOpen\": false}}",
                "version": 1,
                "visState": "{\"type\": \"pie\", \"title\": \"Network Transport Breakdown [Filebeat Iptables] ECS\", \"aggs\": [{\"schema\": \"metric\", \"type\": \"count\", \"enabled\": true, \"id\": \"1\", \"params\": {}}, {\"schema\": \"segment\", \"type\": \"terms\", \"enabled\": true, \"id\": \"2\", \"params\": {\"field\": \"network.transport\", \"orderBy\": \"1\", \"order\": \"desc\", \"missingBucket\": true, \"missingBucketLabel\": \"Missing\", \"otherBucket\": true, \"size\": 5, \"otherBucketLabel\": \"Other\"}}], \"params\": {\"isDonut\": true, \"legendPosition\": \"right\", \"type\": \"pie\", \"addTooltip\": true, \"labels\": {\"last_level\": true, \"show\": true, \"values\": true, \"truncate\": 100}, \"addLegend\": true}}"
            },
            "id": "35fe0910-1f26-11e9-8ec4-cf5d91a864b3-ecs",
            "type": "visualization",
            "updated_at": "2019-01-23T20:51:02.293Z",
            "version": 1
        },
        {
            "attributes": {
                "description": "",
                "kibanaSavedObjectMeta": {
                    "searchSourceJSON": "{\"query\": {\"query\": \"iptables.length:*\", \"language\": \"kuery\"}, \"filter\": []}"
                },
                "savedSearchId": "b3f1b010-1f26-11e9-8ec4-cf5d91a864b3-ecs",
                "title": "Top Destination Ports [Filebeat Iptables] ECS",
                "uiStateJSON": "{\"vis\": {\"params\": {\"sort\": {\"columnIndex\": null, \"direction\": null}}}}",
                "version": 1,
                "visState": "{\"type\": \"table\", \"title\": \"Top Destination Ports [Filebeat Iptables] ECS\", \"aggs\": [{\"schema\": \"metric\", \"type\": \"count\", \"enabled\": true, \"id\": \"1\", \"params\": {}}, {\"schema\": \"bucket\", \"type\": \"terms\", \"enabled\": true, \"id\": \"2\", \"params\": {\"field\": \"destination.port\", \"orderBy\": \"1\", \"size\": 5, \"order\": \"desc\", \"missingBucket\": false, \"customLabel\": \"Port\", \"otherBucket\": false, \"missingBucketLabel\": \"Missing\", \"otherBucketLabel\": \"Other\"}}], \"params\": {\"totalFunc\": \"sum\", \"perPage\": 10, \"showMetricsAtAllLevels\": false, \"showTotal\": false, \"showPartialRows\": false, \"sort\": {\"columnIndex\": null, \"direction\": null}}}"
            },
            "id": "683402b0-1f29-11e9-8ec4-cf5d91a864b3-ecs",
            "type": "visualization",
            "updated_at": "2019-01-23T20:51:02.293Z",
            "version": 1
        },
        {
            "attributes": {
                "columns": [
                    "_source"
                ],
                "description": "",
                "hits": 0,
                "kibanaSavedObjectMeta": {
                    "searchSourceJSON": "{\"version\": true, \"query\": {\"query\": \"iptables.length :*\", \"language\": \"kuery\"}, \"filter\": [], \"highlightAll\": true, \"index\": \"filebeat-*\"}"
                },
                "sort": [
                    "@timestamp",
                    "desc"
                ],
                "title": "Events Search [Filebeat Iptables] ECS",
                "version": 1
            },
            "id": "b3f1b010-1f26-11e9-8ec4-cf5d91a864b3-ecs",
            "type": "search",
            "updated_at": "2019-01-23T20:51:02.293Z",
            "version": 1
        },
        {
            "attributes": {
                "description": "Overview of the iptables events dashboard.",
                "hits": 0,
                "kibanaSavedObjectMeta": {
                    "searchSourceJSON": "{\"query\": {\"query\": \"\", \"language\": \"kuery\"}, \"filter\": []}"
                },
                "optionsJSON": "{\"darkTheme\": false, \"useMargins\": true, \"hidePanelTitles\": false}",
                "panelsJSON": "[{\"id\": \"4c913eb0-1f51-11e9-93ed-f7e068f4aebb-ecs\", \"gridData\": {\"w\": 37, \"i\": \"1\", \"h\": 15, \"y\": 0, \"x\": 0}, \"type\": \"visualization\", \"panelIndex\": \"1\", \"embeddableConfig\": {\"vis\": {\"legendOpen\": false}}, \"version\": \"6.6.0\"}, {\"id\": \"2599f5e0-1e98-11e9-8ec4-cf5d91a864b3-ecs\", \"gridData\": {\"w\": 11, \"i\": \"2\", \"h\": 15, \"y\": 0, \"x\": 37}, \"type\": \"visualization\", \"panelIndex\": \"2\", \"embeddableConfig\": {}, \"version\": \"6.6.0\"}, {\"id\": \"c4394ec0-1efd-11e9-8ec4-cf5d91a864b3-ecs\", \"gridData\": {\"w\": 24, \"i\": \"3\", \"h\": 15, \"y\": 15, \"x\": 0}, \"type\": \"visualization\", \"panelIndex\": \"3\", \"embeddableConfig\": {\"mapZoom\": 2, \"mapCenter\": [47.15984001304432, -47.02148437500001]}, \"version\": \"6.6.0\"}, {\"id\": \"d8cea010-1efd-11e9-8ec4-cf5d91a864b3-ecs\", \"gridData\": {\"w\": 24, \"i\": \"4\", \"h\": 15, \"y\": 15, \"x\": 24}, \"type\": \"visualization\", \"panelIndex\": \"4\", \"embeddableConfig\": {\"mapZoom\": 2, \"mapCenter\": [49.15296965617042, -27.949218750000004]}, \"version\": \"6.6.0\"}, {\"id\": \"b57b7370-1f1d-11e9-8ec4-cf5d91a864b3-ecs\", \"gridData\": {\"w\": 19, \"i\": \"5\", \"h\": 15, \"y\": 30, \"x\": 0}, \"type\": \"visualization\", \"panelIndex\": \"5\", \"embeddableConfig\": {}, \"version\": \"6.6.0\"}, {\"id\": \"35fe0910-1f26-11e9-8ec4-cf5d91a864b3-ecs\", \"gridData\": {\"w\": 18, \"i\": \"6\", \"h\": 15, \"y\": 30, \"x\": 19}, \"type\": \"visualization\", \"panelIndex\": \"6\", \"embeddableConfig\": {}, \"version\": \"6.6.0\"}, {\"id\": \"683402b0-1f29-11e9-8ec4-cf5d91a864b3-ecs\", \"gridData\": {\"w\": 11, \"i\": \"7\", \"h\": 15, \"y\": 30, \"x\": 37}, \"type\": \"visualization\", \"panelIndex\": \"7\", \"embeddableConfig\": {}, \"version\": \"6.6.0\"}, {\"id\": \"b3f1b010-1f26-11e9-8ec4-cf5d91a864b3-ecs\", \"gridData\": {\"w\": 48, \"i\": \"8\", \"h\": 19, \"y\": 45, \"x\": 0}, \"type\": \"search\", \"panelIndex\": \"8\", \"embeddableConfig\": {}, \"version\": \"6.6.0\"}]",
                "timeRestore": false,
                "title": "[Filebeat Iptables] Overview ECS",
                "version": 1
            },
            "id": "ceefb9e0-1f51-11e9-93ed-f7e068f4aebb-ecs",
            "type": "dashboard",
            "updated_at": "2019-01-23T20:59:43.614Z",
            "version": 1
        }
    ],
    "version": "6.6.0"
}