{
    "objects": [
        {
            "attributes": {
                "description": "",
                "kibanaSavedObjectMeta": {
                    "searchSourceJSON": "{\"filter\": []}"
                },
                "savedSearchId": "710043e0-2417-11e7-a83b-d5f4cebac9ff-ecs",
                "title": "Startup Errors [Filebeat Icinga] ECS",
                "uiStateJSON": "{\"vis\": {\"colors\": {\"Count\": \"#BF1B00\"}}}",
                "version": 1,
                "visState": "{\"listeners\": {}, \"type\": \"histogram\", \"title\": \"Icinga Startup Errors ECS\", \"aggs\": [{\"schema\": \"metric\", \"type\": \"count\", \"enabled\": true, \"id\": \"1\", \"params\": {}}, {\"schema\": \"segment\", \"type\": \"date_histogram\", \"enabled\": true, \"id\": \"2\", \"params\": {\"field\": \"@timestamp\", \"interval\": \"auto\", \"extended_bounds\": {}, \"customInterval\": \"2h\", \"min_doc_count\": 1}}], \"params\": {\"scale\": \"linear\", \"defaultYExtents\": false, \"legendPosition\": \"right\", \"mode\": \"stacked\", \"setYExtents\": false, \"addTooltip\": true, \"times\": [], \"addLegend\": true, \"addTimeMarker\": false}}"
            },
            "id": "a59b5e00-2417-11e7-a83b-d5f4cebac9ff-ecs",
            "type": "visualization",
            "version": 2
        },
        {
            "attributes": {
                "columns": [
                    "icinga.startup.facility",
                    "log.level",
                    "message"
                ],
                "description": "",
                "hits": 0,
                "kibanaSavedObjectMeta": {
                    "searchSourceJSON": "{\"version\": true, \"query\": {\"query\": \"log.level:critical\", \"language\": \"kuery\"}, \"filter\": [], \"highlightAll\": true, \"index\": \"filebeat-*\"}"
                },
                "sort": [
                    "@timestamp",
                    "desc"
                ],
                "title": "Startup Errors [Filebeat Icinga] ECS",
                "version": 1
            },
            "id": "710043e0-2417-11e7-a83b-d5f4cebac9ff-ecs",
            "type": "search",
            "version": 2
        },
        {
            "attributes": {
                "description": "Filebeat Icinga module dashboard for startup errors",
                "hits": 0,
                "kibanaSavedObjectMeta": {
                    "searchSourceJSON": "{\"query\": {\"query\": \"\", \"language\": \"kuery\"}, \"filter\": [], \"highlightAll\": true, \"version\": true}"
                },
                "optionsJSON": "{\"darkTheme\": false}",
                "panelsJSON": "[{\"size_y\": 2, \"id\": \"a59b5e00-2417-11e7-a83b-d5f4cebac9ff-ecs\", \"type\": \"visualization\", \"size_x\": 12, \"panelIndex\": 1, \"col\": 1, \"row\": 1}, {\"size_y\": 13, \"sort\": [\"@timestamp\", \"desc\"], \"id\": \"710043e0-2417-11e7-a83b-d5f4cebac9ff-ecs\", \"type\": \"search\", \"size_x\": 12, \"panelIndex\": 2, \"columns\": [\"icinga.startup.facility\", \"log.level\", \"message\"], \"col\": 1, \"row\": 3}]",
                "timeRestore": false,
                "title": "[Filebeat Icinga] Startup Errors ECS",
                "uiStateJSON": "{}",
                "version": 1
            },
            "id": "b9163ea0-2417-11e7-a83b-d5f4cebac9ff-ecs",
            "type": "dashboard",
            "version": 2
        }
    ],
    "version": "6.0.0-beta1-SNAPSHOT"
}