{
    "objects": [
        {
            "attributes": {
                "description": "Summary of endpoint event data.",
                "hits": 0,
                "kibanaSavedObjectMeta": {
                    "searchSourceJSON": "{\"query\": {\"query\": \"*\", \"language\": \"lucene\"}, \"filter\": [], \"highlightAll\": true, \"version\": true}"
                },
                "optionsJSON": "{\"darkTheme\": false}",
                "panelsJSON": "[{\"panelIndex\": \"1\", \"panelRefName\": \"panel_0\", \"embeddableConfig\": {}, \"gridData\": {\"w\": 8, \"i\": \"1\", \"h\": 8, \"y\": 4, \"x\": 40}, \"version\": \"7.3.0\"}, {\"panelIndex\": \"2\", \"panelRefName\": \"panel_1\", \"embeddableConfig\": {\"vis\": {\"colors\": {\"/Success\": \"#629E51\", \"/Attempt\": \"#0A50A1\", \"/Failure\": \"#BF1B00\"}}}, \"gridData\": {\"w\": 24, \"i\": \"2\", \"h\": 12, \"y\": 32, \"x\": 24}, \"version\": \"7.3.0\"}, {\"panelIndex\": \"3\", \"panelRefName\": \"panel_2\", \"embeddableConfig\": {\"vis\": {\"colors\": {\"/Success\": \"#629E51\", \"/Attempt\": \"#0A50A1\", \"/Failure\": \"#BF1B00\"}}}, \"gridData\": {\"w\": 24, \"i\": \"3\", \"h\": 12, \"y\": 32, \"x\": 0}, \"version\": \"7.3.0\"}, {\"panelIndex\": \"5\", \"panelRefName\": \"panel_3\", \"embeddableConfig\": {}, \"gridData\": {\"w\": 48, \"i\": \"5\", \"h\": 8, \"y\": 12, \"x\": 0}, \"version\": \"7.3.0\"}, {\"panelIndex\": \"6\", \"panelRefName\": \"panel_4\", \"embeddableConfig\": {}, \"gridData\": {\"w\": 24, \"i\": \"6\", \"h\": 12, \"y\": 44, \"x\": 24}, \"version\": \"7.3.0\"}, {\"panelIndex\": \"7\", \"panelRefName\": \"panel_5\", \"embeddableConfig\": {\"vis\": {\"defaultColors\": {\"0 - 100\": \"rgb(0,104,55)\"}}}, \"gridData\": {\"w\": 40, \"i\": \"7\", \"h\": 8, \"y\": 4, \"x\": 0}, \"version\": \"7.3.0\"}, {\"panelIndex\": \"8\", \"panelRefName\": \"panel_6\", \"embeddableConfig\": {\"vis\": {\"colors\": {\"/Success\": \"#629E51\", \"/Attempt\": \"#0A50A1\", \"/Failure\": \"#BF1B00\"}}}, \"gridData\": {\"w\": 24, \"i\": \"8\", \"h\": 12, \"y\": 44, \"x\": 0}, \"version\": \"7.3.0\"}, {\"panelIndex\": \"9\", \"panelRefName\": \"panel_7\", \"embeddableConfig\": {\"columns\": [\"cef.extensions.categoryDeviceGroup\", \"cef.extensions.categoryTechnique\", \"cef.extensions.categoryOutcome\", \"cef.extensions.categorySignificance\", \"cef.extensions.categoryObject\", \"cef.extensions.categoryBehavior\", \"cef.extensions.categoryDeviceType\"], \"sort\": [\"@timestamp\", \"desc\"]}, \"gridData\": {\"w\": 48, \"i\": \"9\", \"h\": 20, \"y\": 76, \"x\": 0}, \"version\": \"7.3.0\"}, {\"panelIndex\": \"10\", \"panelRefName\": \"panel_8\", \"embeddableConfig\": {}, \"gridData\": {\"w\": 24, \"i\": \"10\", \"h\": 8, \"y\": 56, \"x\": 24}, \"version\": \"7.3.0\"}, {\"panelIndex\": \"11\", \"panelRefName\": \"panel_9\", \"embeddableConfig\": {\"vis\": {\"colors\": {\"Operating System\": \"#BF1B00\", \"Anti-Virus\": \"#EAB839\", \"Security Mangement\": \"#64B0C8\", \"Database\": \"#629E51\", \"Host-based IDS/IPS\": \"#E0752D\"}}}, \"gridData\": {\"w\": 24, \"i\": \"11\", \"h\": 12, \"y\": 20, \"x\": 0}, \"version\": \"7.3.0\"}, {\"panelIndex\": \"12\", \"panelRefName\": \"panel_10\", \"embeddableConfig\": {\"vis\": {\"params\": {\"sort\": {\"columnIndex\": null, \"direction\": null}}}}, \"gridData\": {\"w\": 24, \"i\": \"12\", \"h\": 20, \"y\": 56, \"x\": 0}, \"version\": \"7.3.0\"}, {\"panelIndex\": \"14\", \"panelRefName\": \"panel_11\", \"embeddableConfig\": {\"vis\": {\"colors\": {\"/Informational/Warning\": \"#EF843C\", \"Log Consolidator\": \"#E0F9D7\", \"Database\": \"#629E51\", \"/Informational\": \"#7EB26D\", \"Recon\": \"#BF1B00\", \"/Failure\": \"#BF1B00\", \"/Success\": \"#629E51\", \"/Attempt\": \"#0A50A1\", \"Anti-Virus\": \"#EAB839\", \"Host-based IDS/IPS\": \"#E0752D\", \"Security Mangement\": \"#64B0C8\", \"Operating System\": \"#BF1B00\"}}}, \"gridData\": {\"w\": 24, \"i\": \"14\", \"h\": 12, \"y\": 20, \"x\": 24}, \"version\": \"7.3.0\"}, {\"panelIndex\": \"15\", \"panelRefName\": \"panel_12\", \"embeddableConfig\": {}, \"gridData\": {\"w\": 48, \"i\": \"15\", \"h\": 4, \"y\": 0, \"x\": 0}, \"version\": \"7.3.0\"}, {\"panelIndex\": \"17\", \"panelRefName\": \"panel_13\", \"embeddableConfig\": {\"mapZoom\": 1, \"mapCenter\": [12.897489183755892, 0]}, \"gridData\": {\"w\": 24, \"i\": \"17\", \"h\": 12, \"y\": 64, \"x\": 24}, \"version\": \"7.3.0\"}]",
                "refreshInterval": {
                    "display": "Off",
                    "pause": false,
                    "value": 0
                },
                "timeFrom": "now-24h",
                "timeRestore": true,
                "timeTo": "now",
                "title": "[Filebeat CEF] Endpoint Overview Dashboard",
                "version": 1
            },
            "id": "c10ce1cf-f6b8-4de4-8715-2cb5f6770b3b",
            "migrationVersion": {
                "dashboard": "7.3.0"
            },
            "references": [
                {
                    "id": "9457ee67-895f-4b78-a543-268f9687a745",
                    "name": "panel_0",
                    "type": "visualization"
                },
                {
                    "id": "fe7b63d1-dbc7-4376-af7f-ace97a9f2e60",
                    "name": "panel_1",
                    "type": "visualization"
                },
                {
                    "id": "89998099-9a39-44cf-beba-5b97f0524cf9",
                    "name": "panel_2",
                    "type": "visualization"
                },
                {
                    "id": "718b074e-3dd1-4d03-ba11-7f869cdcd703",
                    "name": "panel_3",
                    "type": "visualization"
                },
                {
                    "id": "c5120e27-1f8c-41e3-83ee-78ec4d470c2f",
                    "name": "panel_4",
                    "type": "visualization"
                },
                {
                    "id": "7454c034-c5f3-48fe-8fce-ef4385c80350",
                    "name": "panel_5",
                    "type": "visualization"
                },
                {
                    "id": "118af639-1f37-4541-a960-5a3ff0613e0e",
                    "name": "panel_6",
                    "type": "visualization"
                },
                {
                    "id": "5cede2d3-20fe-4140-add4-4c4f841b71a2",
                    "name": "panel_7",
                    "type": "search"
                },
                {
                    "id": "74d2c072-6dfd-4249-8e63-dc7b0cf3c960",
                    "name": "panel_8",
                    "type": "visualization"
                },
                {
                    "id": "f57734dd-0f32-42b4-94dd-5d597f6735e1",
                    "name": "panel_9",
                    "type": "visualization"
                },
                {
                    "id": "295986d4-d2ea-4541-8e82-7dc95c0cd830",
                    "name": "panel_10",
                    "type": "visualization"
                },
                {
                    "id": "5bf6e4dc-4273-4e1e-a803-04347eebeb53",
                    "name": "panel_11",
                    "type": "visualization"
                },
                {
                    "id": "677891a1-90c4-4273-b126-f0e54689bd76",
                    "name": "panel_12",
                    "type": "visualization"
                },
                {
                    "id": "aaa80503-6d96-4a33-806f-b8a10aefe696",
                    "name": "panel_13",
                    "type": "visualization"
                }
            ],
            "type": "dashboard",
            "updated_at": "2019-10-25T16:30:03.318Z",
            "version": "WzEyNzcsMV0="
        },
        {
            "attributes": {
                "description": "",
                "kibanaSavedObjectMeta": {
                    "searchSourceJSON": "{\"query\": {\"query_string\": {\"query\": \"*\"}}, \"filter\": []}"
                },
                "title": "Endpoint Average EPS [Filebeat CEF]",
                "uiStateJSON": "{}",
                "version": 1,
                "visState": "{\"listeners\": {}, \"type\": \"metrics\", \"title\": \"Endpoint Average EPS [Filebeat CEF]\", \"aggs\": [], \"params\": {\"filter\": {\"query\": \"cef.extensions.categoryDeviceGroup:\\\"/Operating System\\\" OR cef.extensions.categoryDeviceGroup:\\\"/IDS/Host\\\" OR cef.extensions.categoryDeviceGroup:\\\"/Application\\\"\", \"language\": \"lucene\"}, \"time_field\": \"@timestamp\", \"type\": \"gauge\", \"bar_color_rules\": [{\"id\": \"85a1c642-9781-430d-b84b-b28cb2a42fb4\"}], \"series\": [{\"fill\": 0.5, \"chart_type\": \"line\", \"seperate_axis\": 0, \"formatter\": \"number\", \"axis_position\": \"right\", \"color\": \"rgba(0,156,224,1)\", \"value_template\": \"{{value}} / s\", \"stacked\": \"none\", \"metrics\": [{\"id\": \"b1a48389-d799-4eba-8b98-7ee8ef0bb440\", \"type\": \"count\"}, {\"field\": \"b1a48389-d799-4eba-8b98-7ee8ef0bb440\", \"id\": \"7c5c44cc-17bd-4206-a100-b8996cd3d11a\", \"type\": \"cumulative_sum\"}, {\"field\": \"7c5c44cc-17bd-4206-a100-b8996cd3d11a\", \"unit\": \"1s\", \"id\": \"215c5225-5368-40e6-8fcd-2b0026babba0\", \"type\": \"derivative\"}, {\"field\": \"215c5225-5368-40e6-8fcd-2b0026babba0\", \"model_type\": \"simple\", \"beta\": 0.1, \"id\": \"f4dfe09a-e397-4287-ab99-3206516cded3\", \"period\": 1, \"alpha\": 0.3, \"multiplicative\": false, \"type\": \"moving_average\", \"gamma\": 0.3, \"window\": \"10\"}], \"id\": \"b4373ffd-9660-4206-afd6-d4867ac7dbdf\", \"split_mode\": \"everything\", \"point_size\": 1, \"line_width\": 1, \"label\": \"Event Throughput\"}], \"axis_formatter\": \"number\", \"index_pattern\": \"filebeat-*\", \"show_legend\": 1, \"id\": \"b7a85957-123e-4e25-9e8e-ff7992c9b2b9\", \"gauge_color_rules\": [{\"id\": \"03a2fd72-fc9c-4582-9133-20af36217180\"}], \"gauge_style\": \"half\", \"interval\": \"auto\", \"axis_position\": \"left\", \"gauge_width\": 10, \"gauge_inner_width\": 10}}"
            },
            "id": "9457ee67-895f-4b78-a543-268f9687a745",
            "migrationVersion": {
                "visualization": "7.3.1"
            },
            "references": [],
            "type": "visualization",
            "updated_at": "2019-10-25T16:30:03.318Z",
            "version": "WzEyNzgsMV0="
        },
        {
            "attributes": {
                "description": "",
                "kibanaSavedObjectMeta": {
                    "searchSourceJSON": "{\"filter\": []}"
                },
                "savedSearchRefName": "search_0",
                "title": "Destination Ports by Outcomes [Filebeat CEF]",
                "uiStateJSON": "{}",
                "version": 1,
                "visState": "{\"listeners\": {}, \"type\": \"histogram\", \"title\": \"Destination Ports by Outcomes [Filebeat CEF]\", \"aggs\": [{\"schema\": \"metric\", \"type\": \"count\", \"enabled\": true, \"id\": \"1\", \"params\": {}}, {\"schema\": \"segment\", \"type\": \"terms\", \"enabled\": true, \"id\": \"2\", \"params\": {\"field\": \"destination.port\", \"orderBy\": \"1\", \"size\": 20, \"order\": \"desc\"}}, {\"schema\": \"group\", \"type\": \"terms\", \"enabled\": true, \"id\": \"3\", \"params\": {\"field\": \"cef.extensions.categoryOutcome\", \"orderBy\": \"1\", \"size\": 5, \"order\": \"desc\"}}], \"params\": {\"interpolate\": \"linear\", \"defaultYExtents\": false, \"seriesParams\": [{\"data\": {\"id\": \"1\", \"label\": \"Count\"}, \"showCircles\": true, \"drawLinesBetweenPoints\": true, \"mode\": \"stacked\", \"type\": \"histogram\", \"valueAxis\": \"ValueAxis-1\", \"show\": \"true\"}], \"legendPosition\": \"right\", \"drawLinesBetweenPoints\": true, \"addTooltip\": true, \"times\": [], \"categoryAxes\": [{\"id\": \"CategoryAxis-1\", \"scale\": {\"type\": \"linear\"}, \"type\": \"category\", \"position\": \"bottom\", \"labels\": {\"show\": true, \"truncate\": 100}, \"show\": true, \"title\": {\"text\": \"destination.port: Descending\"}, \"style\": {}}], \"radiusRatio\": 9, \"addLegend\": true, \"showCircles\": true, \"valueAxes\": [{\"name\": \"LeftAxis-1\", \"id\": \"ValueAxis-1\", \"scale\": {\"defaultYExtents\": true, \"setYExtents\": false, \"mode\": \"normal\", \"type\": \"square root\"}, \"type\": \"value\", \"position\": \"left\", \"labels\": {\"show\": true, \"filter\": false, \"truncate\": 100, \"rotate\": 0}, \"show\": true, \"title\": {}, \"style\": {}}], \"addTimeMarker\": false, \"grid\": {\"categoryLines\": false, \"style\": {\"color\": \"#eee\"}}, \"scale\": \"linear\", \"setYExtents\": false}}"
            },
            "id": "fe7b63d1-dbc7-4376-af7f-ace97a9f2e60",
            "migrationVersion": {
                "visualization": "7.3.1"
            },
            "references": [
                {
                    "id": "5cede2d3-20fe-4140-add4-4c4f841b71a2",
                    "name": "search_0",
                    "type": "search"
                }
            ],
            "type": "visualization",
            "updated_at": "2019-10-25T16:30:03.318Z",
            "version": "WzEyNzksMV0="
        },
        {
            "attributes": {
                "description": "",
                "kibanaSavedObjectMeta": {
                    "searchSourceJSON": "{\"filter\": []}"
                },
                "savedSearchRefName": "search_0",
                "title": "Outcomes Breakdown [Filebeat CEF]",
                "uiStateJSON": "{\"vis\": {\"legendOpen\": true, \"colors\": {\"/Attempt\": \"#3F2B5B\", \"/Failure\": \"#BF1B00\"}}}",
                "version": 1,
                "visState": "{\"listeners\": {}, \"type\": \"area\", \"title\": \"Outcomes Breakdown [Filebeat CEF]\", \"aggs\": [{\"schema\": \"metric\", \"type\": \"count\", \"enabled\": true, \"id\": \"1\", \"params\": {}}, {\"schema\": \"segment\", \"type\": \"date_histogram\", \"enabled\": true, \"id\": \"2\", \"params\": {\"field\": \"@timestamp\", \"customLabel\": \"Time\", \"extended_bounds\": {}, \"interval\": \"auto\", \"min_doc_count\": 1}}, {\"schema\": \"group\", \"type\": \"terms\", \"enabled\": true, \"id\": \"3\", \"params\": {\"field\": \"cef.extensions.categoryOutcome\", \"orderBy\": \"1\", \"size\": 5, \"order\": \"desc\"}}], \"params\": {\"interpolate\": \"linear\", \"defaultYExtents\": false, \"seriesParams\": [{\"data\": {\"id\": \"1\", \"label\": \"Count\"}, \"interpolate\": \"linear\", \"showCircles\": true, \"drawLinesBetweenPoints\": true, \"mode\": \"stacked\", \"type\": \"area\", \"valueAxis\": \"ValueAxis-1\", \"show\": \"true\"}], \"legendPosition\": \"right\", \"drawLinesBetweenPoints\": true, \"addTooltip\": true, \"times\": [], \"categoryAxes\": [{\"id\": \"CategoryAxis-1\", \"scale\": {\"type\": \"linear\"}, \"type\": \"category\", \"position\": \"bottom\", \"labels\": {\"show\": true, \"truncate\": 100}, \"show\": true, \"title\": {\"text\": \"Time\"}, \"style\": {}}], \"radiusRatio\": 9, \"addLegend\": true, \"showCircles\": true, \"valueAxes\": [{\"name\": \"LeftAxis-1\", \"id\": \"ValueAxis-1\", \"scale\": {\"mode\": \"normal\", \"type\": \"linear\"}, \"type\": \"value\", \"position\": \"left\", \"labels\": {\"show\": true, \"filter\": false, \"truncate\": 100, \"rotate\": 0}, \"show\": true, \"title\": {}, \"style\": {}}], \"addTimeMarker\": false, \"grid\": {\"categoryLines\": false, \"style\": {\"color\": \"#eee\"}}, \"scale\": \"linear\", \"setYExtents\": false}}"
            },
            "id": "89998099-9a39-44cf-beba-5b97f0524cf9",
            "migrationVersion": {
                "visualization": "7.3.1"
            },
            "references": [
                {
                    "id": "5cede2d3-20fe-4140-add4-4c4f841b71a2",
                    "name": "search_0",
                    "type": "search"
                }
            ],
            "type": "visualization",
            "updated_at": "2019-10-25T16:30:03.318Z",
            "version": "WzEyODAsMV0="
        },
        {
            "attributes": {
                "description": "",
                "kibanaSavedObjectMeta": {
                    "searchSourceJSON": "{\"query\": {\"query_string\": {\"query\": \"*\"}}, \"filter\": []}"
                },
                "title": "Events by Device [Filebeat CEF]",
                "uiStateJSON": "{}",
                "version": 1,
                "visState": "{\"listeners\": {}, \"type\": \"metrics\", \"title\": \"Events by Device [Filebeat CEF]\", \"aggs\": [], \"params\": {\"filter\": {\"query\": \"cef.extensions.categoryDeviceGroup:\\\"/Operating System\\\" OR cef.extensions.categoryDeviceGroup:\\\"/IDS/Host\\\" OR cef.extensions.categoryDeviceGroup:\\\"/Application\\\"\", \"language\": \"lucene\"}, \"id\": \"fd1ffeb6-678e-4163-9421-6a164fd59048\", \"index_pattern\": \"filebeat-*\", \"show_legend\": 1, \"series\": [{\"fill\": \"0\", \"chart_type\": \"line\", \"seperate_axis\": 1, \"formatter\": \"number\", \"axis_position\": \"right\", \"split_filters\": [{\"color\": \"rgba(244,78,59,1)\", \"filter\": \"cef.extensions.categoryDeviceGroup:\\\"/Operating System\\\" \", \"id\": \"d9a580c3-eb83-4d20-a391-0934d7df8837\", \"label\": \"Operating System\"}, {\"color\": \"rgba(254,146,0,1)\", \"filter\": \" cef.extensions.categoryDeviceGroup:\\\"/IDS/Host\\\"\", \"id\": \"9ce8be14-6191-4c9a-a679-e3992fdab8d2\", \"label\": \"Host IDS\"}, {\"color\": \"rgba(252,220,0,1)\", \"filter\": \"cef.extensions.categoryDeviceGroup:\\\"/Application\\\"\", \"id\": \"262ecd54-a042-4bfb-b489-d7db8431c36e\", \"label\": \"Application\"}], \"color\": \"rgba(254,37,37,1)\", \"stacked\": \"none\", \"metrics\": [{\"id\": \"845b9164-65f4-4599-b9cc-8d91b6ba8d83\", \"type\": \"count\"}, {\"field\": \"845b9164-65f4-4599-b9cc-8d91b6ba8d83\", \"model_type\": \"simple\", \"beta\": 0.1, \"id\": \"59675e84-1a8e-41df-9f63-875109bd795a\", \"period\": 1, \"alpha\": 0.3, \"multiplicative\": false, \"type\": \"moving_average\", \"gamma\": 0.3, \"window\": \"10\"}], \"id\": \"6a10f77d-4e26-4b27-9c19-f1b0029b075b\", \"split_mode\": \"filters\", \"point_size\": 1, \"line_width\": \"3\", \"label\": \"Events\"}, {\"fill\": 0.5, \"chart_type\": \"bar\", \"seperate_axis\": 1, \"formatter\": \"number\", \"axis_position\": \"left\", \"terms_field\": \"observer.hostname\", \"color\": \"rgba(0,156,224,1)\", \"stacked\": \"none\", \"metrics\": [{\"id\": \"3df841a9-5997-4a1a-ad8f-69620d23e65b\", \"type\": \"count\"}, {\"field\": \"3df841a9-5997-4a1a-ad8f-69620d23e65b\", \"model_type\": \"simple\", \"beta\": 0.1, \"id\": \"9765367a-0fc2-45ba-88a8-e87991210edd\", \"period\": 1, \"alpha\": 0.3, \"multiplicative\": false, \"type\": \"moving_average\", \"gamma\": 0.3, \"window\": \"10\"}], \"id\": \"92e98952-8e25-472f-abb5-05a7d9b830ea\", \"split_mode\": \"terms\", \"point_size\": 1, \"line_width\": 1, \"label\": \"Moving Average by Device HostNames\"}], \"axis_formatter\": \"number\", \"time_field\": \"@timestamp\", \"interval\": \"auto\", \"axis_position\": \"left\", \"type\": \"timeseries\"}}"
            },
            "id": "718b074e-3dd1-4d03-ba11-7f869cdcd703",
            "migrationVersion": {
                "visualization": "7.3.1"
            },
            "references": [],
            "type": "visualization",
            "updated_at": "2019-10-25T16:30:03.318Z",
            "version": "WzEyODEsMV0="
        },
        {
            "attributes": {
                "description": "",
                "kibanaSavedObjectMeta": {
                    "searchSourceJSON": "{\"filter\": []}"
                },
                "savedSearchRefName": "search_0",
                "title": "Top 10 Destination Port [Filebeat CEF]",
                "uiStateJSON": "{}",
                "version": 1,
                "visState": "{\"listeners\": {}, \"type\": \"tagcloud\", \"title\": \"Top 10 Destination Port [Filebeat CEF]\", \"aggs\": [{\"schema\": \"metric\", \"type\": \"count\", \"enabled\": true, \"id\": \"1\", \"params\": {}}, {\"schema\": \"segment\", \"type\": \"terms\", \"enabled\": true, \"id\": \"2\", \"params\": {\"field\": \"destination.port\", \"orderBy\": \"1\", \"size\": 20, \"order\": \"desc\"}}], \"params\": {\"orientation\": \"single\", \"maxFontSize\": 72, \"scale\": \"linear\", \"minFontSize\": 18}}"
            },
            "id": "c5120e27-1f8c-41e3-83ee-78ec4d470c2f",
            "migrationVersion": {
                "visualization": "7.3.1"
            },
            "references": [
                {
                    "id": "5cede2d3-20fe-4140-add4-4c4f841b71a2",
                    "name": "search_0",
                    "type": "search"
                }
            ],
            "type": "visualization",
            "updated_at": "2019-10-25T16:30:03.318Z",
            "version": "WzEyODIsMV0="
        },
        {
            "attributes": {
                "description": "",
                "kibanaSavedObjectMeta": {
                    "searchSourceJSON": "{\"filter\": []}"
                },
                "savedSearchRefName": "search_0",
                "title": "Endpoint Metrics Overview [Filebeat CEF]",
                "uiStateJSON": "{\"vis\": {\"defaultColors\": {\"0 - 100\": \"rgb(0,104,55)\"}}}",
                "version": 1,
                "visState": "{\"listeners\": {}, \"type\": \"metric\", \"title\": \"Endpoint Metrics Overview [Filebeat CEF]\", \"aggs\": [{\"schema\": \"metric\", \"type\": \"count\", \"enabled\": true, \"id\": \"1\", \"params\": {\"customLabel\": \"Event Count\"}}, {\"schema\": \"metric\", \"type\": \"cardinality\", \"enabled\": true, \"id\": \"2\", \"params\": {\"field\": \"observer.hostname\", \"customLabel\": \"Devices\"}}, {\"schema\": \"metric\", \"type\": \"cardinality\", \"enabled\": true, \"id\": \"3\", \"params\": {\"field\": \"source.ip\", \"customLabel\": \"Source\"}}, {\"schema\": \"metric\", \"type\": \"cardinality\", \"enabled\": true, \"id\": \"4\", \"params\": {\"field\": \"destination.ip\", \"customLabel\": \"Destination\"}}, {\"schema\": \"metric\", \"type\": \"cardinality\", \"enabled\": true, \"id\": \"5\", \"params\": {\"field\": \"destination.port\", \"customLabel\": \"Port\"}}], \"params\": {\"gauge\": {\"style\": {\"fontSize\": \"12\", \"bgFill\": \"#000\", \"bgColor\": false, \"labelColor\": false, \"subText\": \"\"}, \"colorSchema\": \"Green to Red\", \"autoExtend\": false, \"gaugeType\": \"Metric\", \"backStyle\": \"Full\", \"type\": \"simple\", \"gaugeColorMode\": \"None\", \"gaugeStyle\": \"Full\", \"percentageMode\": false, \"colorsRange\": [{\"to\": 100, \"from\": 0}], \"scale\": {\"color\": \"#333\", \"labels\": false, \"show\": false, \"width\": 2}, \"labels\": {\"color\": \"black\", \"show\": true}, \"verticalSplit\": false, \"orientation\": \"vertical\", \"useRange\": false, \"invertColors\": false}, \"type\": \"gauge\", \"addTooltip\": true, \"handleNoResults\": true, \"fontSize\": \"30\", \"addLegend\": false}}"
            },
            "id": "7454c034-c5f3-48fe-8fce-ef4385c80350",
            "migrationVersion": {
                "visualization": "7.3.1"
            },
            "references": [
                {
                    "id": "5cede2d3-20fe-4140-add4-4c4f841b71a2",
                    "name": "search_0",
                    "type": "search"
                }
            ],
            "type": "visualization",
            "updated_at": "2019-10-25T16:30:03.318Z",
            "version": "WzEyODMsMV0="
        },
        {
            "attributes": {
                "description": "",
                "kibanaSavedObjectMeta": {
                    "searchSourceJSON": "{\"filter\": []}"
                },
                "savedSearchRefName": "search_0",
                "title": "Outcomes by Device Type [Filebeat CEF]",
                "uiStateJSON": "{\"vis\": {\"legendOpen\": true, \"colors\": {\"/Failure\": \"#BF1B00\"}}}",
                "version": 1,
                "visState": "{\"listeners\": {}, \"type\": \"histogram\", \"title\": \"Outcomes by Device Type [Filebeat CEF]\", \"aggs\": [{\"schema\": \"metric\", \"type\": \"count\", \"enabled\": true, \"id\": \"1\", \"params\": {}}, {\"schema\": \"segment\", \"type\": \"terms\", \"enabled\": true, \"id\": \"2\", \"params\": {\"field\": \"cef.extensions.categoryDeviceType\", \"orderBy\": \"1\", \"size\": 5, \"order\": \"desc\"}}, {\"schema\": \"group\", \"type\": \"terms\", \"enabled\": true, \"id\": \"3\", \"params\": {\"field\": \"cef.extensions.categoryOutcome\", \"orderBy\": \"1\", \"size\": 5, \"order\": \"desc\"}}], \"params\": {\"interpolate\": \"linear\", \"defaultYExtents\": false, \"seriesParams\": [{\"data\": {\"id\": \"1\", \"label\": \"Count\"}, \"showCircles\": true, \"drawLinesBetweenPoints\": true, \"mode\": \"normal\", \"type\": \"histogram\", \"valueAxis\": \"ValueAxis-1\", \"show\": true}], \"legendPosition\": \"right\", \"drawLinesBetweenPoints\": true, \"addTooltip\": true, \"times\": [], \"categoryAxes\": [{\"id\": \"CategoryAxis-1\", \"scale\": {\"type\": \"linear\"}, \"type\": \"category\", \"position\": \"left\", \"labels\": {\"show\": true, \"filter\": false, \"truncate\": 200, \"rotate\": 0}, \"show\": true, \"title\": {\"text\": \"cef.extensions.categoryDeviceType: Descending\"}, \"style\": {}}], \"radiusRatio\": 9, \"addLegend\": true, \"showCircles\": true, \"valueAxes\": [{\"name\": \"LeftAxis-1\", \"id\": \"ValueAxis-1\", \"scale\": {\"mode\": \"normal\", \"type\": \"linear\"}, \"type\": \"value\", \"position\": \"bottom\", \"labels\": {\"show\": true, \"filter\": true, \"truncate\": 100, \"rotate\": 75}, \"show\": true, \"title\": {}, \"style\": {}}], \"addTimeMarker\": false, \"grid\": {\"categoryLines\": false, \"style\": {\"color\": \"#eee\"}}, \"scale\": \"linear\", \"setYExtents\": false}}"
            },
            "id": "118af639-1f37-4541-a960-5a3ff0613e0e",
            "migrationVersion": {
                "visualization": "7.3.1"
            },
            "references": [
                {
                    "id": "5cede2d3-20fe-4140-add4-4c4f841b71a2",
                    "name": "search_0",
                    "type": "search"
                }
            ],
            "type": "visualization",
            "updated_at": "2019-10-25T16:30:03.318Z",
            "version": "WzEyODQsMV0="
        },
        {
            "attributes": {
                "columns": [
                    "cef.extensions.categoryDeviceGroup",
                    "cef.extensions.categoryTechnique",
                    "cef.extensions.categoryOutcome",
                    "cef.extensions.categorySignificance",
                    "cef.extensions.categoryObject",
                    "cef.extensions.categoryBehavior",
                    "cef.extensions.categoryDeviceType"
                ],
                "description": "",
                "hits": 0,
                "kibanaSavedObjectMeta": {
                    "searchSourceJSON": "{\"version\": true, \"query\": {\"query_string\": {\"query\": \"cef.extensions.categoryDeviceGroup:\\\"/Operating System\\\" OR cef.extensions.categoryDeviceGroup:\\\"/IDS/Host\\\" OR cef.extensions.categoryDeviceGroup:\\\"/Application\\\"\", \"analyze_wildcard\": true}}, \"filter\": [], \"highlightAll\": true, \"indexRefName\": \"kibanaSavedObjectMeta.searchSourceJSON.index\"}"
                },
                "sort": [
                    [
                        "@timestamp",
                        "desc"
                    ]
                ],
                "title": "Endpoint Event Explorer [Filebeat CEF]",
                "version": 1
            },
            "id": "5cede2d3-20fe-4140-add4-4c4f841b71a2",
            "migrationVersion": {
                "search": "7.4.0"
            },
            "references": [
                {
                    "id": "filebeat-*",
                    "name": "kibanaSavedObjectMeta.searchSourceJSON.index",
                    "type": "index-pattern"
                }
            ],
            "type": "search",
            "updated_at": "2019-10-25T16:30:03.318Z",
            "version": "WzEyODUsMV0="
        },
        {
            "attributes": {
                "description": "",
                "kibanaSavedObjectMeta": {
                    "searchSourceJSON": "{\"filter\": []}"
                },
                "savedSearchRefName": "search_0",
                "title": "Top 5 Source Countries [Filebeat CEF]",
                "uiStateJSON": "{}",
                "version": 1,
                "visState": "{\"listeners\": {}, \"type\": \"tagcloud\", \"title\": \"Top 5 Source Countries [Filebeat CEF]\", \"aggs\": [{\"schema\": \"metric\", \"type\": \"count\", \"enabled\": true, \"id\": \"1\", \"params\": {}}, {\"schema\": \"segment\", \"type\": \"terms\", \"enabled\": true, \"id\": \"2\", \"params\": {\"field\": \"source.geo.country_iso_code\", \"orderBy\": \"1\", \"size\": 20, \"order\": \"desc\"}}], \"params\": {\"orientation\": \"single\", \"maxFontSize\": 72, \"scale\": \"linear\", \"minFontSize\": 18}}"
            },
            "id": "74d2c072-6dfd-4249-8e63-dc7b0cf3c960",
            "migrationVersion": {
                "visualization": "7.3.1"
            },
            "references": [
                {
                    "id": "5cede2d3-20fe-4140-add4-4c4f841b71a2",
                    "name": "search_0",
                    "type": "search"
                }
            ],
            "type": "visualization",
            "updated_at": "2019-10-25T16:30:03.318Z",
            "version": "WzEyODYsMV0="
        },
        {
            "attributes": {
                "description": "",
                "kibanaSavedObjectMeta": {
                    "searchSourceJSON": "{\"filter\": []}"
                },
                "savedSearchRefName": "search_0",
                "title": "Device Types by Vendor [Filebeat CEF]",
                "uiStateJSON": "{}",
                "version": 1,
                "visState": "{\"listeners\": {}, \"type\": \"pie\", \"title\": \"Device Types by Vendor [Filebeat CEF]\", \"aggs\": [{\"schema\": \"metric\", \"type\": \"count\", \"enabled\": true, \"id\": \"1\", \"params\": {}}, {\"schema\": \"segment\", \"type\": \"terms\", \"enabled\": true, \"id\": \"2\", \"params\": {\"field\": \"cef.extensions.categoryDeviceType\", \"size\": 5, \"orderBy\": \"1\", \"exclude\": \"Network-based IDS/IPS\", \"order\": \"desc\"}}, {\"schema\": \"segment\", \"type\": \"terms\", \"enabled\": true, \"id\": \"3\", \"params\": {\"field\": \"cef.device.vendor\", \"size\": 5, \"orderBy\": \"1\", \"exclude\": \"\", \"order\": \"desc\"}}], \"params\": {\"addTooltip\": true, \"isDonut\": false, \"addLegend\": true, \"legendPosition\": \"right\"}}"
            },
            "id": "f57734dd-0f32-42b4-94dd-5d597f6735e1",
            "migrationVersion": {
                "visualization": "7.3.1"
            },
            "references": [
                {
                    "id": "5cede2d3-20fe-4140-add4-4c4f841b71a2",
                    "name": "search_0",
                    "type": "search"
                }
            ],
            "type": "visualization",
            "updated_at": "2019-10-25T16:30:03.318Z",
            "version": "WzEyODcsMV0="
        },
        {
            "attributes": {
                "description": "",
                "kibanaSavedObjectMeta": {
                    "searchSourceJSON": "{\"filter\": []}"
                },
                "savedSearchRefName": "search_0",
                "title": "Top 10 Source Countries by Event [Filebeat CEF]",
                "uiStateJSON": "{\"vis\": {\"params\": {\"sort\": {\"columnIndex\": null, \"direction\": null}}}}",
                "version": 1,
                "visState": "{\"listeners\": {}, \"type\": \"table\", \"title\": \"Top 10 Source Countries by Event [Filebeat CEF]\", \"aggs\": [{\"schema\": \"metric\", \"type\": \"count\", \"enabled\": true, \"id\": \"1\", \"params\": {\"customLabel\": \"Total Events\"}}, {\"schema\": \"bucket\", \"type\": \"terms\", \"enabled\": true, \"id\": \"2\", \"params\": {\"field\": \"source.geo.country_iso_code\", \"orderBy\": \"1\", \"size\": 35, \"order\": \"desc\"}}, {\"schema\": \"metric\", \"type\": \"cardinality\", \"enabled\": true, \"id\": \"3\", \"params\": {\"field\": \"source.ip\", \"customLabel\": \"Source Addresses\"}}, {\"schema\": \"metric\", \"type\": \"cardinality\", \"enabled\": true, \"id\": \"4\", \"params\": {\"field\": \"destination.ip\", \"customLabel\": \"Destination Addresses\"}}, {\"schema\": \"metric\", \"type\": \"cardinality\", \"enabled\": true, \"id\": \"5\", \"params\": {\"field\": \"destination.port\", \"customLabel\": \"Destination Ports\"}}], \"params\": {\"totalFunc\": \"sum\", \"perPage\": 10, \"showMeticsAtAllLevels\": false, \"showTotal\": false, \"showPartialRows\": false, \"sort\": {\"columnIndex\": null, \"direction\": null}}}"
            },
            "id": "295986d4-d2ea-4541-8e82-7dc95c0cd830",
            "migrationVersion": {
                "visualization": "7.3.1"
            },
            "references": [
                {
                    "id": "5cede2d3-20fe-4140-add4-4c4f841b71a2",
                    "name": "search_0",
                    "type": "search"
                }
            ],
            "type": "visualization",
            "updated_at": "2019-10-25T16:30:03.318Z",
            "version": "WzEyODgsMV0="
        },
        {
            "attributes": {
                "description": "",
                "kibanaSavedObjectMeta": {
                    "searchSourceJSON": "{\"filter\": []}"
                },
                "savedSearchRefName": "search_0",
                "title": "Outcomes by User Names [Filebeat CEF]",
                "uiStateJSON": "{\"vis\": {\"legendOpen\": true, \"colors\": {\"/Success\": \"#64B0C8\", \"/Informational/Warning\": \"#EF843C\", \"Anti-Virus\": \"#B7DBAB\", \"Log Consolidator\": \"#E0F9D7\", \"Host-based IDS/IPS\": \"#629E51\", \"/Informational\": \"#7EB26D\", \"Security Mangement\": \"#CFFAFF\", \"Recon\": \"#BF1B00\", \"Operating System\": \"#3F6833\"}}}",
                "version": 1,
                "visState": "{\"listeners\": {}, \"type\": \"pie\", \"title\": \"Outcomes by User Names [Filebeat CEF]\", \"aggs\": [{\"schema\": \"metric\", \"type\": \"count\", \"enabled\": true, \"id\": \"1\", \"params\": {}}, {\"schema\": \"segment\", \"type\": \"terms\", \"enabled\": true, \"id\": \"2\", \"params\": {\"field\": \"cef.extensions.categoryDeviceType\", \"size\": 5, \"orderBy\": \"1\", \"exclude\": \"Network-based IDS/IPS\", \"order\": \"desc\"}}, {\"schema\": \"segment\", \"type\": \"terms\", \"enabled\": true, \"id\": \"3\", \"params\": {\"field\": \"cef.extensions.categoryOutcome\", \"orderBy\": \"1\", \"size\": 5, \"order\": \"desc\"}}, {\"schema\": \"segment\", \"type\": \"terms\", \"enabled\": true, \"id\": \"6\", \"params\": {\"field\": \"destination.user.name\", \"orderBy\": \"1\", \"size\": 10, \"order\": \"desc\"}}], \"params\": {\"addTooltip\": true, \"isDonut\": false, \"addLegend\": true, \"legendPosition\": \"right\"}}"
            },
            "id": "5bf6e4dc-4273-4e1e-a803-04347eebeb53",
            "migrationVersion": {
                "visualization": "7.3.1"
            },
            "references": [
                {
                    "id": "5cede2d3-20fe-4140-add4-4c4f841b71a2",
                    "name": "search_0",
                    "type": "search"
                }
            ],
            "type": "visualization",
            "updated_at": "2019-10-25T16:30:03.318Z",
            "version": "WzEyODksMV0="
        },
        {
            "attributes": {
                "description": "",
                "kibanaSavedObjectMeta": {
                    "searchSourceJSON": "{\"query\": {\"query_string\": {\"query\": \"*\"}}, \"filter\": []}"
                },
                "title": " Dashboard Navigation [Filebeat CEF]",
                "uiStateJSON": "{}",
                "version": 1,
                "visState": "{\"listeners\": {}, \"type\": \"markdown\", \"title\": \" Dashboard Navigation [Filebeat CEF]\", \"aggs\": [], \"params\": {\"markdown\": \"[Network Overview](#/dashboard/dd0bc9af-2e89-4150-9b42-62517ea56b71) | [Network Suspicious Activity](#/dashboard/db1e1aca-279e-4ecc-b84e-fe58644f7619) | [Endpoint Overview](#dashboard/c10ce1cf-f6b8-4de4-8715-2cb5f6770b3b) | [Endpoint OS Activity](#/dashboard/9e352900-89c3-4c1b-863e-249e24d0dac9) | [Microsoft DNS Overview](#/dashboard/56428e01-0c47-4770-8ba4-9345a029ea41)\"}}"
            },
            "id": "677891a1-90c4-4273-b126-f0e54689bd76",
            "migrationVersion": {
                "visualization": "7.3.1"
            },
            "references": [],
            "type": "visualization",
            "updated_at": "2019-10-25T16:30:06.345Z",
            "version": "WzEzMzYsMV0="
        },
        {
            "attributes": {
                "description": "",
                "kibanaSavedObjectMeta": {
                    "searchSourceJSON": "{\"filter\": []}"
                },
                "savedSearchRefName": "search_0",
                "title": "Top Destination Locations by Event [Filebeat CEF]",
                "uiStateJSON": "{}",
                "version": 1,
                "visState": "{\"listeners\": {}, \"type\": \"tile_map\", \"title\": \"Top Destination Locations by Event [Filebeat CEF]\", \"aggs\": [{\"schema\": \"metric\", \"type\": \"count\", \"enabled\": true, \"id\": \"1\", \"params\": {}}, {\"schema\": \"segment\", \"type\": \"geohash_grid\", \"enabled\": true, \"id\": \"2\", \"params\": {\"field\": \"destination.geo.location\", \"precision\": 2, \"autoPrecision\": true, \"useGeocentroid\": true}}], \"params\": {\"heatNormalizeData\": true, \"wms\": {\"options\": {\"layers\": \"0\", \"transparent\": true, \"version\": \"1.3.0\", \"attribution\": \"Maps provided by USGS\", \"format\": \"image/png\", \"styles\": \"\"}, \"url\": \"https://basemap.nationalmap.gov/arcgis/services/USGSTopo/MapServer/WMSServer\", \"enabled\": false}, \"addTooltip\": true, \"heatMinOpacity\": 0.1, \"mapType\": \"Shaded Circle Markers\", \"mapCenter\": [0, 0], \"heatBlur\": 15, \"mapZoom\": 2, \"isDesaturated\": true, \"heatRadius\": 25, \"heatMaxZoom\": 0, \"legendPosition\": \"bottomright\"}}"
            },
            "id": "aaa80503-6d96-4a33-806f-b8a10aefe696",
            "migrationVersion": {
                "visualization": "7.3.1"
            },
            "references": [
                {
                    "id": "5cede2d3-20fe-4140-add4-4c4f841b71a2",
                    "name": "search_0",
                    "type": "search"
                }
            ],
            "type": "visualization",
            "updated_at": "2019-10-25T16:30:03.318Z",
            "version": "WzEyOTEsMV0="
        }
    ],
    "version": "7.4.1"
}