{
    "objects": [
        {
            "attributes": {
                "description": "",
                "kibanaSavedObjectMeta": {
                    "searchSourceJSON": "{\"query\": {\"query\": \"\", \"language\": \"kuery\"}, \"filter\": []}"
                },
                "savedSearchId": "bfc96a60-0a80-11e8-bffe-ff7d4f68cf94-ecs",
                "title": "Logs Severity [Filebeat MongoDB] ECS",
                "uiStateJSON": "{}",
                "version": 1,
                "visState": "{\"type\": \"pie\", \"title\": \"Logs Severity [Filebeat MongoDB] ECS\", \"aggs\": [{\"schema\": \"metric\", \"type\": \"count\", \"enabled\": true, \"id\": \"1\", \"params\": {}}, {\"schema\": \"segment\", \"type\": \"terms\", \"enabled\": true, \"id\": \"2\", \"params\": {\"field\": \"log.level\", \"customLabel\": \"Log severity\", \"size\": 5, \"order\": \"desc\", \"orderBy\": \"1\"}}], \"params\": {\"addTooltip\": true, \"isDonut\": true, \"type\": \"pie\", \"addLegend\": true, \"legendPosition\": \"right\"}}"
            },
            "id": "0fef5710-0a82-11e8-bffe-ff7d4f68cf94-ecs",
            "type": "visualization",
            "version": 3
        },
        {
            "attributes": {
                "columns": [
                    "mongodb.log.timestamp",
                    "log.level",
                    "mongodb.log.component",
                    "mongodb.log.context",
                    "message"
                ],
                "description": "",
                "hits": 0,
                "kibanaSavedObjectMeta": {
                    "searchSourceJSON": "{\"version\": true, \"query\": {\"query\": \"log.level: F or log.level: W\", \"language\": \"kuery\"}, \"filter\": [], \"highlightAll\": true, \"index\": \"filebeat-*\"}"
                },
                "sort": [
                    "@timestamp",
                    "desc"
                ],
                "title": "Error logs [Filebeat MongoDB] ECS",
                "version": 1
            },
            "id": "e49fe000-0a7e-11e8-bffe-ff7d4f68cf94-ecs",
            "type": "search",
            "version": 3
        },
        {
            "attributes": {
                "columns": [
                    "mongodb.log.timestamp",
                    "log.level",
                    "mongodb.log.component",
                    "mongodb.log.context",
                    "message"
                ],
                "description": "",
                "hits": 0,
                "kibanaSavedObjectMeta": {
                    "searchSourceJSON": "{\"version\": true, \"query\": {\"query\": \"log.level: *\", \"language\": \"kuery\"}, \"filter\": [], \"highlightAll\": true, \"index\": \"filebeat-*\"}"
                },
                "sort": [
                    "mongodb.log.timestamp",
                    "asc"
                ],
                "title": "All logs [Filebeat MongoDB] ECS",
                "version": 1
            },
            "id": "bfc96a60-0a80-11e8-bffe-ff7d4f68cf94-ecs",
            "type": "search",
            "version": 2
        },
        {
            "attributes": {
                "description": "Filebeat MongoDB module overview",
                "hits": 0,
                "kibanaSavedObjectMeta": {
                    "searchSourceJSON": "{\"query\": {\"query\": \"\", \"language\": \"kuery\"}, \"filter\": [], \"highlightAll\": true, \"version\": true}"
                },
                "optionsJSON": "{\"darkTheme\": false}",
                "panelsJSON": "[{\"size_y\": 3, \"id\": \"0fef5710-0a82-11e8-bffe-ff7d4f68cf94-ecs\", \"type\": \"visualization\", \"size_x\": 4, \"panelIndex\": 1, \"col\": 1, \"row\": 1}, {\"size_y\": 3, \"sort\": [\"@timestamp\", \"desc\"], \"id\": \"e49fe000-0a7e-11e8-bffe-ff7d4f68cf94-ecs\", \"type\": \"search\", \"size_x\": 8, \"panelIndex\": 2, \"columns\": [\"mongodb.log.timestamp\", \"log.level\", \"mongodb.log.component\", \"mongodb.log.context\", \"message\"], \"col\": 5, \"row\": 1}, {\"size_y\": 6, \"sort\": [\"mongodb.log.timestamp\", \"asc\"], \"id\": \"bfc96a60-0a80-11e8-bffe-ff7d4f68cf94-ecs\", \"type\": \"search\", \"size_x\": 12, \"panelIndex\": 3, \"columns\": [\"mongodb.log.timestamp\", \"log.level\", \"mongodb.log.component\", \"mongodb.log.context\", \"message\"], \"col\": 1, \"row\": 4}]",
                "timeRestore": false,
                "title": "[Filebeat MongoDB] Overview ECS",
                "uiStateJSON": "{}",
                "version": 1
            },
            "id": "abcf35b0-0a82-11e8-bffe-ff7d4f68cf94-ecs",
            "type": "dashboard",
            "version": 2
        }
    ],
    "version": "6.0.0"
}