{
    "objects": [
        {
            "attributes": {
                "description": "Netflow flow records",
                "hits": 0,
                "kibanaSavedObjectMeta": {
                    "searchSourceJSON": "{\"filter\": [{\"$state\": {\"store\": \"globalState\"}, \"query\": {\"match\": {\"input.type\": {\"query\": \"netflow\", \"type\": \"phrase\"}}}, \"meta\": {\"negate\": false, \"value\": \"netflow\", \"indexRefName\": \"kibanaSavedObjectMeta.searchSourceJSON.filter[0].meta.index\", \"disabled\": false, \"type\": \"phrase\", \"params\": {\"query\": \"netflow\"}, \"key\": \"input.type\", \"alias\": null}}], \"highlightAll\": true, \"version\": true}"
                },
                "optionsJSON": "{\"darkTheme\": false}",
                "panelsJSON": "[{\"size_y\": 2, \"size_x\": 9, \"panelIndex\": 2, \"panelRefName\": \"panel_0\", \"col\": 4, \"row\": 2}, {\"size_y\": 2, \"size_x\": 3, \"panelIndex\": 3, \"panelRefName\": \"panel_1\", \"col\": 1, \"row\": 2}, {\"size_y\": 1, \"size_x\": 12, \"panelIndex\": 4, \"panelRefName\": \"panel_2\", \"col\": 1, \"row\": 1}, {\"size_y\": 4, \"sort\": [\"@timestamp\", \"desc\"], \"size_x\": 12, \"panelIndex\": 5, \"columns\": [\"source.ip\", \"source.port\", \"destination.ip\", \"destination.port\", \"network.transport\", \"network.bytes\", \"network.packets\"], \"panelRefName\": \"panel_3\", \"col\": 1, \"row\": 4}]",
                "timeRestore": false,
                "title": "[Filebeat Netflow] Flow records",
                "uiStateJSON": "{\"P-3\": {\"vis\": {\"defaultColors\": {\"0 - 100\": \"rgb(0,104,55)\"}}}}",
                "version": 1
            },
            "id": "94972700-de4a-4272-9143-2fa8d4981365",
            "migrationVersion": {
                "dashboard": "7.0.0"
            },
            "references": [
                {
                    "id": "filebeat-*",
                    "name": "kibanaSavedObjectMeta.searchSourceJSON.filter[0].meta.index",
                    "type": "index-pattern"
                },
                {
                    "id": "4bb0255e-18ed-45e4-bfb9-de8e35b12094",
                    "name": "panel_0",
                    "type": "visualization"
                },
                {
                    "id": "c27c6a3b-93ee-44d5-8d0c-9b097e575f52",
                    "name": "panel_1",
                    "type": "visualization"
                },
                {
                    "id": "d4e6520a-9ced-47c9-a8f2-7246e8cbd2d3",
                    "name": "panel_2",
                    "type": "visualization"
                },
                {
                    "id": "a34c6611-79d8-4b50-ae3f-8b328d28e24a",
                    "name": "panel_3",
                    "type": "search"
                }
            ],
            "type": "dashboard",
            "updated_at": "2019-07-11T04:44:34.680Z",
            "version": "WzM0MjcsMV0="
        },
        {
            "attributes": {
                "description": "",
                "kibanaSavedObjectMeta": {
                    "searchSourceJSON": "{\"query\": {\"query_string\": {\"query\": \"*\", \"analyze_wildcard\": true}}, \"filter\": [], \"indexRefName\": \"kibanaSavedObjectMeta.searchSourceJSON.index\"}"
                },
                "title": "Flow Records [Filebeat Netflow]",
                "uiStateJSON": "{\"vis\": {\"legendOpen\": true}}",
                "version": 1,
                "visState": "{\"listeners\": {}, \"type\": \"histogram\", \"title\": \"Flow Records [Filebeat Netflow]\", \"aggs\": [{\"schema\": \"metric\", \"type\": \"count\", \"enabled\": true, \"id\": \"1\", \"params\": {\"customLabel\": \"Flow Records\"}}, {\"schema\": \"segment\", \"type\": \"date_histogram\", \"enabled\": true, \"id\": \"2\", \"params\": {\"field\": \"event.end\", \"customLabel\": \"Timeline\", \"extended_bounds\": {}, \"interval\": \"s\", \"min_doc_count\": 1}}, {\"schema\": \"group\", \"type\": \"terms\", \"enabled\": true, \"id\": \"3\", \"params\": {\"field\": \"netflow.exporter.version\", \"customLabel\": \"Version\", \"size\": 5, \"order\": \"desc\", \"orderBy\": \"1\"}}], \"params\": {\"defaultYExtents\": false, \"seriesParams\": [{\"data\": {\"id\": \"1\", \"label\": \"Flow Records\"}, \"showCircles\": true, \"drawLinesBetweenPoints\": true, \"mode\": \"stacked\", \"type\": \"histogram\", \"valueAxis\": \"ValueAxis-1\", \"show\": \"true\"}], \"legendPosition\": \"right\", \"mode\": \"stacked\", \"addTooltip\": true, \"times\": [], \"categoryAxes\": [{\"id\": \"CategoryAxis-1\", \"scale\": {\"type\": \"linear\"}, \"type\": \"category\", \"position\": \"bottom\", \"labels\": {\"show\": true, \"truncate\": 100}, \"show\": true, \"title\": {}, \"style\": {}}], \"addLegend\": true, \"addTimeMarker\": false, \"valueAxes\": [{\"name\": \"LeftAxis-1\", \"id\": \"ValueAxis-1\", \"scale\": {\"mode\": \"normal\", \"type\": \"linear\"}, \"type\": \"value\", \"position\": \"left\", \"labels\": {\"show\": true, \"filter\": false, \"truncate\": 100, \"rotate\": 0}, \"show\": true, \"title\": {\"text\": \"Count\"}, \"style\": {}}], \"grid\": {\"categoryLines\": false, \"style\": {\"color\": \"#eee\"}}, \"scale\": \"linear\", \"setYExtents\": false}}"
            },
            "id": "4bb0255e-18ed-45e4-bfb9-de8e35b12094",
            "migrationVersion": {
                "visualization": "7.2.0"
            },
            "references": [
                {
                    "id": "filebeat-*",
                    "name": "kibanaSavedObjectMeta.searchSourceJSON.index",
                    "type": "index-pattern"
                }
            ],
            "type": "visualization",
            "updated_at": "2019-07-11T04:44:34.680Z",
            "version": "WzM0MjgsMV0="
        },
        {
            "attributes": {
                "description": "",
                "kibanaSavedObjectMeta": {
                    "searchSourceJSON": "{\"query\": {\"query_string\": {\"query\": \"*\", \"analyze_wildcard\": true}}, \"filter\": [], \"indexRefName\": \"kibanaSavedObjectMeta.searchSourceJSON.index\"}"
                },
                "title": "Flow Records [Filebeat Netflow]",
                "uiStateJSON": "{\"vis\": {\"defaultColors\": {\"0 - 100\": \"rgb(0,104,55)\"}}}",
                "version": 1,
                "visState": "{\"listeners\": {}, \"type\": \"metric\", \"title\": \"Flow Records [Filebeat Netflow]\", \"aggs\": [{\"schema\": \"metric\", \"type\": \"count\", \"enabled\": true, \"id\": \"1\", \"params\": {\"customLabel\": \"Flow Records\"}}], \"params\": {\"gauge\": {\"style\": {\"fontSize\": \"36\", \"bgFill\": \"#000\", \"bgColor\": false, \"labelColor\": false, \"subText\": \"\"}, \"colorSchema\": \"Green to Red\", \"autoExtend\": false, \"gaugeType\": \"Metric\", \"backStyle\": \"Full\", \"type\": \"simple\", \"gaugeColorMode\": \"None\", \"gaugeStyle\": \"Full\", \"percentageMode\": false, \"colorsRange\": [{\"to\": 100, \"from\": 0}], \"scale\": {\"color\": \"#333\", \"labels\": false, \"show\": false, \"width\": 2}, \"labels\": {\"color\": \"black\", \"show\": true}, \"verticalSplit\": false, \"orientation\": \"vertical\", \"useRange\": false, \"invertColors\": false}, \"type\": \"gauge\", \"addTooltip\": true, \"handleNoResults\": true, \"fontSize\": \"32\", \"addLegend\": false}}"
            },
            "id": "c27c6a3b-93ee-44d5-8d0c-9b097e575f52",
            "migrationVersion": {
                "visualization": "7.2.0"
            },
            "references": [
                {
                    "id": "filebeat-*",
                    "name": "kibanaSavedObjectMeta.searchSourceJSON.index",
                    "type": "index-pattern"
                }
            ],
            "type": "visualization",
            "updated_at": "2019-07-11T04:44:34.680Z",
            "version": "WzM0MjksMV0="
        },
        {
            "attributes": {
                "description": "",
                "kibanaSavedObjectMeta": {
                    "searchSourceJSON": "{\"query\": {\"query_string\": {\"query\": \"*\", \"analyze_wildcard\": true}}, \"filter\": []}"
                },
                "title": "Dashboard Navigation [Filebeat Netflow]",
                "uiStateJSON": "{}",
                "version": 1,
                "visState": "{\"listeners\": {}, \"type\": \"markdown\", \"title\": \"Dashboard Navigation [Filebeat Netflow]\", \"aggs\": [], \"params\": {\"markdown\": \"[Overview](#/dashboard/34e26884-161a-4448-9556-43b5bf2f62a2) | [Conversation Partners](#/dashboard/acd7a630-0c71-4840-bc9e-4a3801374a32) | [Traffic Analysis](#/dashboard/38012abe-c611-4124-8497-381fcd85acc8) | [Top-N](#/dashboard/14387a13-53bc-43a4-b9cd-63977aa8d87c) | [Geo Location](#/dashboard/77326664-23be-4bf1-a126-6d7e60cfc024) | [Autonomous Systems](#/dashboard/c64665f9-d222-421e-90b0-c7310d944b8a) | [Flow Exporters](#/dashboard/feebb4e6-b13e-4e4e-b9fc-d3a178276425) | [Raw Flow Records](#/dashboard/94972700-de4a-4272-9143-2fa8d4981365)\\n***\"}}"
            },
            "id": "d4e6520a-9ced-47c9-a8f2-7246e8cbd2d3",
            "migrationVersion": {
                "visualization": "7.2.0"
            },
            "references": [],
            "type": "visualization",
            "updated_at": "2019-07-11T04:44:38.685Z",
            "version": "WzM0NjQsMV0="
        },
        {
            "attributes": {
                "columns": [
                    "source.ip",
                    "source.port",
                    "destination.ip",
                    "destination.port",
                    "network.transport",
                    "network.bytes",
                    "network.packets"
                ],
                "description": "",
                "hits": 0,
                "kibanaSavedObjectMeta": {
                    "searchSourceJSON": "{\"version\": true, \"query\": {\"query_string\": {\"query\": \"*\", \"analyze_wildcard\": true}}, \"filter\": [], \"highlightAll\": true, \"indexRefName\": \"kibanaSavedObjectMeta.searchSourceJSON.index\"}"
                },
                "sort": [
                    "@timestamp",
                    "desc"
                ],
                "title": "Flow Records [Filebeat Netflow]",
                "version": 1
            },
            "id": "a34c6611-79d8-4b50-ae3f-8b328d28e24a",
            "migrationVersion": {
                "search": "7.0.0"
            },
            "references": [
                {
                    "id": "filebeat-*",
                    "name": "kibanaSavedObjectMeta.searchSourceJSON.index",
                    "type": "index-pattern"
                }
            ],
            "type": "search",
            "updated_at": "2019-07-11T04:44:34.680Z",
            "version": "WzM0MzEsMV0="
        }
    ],
    "version": "7.2.0"
}