{
    "objects": [
        {
            "attributes": {
                "description": "This dashboard provides expanded alerts overview for Azure cloud",
                "hits": 0,
                "kibanaSavedObjectMeta": {
                    "searchSourceJSON": "{\"query\": {\"query\": \"\", \"language\": \"kuery\"}, \"filter\": []}"
                },
                "optionsJSON": "{\"useMargins\": true, \"hidePanelTitles\": false}",
                "panelsJSON": "[{\"panelIndex\": \"9d1a26e6-2ff0-4d3e-bab3-7bb3c50cd060\", \"panelRefName\": \"panel_0\", \"embeddableConfig\": {\"title\": \"\"}, \"gridData\": {\"w\": 7, \"i\": \"9d1a26e6-2ff0-4d3e-bab3-7bb3c50cd060\", \"h\": 4, \"y\": 0, \"x\": 0}, \"version\": \"7.4.0\"}, {\"panelIndex\": \"676fd632-a9c1-46ed-829b-ca5b55817379\", \"panelRefName\": \"panel_1\", \"embeddableConfig\": {\"title\": \"\"}, \"gridData\": {\"w\": 14, \"i\": \"676fd632-a9c1-46ed-829b-ca5b55817379\", \"h\": 4, \"y\": 0, \"x\": 7}, \"version\": \"7.4.0\"}, {\"panelIndex\": \"096b4eaa-072e-455f-befa-3076f71be12d\", \"panelRefName\": \"panel_2\", \"embeddableConfig\": {}, \"gridData\": {\"w\": 27, \"i\": \"096b4eaa-072e-455f-befa-3076f71be12d\", \"h\": 15, \"y\": 0, \"x\": 21}, \"version\": \"7.4.0\"}, {\"panelIndex\": \"162fb43e-fff3-4f50-aa9b-a713418bd651\", \"panelRefName\": \"panel_3\", \"embeddableConfig\": {}, \"gridData\": {\"w\": 27, \"i\": \"162fb43e-fff3-4f50-aa9b-a713418bd651\", \"h\": 9, \"y\": 15, \"x\": 21}, \"version\": \"7.4.0\"}, {\"panelIndex\": \"36fb5c08-80d9-4a1c-8fde-9c063381fdd8\", \"panelRefName\": \"panel_4\", \"embeddableConfig\": {}, \"gridData\": {\"w\": 21, \"i\": \"36fb5c08-80d9-4a1c-8fde-9c063381fdd8\", \"h\": 20, \"y\": 4, \"x\": 0}, \"version\": \"7.4.0\"}]",
                "timeRestore": false,
                "title": "[Filebeat Azure] Alerts Overview",
                "version": 1
            },
            "id": "0f559cc0-f0d5-11e9-90ec-112a988266d5",
            "migrationVersion": {
                "dashboard": "7.3.0"
            },
            "references": [
                {
                    "id": "46544960-f0d5-11e9-90ec-112a988266d5",
                    "name": "panel_0",
                    "type": "visualization"
                },
                {
                    "id": "097d74d0-f044-11e9-90ec-112a988266d5",
                    "name": "panel_1",
                    "type": "visualization"
                },
                {
                    "id": "52c2a4e0-ec1f-11e9-90ec-112a988266d5",
                    "name": "panel_2",
                    "type": "visualization"
                },
                {
                    "id": "f684a750-ec23-11e9-90ec-112a988266d5",
                    "name": "panel_3",
                    "type": "visualization"
                },
                {
                    "id": "c704b050-f0de-11e9-90ec-112a988266d5",
                    "name": "panel_4",
                    "type": "visualization"
                }
            ],
            "type": "dashboard",
            "updated_at": "2019-10-18T15:21:16.305Z",
            "version": "WzkyNDEsMV0="
        },
        {
            "attributes": {
                "description": "",
                "kibanaSavedObjectMeta": {
                    "searchSourceJSON": "{\"query\": {\"query\": \"\", \"language\": \"kuery\"}, \"filter\": []}"
                },
                "title": "Navigation Alerts [Filebeat Azure]",
                "uiStateJSON": "{}",
                "version": 1,
                "visState": "{\"type\": \"markdown\", \"title\": \"Navigation Alerts [Filebeat Azure]\", \"aggs\": [], \"params\": {\"fontSize\": 10, \"markdown\": \"### Azure Monitoring\\n\\n[Overview](#/dashboard/41e84340-ec20-11e9-90ec-112a988266d5) | [Users](#/dashboard/87095750-f05a-11e9-90ec-112a988266d5) | [**Alerts**](#/dashboard/0f559cc0-f0d5-11e9-90ec-112a988266d5) \", \"openLinksInNewTab\": false}}"
            },
            "id": "46544960-f0d5-11e9-90ec-112a988266d5",
            "migrationVersion": {
                "visualization": "7.3.1"
            },
            "references": [],
            "type": "visualization",
            "updated_at": "2019-10-17T11:57:36.537Z",
            "version": "WzQ5NDAsMV0="
        },
        {
            "attributes": {
                "description": "",
                "kibanaSavedObjectMeta": {
                    "searchSourceJSON": "{\"query\": {\"query\": \"\", \"language\": \"kuery\"}, \"filter\": []}"
                },
                "title": "Subscriptions Filter [Filebeat Azure]",
                "uiStateJSON": "{}",
                "version": 1,
                "visState": "{\"type\": \"input_control_vis\", \"title\": \"Subscriptions Filter [Filebeat Azure]\", \"aggs\": [], \"params\": {\"pinFilters\": false, \"useTimeFilter\": false, \"updateFiltersOnChange\": true, \"controls\": [{\"fieldName\": \"azure.subscription_id\", \"id\": \"1571250866125\", \"type\": \"list\", \"options\": {\"multiselect\": true, \"size\": 5, \"order\": \"desc\", \"dynamicOptions\": true, \"type\": \"terms\"}, \"parent\": \"\", \"indexPatternRefName\": \"control_0_index_pattern\", \"label\": \"Subscription ID\"}]}}"
            },
            "id": "097d74d0-f044-11e9-90ec-112a988266d5",
            "migrationVersion": {
                "visualization": "7.3.1"
            },
            "references": [
                {
                    "id": "filebeat-*",
                    "name": "control_0_index_pattern",
                    "type": "index-pattern"
                }
            ],
            "type": "visualization",
            "updated_at": "2019-10-16T18:37:41.917Z",
            "version": "WzQ0MDEsMV0="
        },
        {
            "attributes": {
                "description": "",
                "kibanaSavedObjectMeta": {
                    "searchSourceJSON": "{\"query\": {\"query\": \"\", \"language\": \"kuery\"}, \"filter\": []}"
                },
                "title": "Alerts Overview [Filebeat Azure]",
                "uiStateJSON": "{}",
                "version": 1,
                "visState": "{\"type\": \"metrics\", \"title\": \"Alerts Overview [Filebeat Azure]\", \"aggs\": [], \"params\": {\"filter\": {\"query\": \"event.dataset :\\\"azure.activitylogs\\\" and event.category : \\\"Alert\\\"\", \"language\": \"kuery\"}, \"isModelInvalid\": false, \"type\": \"timeseries\", \"interval\": \"\", \"axis_formatter\": \"number\", \"time_field\": \"\", \"show_legend\": 0, \"default_index_pattern\": \"metricbeat-*\", \"axis_scale\": \"normal\", \"id\": \"61ca57f0-469d-11e7-af02-69e470af7417\", \"index_pattern\": \"filebeat-*\", \"default_timefield\": \"@timestamp\", \"show_grid\": 1, \"series\": [{\"fill\": 0.5, \"chart_type\": \"line\", \"filter\": {\"query\": \"event.outcome: \\\"Activated\\\"\", \"language\": \"kuery\"}, \"formatter\": \"number\", \"axis_position\": \"right\", \"color\": \"rgba(252,220,0,1)\", \"stacked\": \"none\", \"metrics\": [{\"id\": \"61ca57f2-469d-11e7-af02-69e470af7417\", \"type\": \"count\"}], \"id\": \"61ca57f1-469d-11e7-af02-69e470af7417\", \"split_mode\": \"filter\", \"separate_axis\": 0, \"point_size\": 1, \"line_width\": 1, \"hide_in_legend\": 0}, {\"fill\": 0.5, \"chart_type\": \"line\", \"filter\": {\"query\": \"event.outcome: \\\"Resolved\\\" or event.outcome: \\\"Succeeded\\\"\", \"language\": \"kuery\"}, \"formatter\": \"number\", \"axis_position\": \"right\", \"color\": \"#68BC00\", \"stacked\": \"none\", \"metrics\": [{\"id\": \"5a52f171-ec1e-11e9-b6a7-21d19b63822a\", \"type\": \"count\"}], \"id\": \"5a52f170-ec1e-11e9-b6a7-21d19b63822a\", \"split_mode\": \"filter\", \"separate_axis\": 0, \"point_size\": 1, \"line_width\": 1, \"hide_in_legend\": 0}], \"axis_position\": \"left\"}}"
            },
            "id": "52c2a4e0-ec1f-11e9-90ec-112a988266d5",
            "migrationVersion": {
                "visualization": "7.3.1"
            },
            "references": [],
            "type": "visualization",
            "updated_at": "2019-10-16T18:41:58.846Z",
            "version": "WzQ0MDcsMV0="
        },
        {
            "attributes": {
                "description": "",
                "kibanaSavedObjectMeta": {
                    "searchSourceJSON": "{\"query\": {\"query\": \"event.dataset :\\\"azure.activitylogs\\\" and event.category : \\\"Alert\\\" \", \"language\": \"kuery\"}, \"filter\": [], \"indexRefName\": \"kibanaSavedObjectMeta.searchSourceJSON.index\"}"
                },
                "title": "Alerts Count [Filebeat Azure]",
                "uiStateJSON": "{}",
                "version": 1,
                "visState": "{\"type\": \"metric\", \"title\": \"Alerts Count [Filebeat Azure]\", \"aggs\": [{\"schema\": \"metric\", \"type\": \"count\", \"enabled\": true, \"id\": \"1\", \"params\": {\"customLabel\": \"Alerts\"}}, {\"schema\": \"group\", \"type\": \"filters\", \"enabled\": true, \"id\": \"2\", \"params\": {\"filters\": [{\"input\": {\"query\": \"event.outcome : \\\"Activated\\\"\", \"language\": \"kuery\"}, \"label\": \"Activated\"}, {\"input\": {\"query\": \"event.outcome : \\\"Resolved\\\"\", \"language\": \"kuery\"}, \"label\": \"Resolved\"}, {\"input\": {\"query\": \"event.outcome : \\\"Succeeded\\\"\", \"language\": \"kuery\"}, \"label\": \"Succeeded\"}]}}], \"params\": {\"addTooltip\": true, \"metric\": {\"useRanges\": false, \"style\": {\"fontSize\": 60, \"bgFill\": \"#000\", \"bgColor\": false, \"labelColor\": false, \"subText\": \"\"}, \"colorSchema\": \"Green to Red\", \"percentageMode\": false, \"colorsRange\": [{\"to\": 10000, \"from\": 0, \"type\": \"range\"}], \"metricColorMode\": \"None\", \"labels\": {\"show\": true}, \"invertColors\": false}, \"type\": \"metric\", \"addLegend\": false, \"dimensions\": {\"metrics\": [{\"accessor\": 1, \"format\": {\"params\": {}, \"id\": \"number\"}, \"type\": \"vis_dimension\"}], \"bucket\": {\"accessor\": 0, \"format\": {\"params\": {}, \"id\": \"string\"}, \"type\": \"vis_dimension\"}}}}"
            },
            "id": "f684a750-ec23-11e9-90ec-112a988266d5",
            "migrationVersion": {
                "visualization": "7.3.1"
            },
            "references": [
                {
                    "id": "filebeat-*",
                    "name": "kibanaSavedObjectMeta.searchSourceJSON.index",
                    "type": "index-pattern"
                }
            ],
            "type": "visualization",
            "updated_at": "2019-10-16T18:44:12.955Z",
            "version": "WzQ0MTAsMV0="
        },
        {
            "attributes": {
                "description": "",
                "kibanaSavedObjectMeta": {
                    "searchSourceJSON": "{\"query\": {\"query\": \"event.dataset :\\\"azure.activitylogs\\\" and event.category : \\\"Alert\\\" \", \"language\": \"kuery\"}, \"filter\": [], \"indexRefName\": \"kibanaSavedObjectMeta.searchSourceJSON.index\"}"
                },
                "title": "Alerts Heatmap [Filebeat Azure]",
                "uiStateJSON": "{\"vis\": {\"defaultColors\": {\"0\": \"rgb(247,252,245)\"}}}",
                "version": 1,
                "visState": "{\"type\": \"heatmap\", \"title\": \"Alerts Heatmap [Filebeat Azure]\", \"aggs\": [{\"schema\": \"metric\", \"type\": \"count\", \"enabled\": true, \"id\": \"1\", \"params\": {}}, {\"schema\": \"segment\", \"type\": \"terms\", \"enabled\": true, \"id\": \"2\", \"params\": {\"field\": \"azure.resource.provider\", \"orderBy\": \"1\", \"size\": 5, \"order\": \"desc\", \"missingBucket\": false, \"customLabel\": \"Provider\", \"otherBucket\": false, \"missingBucketLabel\": \"Missing\", \"otherBucketLabel\": \"Other\"}}, {\"schema\": \"group\", \"type\": \"terms\", \"enabled\": true, \"id\": \"3\", \"params\": {\"field\": \"azure.resource.group\", \"orderBy\": \"1\", \"size\": 5, \"order\": \"desc\", \"missingBucket\": false, \"customLabel\": \"Resource Group\", \"otherBucket\": false, \"missingBucketLabel\": \"Missing\", \"otherBucketLabel\": \"Other\"}}], \"params\": {\"colorsNumber\": 4, \"colorSchema\": \"Greens\", \"legendPosition\": \"right\", \"dimensions\": {\"y\": [{\"accessor\": 1, \"aggType\": \"count\", \"format\": {\"id\": \"number\"}, \"params\": {}}], \"x\": {\"accessor\": 0, \"aggType\": \"terms\", \"format\": {\"params\": {\"missingBucketLabel\": \"Missing\", \"otherBucketLabel\": \"Other\", \"id\": \"string\"}, \"id\": \"terms\"}, \"params\": {}}}, \"addTooltip\": true, \"times\": [], \"type\": \"heatmap\", \"addLegend\": true, \"valueAxes\": [{\"labels\": {\"color\": \"black\", \"overwriteColor\": false, \"show\": false, \"rotate\": 0}, \"show\": false, \"scale\": {\"defaultYExtents\": false, \"type\": \"linear\"}, \"id\": \"ValueAxis-1\", \"type\": \"value\"}], \"enableHover\": false, \"colorsRange\": [], \"percentageMode\": false, \"setColorRange\": false, \"invertColors\": false}}"
            },
            "id": "c704b050-f0de-11e9-90ec-112a988266d5",
            "migrationVersion": {
                "visualization": "7.3.1"
            },
            "references": [
                {
                    "id": "filebeat-*",
                    "name": "kibanaSavedObjectMeta.searchSourceJSON.index",
                    "type": "index-pattern"
                }
            ],
            "type": "visualization",
            "updated_at": "2019-10-17T13:05:22.389Z",
            "version": "WzQ5NTYsMV0="
        }
    ],
    "version": "7.4.0"
}