{
    "objects": [
        {
            "attributes": {
                "description": "Summary of events from AWS CloudTrail.",
                "hits": 0,
                "kibanaSavedObjectMeta": {
                    "searchSourceJSON": "{\"query\": {\"query\": \"\", \"language\": \"kuery\"}, \"filter\": []}"
                },
                "optionsJSON": "{\"useMargins\": true, \"hidePanelTitles\": false}",
                "panelsJSON": "[{\"panelIndex\": \"85d26d9a-2a71-4b98-a026-5f513094d6e5\", \"panelRefName\": \"panel_0\", \"embeddableConfig\": {\"isLayerTOCOpen\": false, \"openTOCDetails\": [], \"hiddenLayers\": [], \"mapCenter\": {\"lon\": -12.20429, \"zoom\": 0.97, \"lat\": 17.90562}}, \"gridData\": {\"w\": 24, \"i\": \"85d26d9a-2a71-4b98-a026-5f513094d6e5\", \"h\": 15, \"y\": 0, \"x\": 0}, \"version\": \"8.0.0-SNAPSHOT\"}, {\"panelIndex\": \"6b3eff90-3071-451e-a827-ca569e0ac10b\", \"panelRefName\": \"panel_1\", \"embeddableConfig\": {\"vis\": {\"colors\": {\"success\": \"#629E51\", \"failure\": \"#E24D42\"}}, \"colors\": {\"failure\": \"#E24D42\"}}, \"gridData\": {\"w\": 24, \"i\": \"6b3eff90-3071-451e-a827-ca569e0ac10b\", \"h\": 15, \"y\": 0, \"x\": 24}, \"version\": \"8.0.0-SNAPSHOT\"}, {\"panelIndex\": \"952e456a-e9ae-4606-b838-e16019375336\", \"panelRefName\": \"panel_2\", \"embeddableConfig\": {}, \"gridData\": {\"w\": 12, \"i\": \"952e456a-e9ae-4606-b838-e16019375336\", \"h\": 13, \"y\": 15, \"x\": 0}, \"version\": \"8.0.0-SNAPSHOT\"}, {\"panelIndex\": \"802ad09d-5883-4e41-99ac-6c356144d24d\", \"panelRefName\": \"panel_3\", \"embeddableConfig\": {}, \"gridData\": {\"w\": 12, \"i\": \"802ad09d-5883-4e41-99ac-6c356144d24d\", \"h\": 13, \"y\": 15, \"x\": 12}, \"version\": \"8.0.0-SNAPSHOT\"}, {\"panelIndex\": \"3e617d87-3acf-4203-b03b-c907c9145fce\", \"panelRefName\": \"panel_4\", \"embeddableConfig\": {}, \"gridData\": {\"w\": 12, \"i\": \"3e617d87-3acf-4203-b03b-c907c9145fce\", \"h\": 13, \"y\": 15, \"x\": 24}, \"version\": \"8.0.0-SNAPSHOT\"}, {\"panelIndex\": \"d6f03440-c717-4f5e-928c-72ae9d450318\", \"panelRefName\": \"panel_5\", \"embeddableConfig\": {}, \"gridData\": {\"w\": 12, \"i\": \"d6f03440-c717-4f5e-928c-72ae9d450318\", \"h\": 13, \"y\": 15, \"x\": 36}, \"version\": \"8.0.0-SNAPSHOT\"}, {\"panelIndex\": \"2b82a2c9-3809-447c-8e95-52125acccb42\", \"panelRefName\": \"panel_6\", \"embeddableConfig\": {}, \"gridData\": {\"w\": 30, \"i\": \"2b82a2c9-3809-447c-8e95-52125acccb42\", \"h\": 13, \"y\": 28, \"x\": 0}, \"version\": \"8.0.0-SNAPSHOT\"}, {\"panelIndex\": \"40f0a89b-7ce5-498f-a0f0-5c7edf7f8b50\", \"panelRefName\": \"panel_7\", \"embeddableConfig\": {}, \"gridData\": {\"w\": 18, \"i\": \"40f0a89b-7ce5-498f-a0f0-5c7edf7f8b50\", \"h\": 13, \"y\": 28, \"x\": 30}, \"version\": \"8.0.0-SNAPSHOT\"}]",
                "timeRestore": false,
                "title": "[Filebeat AWS] CloudTrail",
                "version": 1
            },
            "id": "9c09cd20-7399-11ea-a345-f985c61fe654",
            "migrationVersion": {
                "dashboard": "7.3.0"
            },
            "references": [
                {
                    "id": "dae24080-739a-11ea-a345-f985c61fe654",
                    "name": "panel_0",
                    "type": "map"
                },
                {
                    "id": "4c23e4c0-739a-11ea-a345-f985c61fe654",
                    "name": "panel_1",
                    "type": "visualization"
                },
                {
                    "id": "396089c0-7399-11ea-a345-f985c61fe654",
                    "name": "panel_2",
                    "type": "visualization"
                },
                {
                    "id": "0f056420-739e-11ea-a345-f985c61fe654",
                    "name": "panel_3",
                    "type": "visualization"
                },
                {
                    "id": "7bca4f50-739c-11ea-a345-f985c61fe654",
                    "name": "panel_4",
                    "type": "visualization"
                },
                {
                    "id": "f8b63860-739e-11ea-a345-f985c61fe654",
                    "name": "panel_5",
                    "type": "visualization"
                },
                {
                    "id": "30ccde50-7397-11ea-a345-f985c61fe654",
                    "name": "panel_6",
                    "type": "search"
                },
                {
                    "id": "8ec43590-739b-11ea-a345-f985c61fe654",
                    "name": "panel_7",
                    "type": "visualization"
                }
            ],
            "type": "dashboard",
            "updated_at": "2020-03-31T22:31:45.309Z",
            "version": "WzEzNjcsM10="
        },
        {
            "attributes": {
                "bounds": {
                    "coordinates": [
                        [
                            [
                                -180,
                                74.14342
                            ],
                            [
                                -180,
                                -58.35006
                            ],
                            [
                                180,
                                -58.35006
                            ],
                            [
                                180,
                                74.14342
                            ],
                            [
                                -180,
                                74.14342
                            ]
                        ]
                    ],
                    "type": "Polygon"
                },
                "description": "",
                "layerListJSON": "[{\"sourceDescriptor\":{\"type\":\"EMS_TMS\",\"isAutoSelect\":true},\"id\":\"2c7b49fb-3fb5-4e18-b27f-fabe930971f3\",\"label\":null,\"minZoom\":0,\"maxZoom\":24,\"alpha\":1,\"visible\":true,\"style\":{},\"type\":\"VECTOR_TILE\"},{\"sourceDescriptor\":{\"id\":\"7bfe2df9-9398-4f1a-8cf7-b57aa5f3f31e\",\"geoField\":\"source.geo.location\",\"filterByMapBounds\":true,\"scalingType\":\"LIMIT\",\"topHitsSize\":1,\"type\":\"ES_SEARCH\",\"tooltipProperties\":[],\"sortField\":\"\",\"sortOrder\":\"desc\",\"applyGlobalQuery\":true,\"indexPatternRefName\":\"layer_1_source_index_pattern\"},\"style\":{\"type\":\"VECTOR\",\"properties\":{\"icon\":{\"type\":\"STATIC\",\"options\":{\"value\":\"marker\"}},\"fillColor\":{\"type\":\"STATIC\",\"options\":{\"color\":\"#54B399\"}},\"lineColor\":{\"type\":\"STATIC\",\"options\":{\"color\":\"#41937c\"}},\"lineWidth\":{\"type\":\"STATIC\",\"options\":{\"size\":1}},\"iconSize\":{\"type\":\"STATIC\",\"options\":{\"size\":6}},\"iconOrientation\":{\"type\":\"STATIC\",\"options\":{\"orientation\":0}},\"labelText\":{\"type\":\"STATIC\",\"options\":{\"value\":\"\"}},\"labelColor\":{\"type\":\"STATIC\",\"options\":{\"color\":\"#000000\"}},\"labelSize\":{\"type\":\"STATIC\",\"options\":{\"size\":14}},\"labelBorderColor\":{\"type\":\"STATIC\",\"options\":{\"color\":\"#FFFFFF\"}},\"symbolizeAs\":{\"options\":{\"value\":\"circle\"}},\"labelBorderSize\":{\"options\":{\"size\":\"SMALL\"}}},\"isTimeAware\":true},\"id\":\"a10fa758-30ad-4e2a-bf9d-472e133a7f17\",\"label\":\"CloudTrail Soure Location\",\"minZoom\":0,\"maxZoom\":24,\"alpha\":0.75,\"visible\":true,\"type\":\"VECTOR\",\"joins\":[],\"query\":{\"query\":\"event.dataset:aws.cloudtrail\",\"language\":\"kuery\"}}]",
                "mapStateJSON": "{\"zoom\":1.97,\"center\":{\"lon\":0,\"lat\":19.94277},\"timeFilters\":{\"from\":\"now-15m\",\"to\":\"now\"},\"refreshConfig\":{\"isPaused\":false,\"interval\":0},\"query\":{\"query\":\"\",\"language\":\"kuery\"},\"filters\":[]}",
                "title": "CloudTrail Source Location [Filebeat AWS]",
                "uiStateJSON": "{\"isLayerTOCOpen\": true, \"openTOCDetails\": []}"
            },
            "id": "dae24080-739a-11ea-a345-f985c61fe654",
            "references": [
                {
                    "id": "filebeat-*",
                    "name": "layer_1_source_index_pattern",
                    "type": "index-pattern"
                }
            ],
            "type": "map",
            "updated_at": "2020-03-31T21:59:12.263Z",
            "version": "WzEyOTgsM10="
        },
        {
            "attributes": {
                "description": "",
                "kibanaSavedObjectMeta": {
                    "searchSourceJSON": "{\"query\": {\"query\": \"\", \"language\": \"kuery\"}, \"filter\": []}"
                },
                "savedSearchRefName": "search_0",
                "title": "CloudTrail Event Outcome over time [Filebeat AWS]",
                "uiStateJSON": "{}",
                "version": 1,
                "visState": "{\"type\": \"area\", \"title\": \"CloudTrail Event Outcome over time [Filebeat AWS]\", \"aggs\": [{\"schema\": \"metric\", \"type\": \"count\", \"enabled\": true, \"id\": \"1\", \"params\": {}}, {\"schema\": \"segment\", \"type\": \"date_histogram\", \"enabled\": true, \"id\": \"2\", \"params\": {\"field\": \"@timestamp\", \"timeRange\": {\"to\": \"now\", \"from\": \"now-24h\"}, \"drop_partials\": false, \"scaleMetricValues\": false, \"useNormalizedEsInterval\": true, \"extended_bounds\": {}, \"interval\": \"auto\", \"min_doc_count\": 1}}, {\"schema\": \"group\", \"type\": \"terms\", \"enabled\": true, \"id\": \"3\", \"params\": {\"field\": \"event.outcome\", \"orderBy\": \"1\", \"order\": \"desc\", \"missingBucket\": true, \"missingBucketLabel\": \"[unknown]\", \"otherBucket\": false, \"size\": 5, \"otherBucketLabel\": \"Other\"}}], \"params\": {\"seriesParams\": [{\"data\": {\"id\": \"1\", \"label\": \"Count\"}, \"interpolate\": \"linear\", \"showCircles\": true, \"drawLinesBetweenPoints\": true, \"mode\": \"stacked\", \"type\": \"area\", \"valueAxis\": \"ValueAxis-1\", \"lineWidth\": 2, \"show\": true}], \"legendPosition\": \"right\", \"type\": \"area\", \"addTooltip\": true, \"times\": [], \"categoryAxes\": [{\"id\": \"CategoryAxis-1\", \"scale\": {\"type\": \"linear\"}, \"type\": \"category\", \"position\": \"bottom\", \"labels\": {\"show\": true, \"filter\": true, \"truncate\": 100}, \"show\": true, \"title\": {}, \"style\": {}}], \"addLegend\": true, \"addTimeMarker\": false, \"valueAxes\": [{\"name\": \"LeftAxis-1\", \"id\": \"ValueAxis-1\", \"scale\": {\"mode\": \"normal\", \"type\": \"linear\"}, \"type\": \"value\", \"position\": \"left\", \"labels\": {\"show\": true, \"filter\": false, \"truncate\": 100, \"rotate\": 0}, \"show\": true, \"title\": {\"text\": \"Count\"}, \"style\": {}}], \"grid\": {\"categoryLines\": false}, \"labels\": {}, \"thresholdLine\": {\"color\": \"#E7664C\", \"show\": false, \"style\": \"full\", \"value\": 10, \"width\": 1}}}"
            },
            "id": "4c23e4c0-739a-11ea-a345-f985c61fe654",
            "migrationVersion": {
                "visualization": "7.4.2"
            },
            "references": [
                {
                    "id": "30ccde50-7397-11ea-a345-f985c61fe654",
                    "name": "search_0",
                    "type": "search"
                }
            ],
            "type": "visualization",
            "updated_at": "2020-03-31T21:55:12.780Z",
            "version": "WzEyODksM10="
        },
        {
            "attributes": {
                "description": "event.action values separated by event.provider.",
                "kibanaSavedObjectMeta": {
                    "searchSourceJSON": "{\"query\": {\"query\": \"\", \"language\": \"kuery\"}, \"filter\": []}"
                },
                "savedSearchRefName": "search_0",
                "title": "CloudTrail Actions [Filebeat AWS]",
                "uiStateJSON": "{}",
                "version": 1,
                "visState": "{\"type\": \"pie\", \"title\": \"CloudTrail Actions [Filebeat AWS]\", \"aggs\": [{\"schema\": \"metric\", \"type\": \"count\", \"enabled\": true, \"id\": \"1\", \"params\": {}}, {\"schema\": \"segment\", \"type\": \"terms\", \"enabled\": true, \"id\": \"3\", \"params\": {\"field\": \"event.provider\", \"orderBy\": \"1\", \"order\": \"desc\", \"missingBucket\": false, \"missingBucketLabel\": \"Missing\", \"otherBucket\": false, \"size\": 5, \"otherBucketLabel\": \"Other\"}}, {\"schema\": \"segment\", \"type\": \"terms\", \"enabled\": true, \"id\": \"2\", \"params\": {\"field\": \"event.action\", \"orderBy\": \"1\", \"order\": \"desc\", \"missingBucket\": false, \"missingBucketLabel\": \"Missing\", \"otherBucket\": false, \"size\": 5, \"otherBucketLabel\": \"Other\"}}], \"params\": {\"isDonut\": true, \"legendPosition\": \"right\", \"type\": \"pie\", \"addTooltip\": true, \"labels\": {\"last_level\": true, \"show\": false, \"values\": true, \"truncate\": 100}, \"addLegend\": true}}"
            },
            "id": "396089c0-7399-11ea-a345-f985c61fe654",
            "migrationVersion": {
                "visualization": "7.4.2"
            },
            "references": [
                {
                    "id": "30ccde50-7397-11ea-a345-f985c61fe654",
                    "name": "search_0",
                    "type": "search"
                }
            ],
            "type": "visualization",
            "updated_at": "2020-03-31T21:47:31.804Z",
            "version": "WzEyODIsM10="
        },
        {
            "attributes": {
                "description": "",
                "kibanaSavedObjectMeta": {
                    "searchSourceJSON": "{\"query\": {\"query\": \"\", \"language\": \"kuery\"}, \"filter\": []}"
                },
                "savedSearchRefName": "search_0",
                "title": "CloudTrail Event Type [Filebeat AWS]",
                "uiStateJSON": "{}",
                "version": 1,
                "visState": "{\"type\": \"pie\", \"title\": \"CloudTrail Event Type [Filebeat AWS]\", \"aggs\": [{\"schema\": \"metric\", \"type\": \"count\", \"enabled\": true, \"id\": \"1\", \"params\": {}}, {\"schema\": \"segment\", \"type\": \"terms\", \"enabled\": true, \"id\": \"2\", \"params\": {\"field\": \"aws.cloudtrail.event_type\", \"orderBy\": \"1\", \"size\": 5, \"order\": \"desc\", \"missingBucket\": false, \"customLabel\": \"CloudTrail Event Type\", \"otherBucket\": false, \"missingBucketLabel\": \"Missing\", \"otherBucketLabel\": \"Other\"}}], \"params\": {\"isDonut\": true, \"legendPosition\": \"right\", \"type\": \"pie\", \"addTooltip\": true, \"labels\": {\"last_level\": true, \"show\": false, \"values\": true, \"truncate\": 100}, \"addLegend\": true}}"
            },
            "id": "0f056420-739e-11ea-a345-f985c61fe654",
            "migrationVersion": {
                "visualization": "7.4.2"
            },
            "references": [
                {
                    "id": "30ccde50-7397-11ea-a345-f985c61fe654",
                    "name": "search_0",
                    "type": "search"
                }
            ],
            "type": "visualization",
            "updated_at": "2020-03-31T22:22:08.226Z",
            "version": "WzEzNDAsM10="
        },
        {
            "attributes": {
                "description": "",
                "kibanaSavedObjectMeta": {
                    "searchSourceJSON": "{\"query\": {\"query\": \"\", \"language\": \"kuery\"}, \"filter\": []}"
                },
                "savedSearchRefName": "search_0",
                "title": "CloudTrail User Agents [Filebeat AWS]",
                "uiStateJSON": "{}",
                "version": 1,
                "visState": "{\"type\": \"pie\", \"title\": \"CloudTrail User Agents [Filebeat AWS]\", \"aggs\": [{\"schema\": \"metric\", \"type\": \"count\", \"enabled\": true, \"id\": \"1\", \"params\": {}}, {\"schema\": \"segment\", \"type\": \"terms\", \"enabled\": true, \"id\": \"2\", \"params\": {\"field\": \"user_agent.name\", \"orderBy\": \"1\", \"order\": \"desc\", \"missingBucket\": false, \"missingBucketLabel\": \"Missing\", \"otherBucket\": false, \"size\": 5, \"otherBucketLabel\": \"Other\"}}], \"params\": {\"isDonut\": true, \"legendPosition\": \"right\", \"type\": \"pie\", \"addTooltip\": true, \"labels\": {\"last_level\": true, \"show\": false, \"values\": true, \"truncate\": 100}, \"addLegend\": true}}"
            },
            "id": "7bca4f50-739c-11ea-a345-f985c61fe654",
            "migrationVersion": {
                "visualization": "7.4.2"
            },
            "references": [
                {
                    "id": "30ccde50-7397-11ea-a345-f985c61fe654",
                    "name": "search_0",
                    "type": "search"
                }
            ],
            "type": "visualization",
            "updated_at": "2020-03-31T22:10:51.717Z",
            "version": "WzEzMjAsM10="
        },
        {
            "attributes": {
                "description": "",
                "kibanaSavedObjectMeta": {
                    "searchSourceJSON": "{\"query\": {\"query\": \"\", \"language\": \"kuery\"}, \"filter\": []}"
                },
                "savedSearchRefName": "search_0",
                "title": "CloudTrail Error Code [Filebeat AWS]",
                "uiStateJSON": "{}",
                "version": 1,
                "visState": "{\"type\": \"pie\", \"title\": \"CloudTrail Error Code [Filebeat AWS]\", \"aggs\": [{\"schema\": \"metric\", \"type\": \"count\", \"enabled\": true, \"id\": \"1\", \"params\": {}}, {\"schema\": \"segment\", \"type\": \"terms\", \"enabled\": true, \"id\": \"2\", \"params\": {\"field\": \"aws.cloudtrail.error_code\", \"orderBy\": \"1\", \"order\": \"desc\", \"missingBucket\": false, \"missingBucketLabel\": \"Missing\", \"otherBucket\": false, \"size\": 20, \"otherBucketLabel\": \"Other\"}}], \"params\": {\"isDonut\": true, \"legendPosition\": \"right\", \"type\": \"pie\", \"addTooltip\": true, \"labels\": {\"last_level\": true, \"show\": false, \"values\": true, \"truncate\": 100}, \"addLegend\": true}}"
            },
            "id": "f8b63860-739e-11ea-a345-f985c61fe654",
            "migrationVersion": {
                "visualization": "7.4.2"
            },
            "references": [
                {
                    "id": "30ccde50-7397-11ea-a345-f985c61fe654",
                    "name": "search_0",
                    "type": "search"
                }
            ],
            "type": "visualization",
            "updated_at": "2020-03-31T22:28:40.294Z",
            "version": "WzEzNTgsM10="
        },
        {
            "attributes": {
                "columns": [
                    "user.id",
                    "event.provider",
                    "aws.cloudtrail.event_type",
                    "event.action",
                    "event.outcome",
                    "source.address",
                    "source.geo.region_name"
                ],
                "description": "",
                "hits": 0,
                "kibanaSavedObjectMeta": {
                    "searchSourceJSON": "{\"version\": true, \"query\": {\"query\": \"\", \"language\": \"kuery\"}, \"filter\": [{\"$state\": {\"store\": \"appState\"}, \"query\": {\"match_phrase\": {\"event.dataset\": \"aws.cloudtrail\"}}, \"meta\": {\"negate\": false, \"indexRefName\": \"kibanaSavedObjectMeta.searchSourceJSON.filter[0].meta.index\", \"disabled\": false, \"type\": \"phrase\", \"params\": {\"query\": \"aws.cloudtrail\"}, \"key\": \"event.dataset\", \"alias\": null}}], \"highlightAll\": true, \"indexRefName\": \"kibanaSavedObjectMeta.searchSourceJSON.index\"}"
                },
                "sort": [],
                "title": "CloudTrail Events [Filebeat AWS]",
                "version": 1
            },
            "id": "30ccde50-7397-11ea-a345-f985c61fe654",
            "migrationVersion": {
                "search": "7.4.0"
            },
            "references": [
                {
                    "id": "filebeat-*",
                    "name": "kibanaSavedObjectMeta.searchSourceJSON.index",
                    "type": "index-pattern"
                },
                {
                    "id": "filebeat-*",
                    "name": "kibanaSavedObjectMeta.searchSourceJSON.filter[0].meta.index",
                    "type": "index-pattern"
                }
            ],
            "type": "search",
            "updated_at": "2020-03-31T21:32:58.421Z",
            "version": "WzEyNzMsM10="
        },
        {
            "attributes": {
                "description": "",
                "kibanaSavedObjectMeta": {
                    "searchSourceJSON": "{\"query\": {\"query\": \"\", \"language\": \"kuery\"}, \"filter\": []}"
                },
                "savedSearchRefName": "search_0",
                "title": "CloudTrail Top User IDs [Filebeat AWS]",
                "uiStateJSON": "{\"vis\": {\"params\": {\"sort\": {\"columnIndex\": null, \"direction\": null}}}}",
                "version": 1,
                "visState": "{\"type\": \"table\", \"title\": \"CloudTrail Top User IDs [Filebeat AWS]\", \"aggs\": [{\"schema\": \"metric\", \"type\": \"count\", \"enabled\": true, \"id\": \"1\", \"params\": {\"customLabel\": \"Event Count\"}}, {\"schema\": \"bucket\", \"type\": \"terms\", \"enabled\": true, \"id\": \"2\", \"params\": {\"field\": \"user.id\", \"orderBy\": \"1\", \"size\": 25, \"order\": \"desc\", \"missingBucket\": false, \"customLabel\": \"User ID\", \"otherBucket\": false, \"missingBucketLabel\": \"Missing\", \"otherBucketLabel\": \"Other\"}}], \"params\": {\"showPartialRows\": false, \"perPage\": 10, \"totalFunc\": \"sum\", \"showMetricsAtAllLevels\": false, \"showTotal\": false, \"percentageCol\": \"\", \"sort\": {\"columnIndex\": null, \"direction\": null}}}"
            },
            "id": "8ec43590-739b-11ea-a345-f985c61fe654",
            "migrationVersion": {
                "visualization": "7.4.2"
            },
            "references": [
                {
                    "id": "30ccde50-7397-11ea-a345-f985c61fe654",
                    "name": "search_0",
                    "type": "search"
                }
            ],
            "type": "visualization",
            "updated_at": "2020-03-31T22:04:14.057Z",
            "version": "WzEzMTEsM10="
        }
    ],
    "version": "8.0.0-SNAPSHOT"
}