{
    "objects": [
        {
            "attributes": {
                "description": "",
                "kibanaSavedObjectMeta": {
                    "searchSourceJSON": "{\"query\": {\"query\": \"\", \"language\": \"kuery\"}, \"filter\": [], \"index\": \"filebeat-*\"}"
                },
                "title": "Access map [Filebeat IIS] ECS",
                "uiStateJSON": "{}",
                "version": 1,
                "visState": "{\"type\": \"tile_map\", \"title\": \"Access map [Filebeat IIS] ECS\", \"aggs\": [{\"schema\": \"metric\", \"type\": \"count\", \"enabled\": true, \"id\": \"1\", \"params\": {}}, {\"schema\": \"segment\", \"type\": \"geohash_grid\", \"enabled\": true, \"id\": \"2\", \"params\": {\"field\": \"source.geo.location\", \"isFilteredByCollar\": true, \"precision\": 2, \"autoPrecision\": true, \"useGeocentroid\": true}}], \"params\": {\"heatClusterSize\": 1.5, \"isDesaturated\": true, \"legendPosition\": \"bottomright\", \"mapZoom\": 2, \"wms\": {\"options\": {\"format\": \"image/png\", \"transparent\": true}, \"enabled\": false}, \"addTooltip\": true, \"mapType\": \"Scaled Circle Markers\", \"mapCenter\": [0, 0]}}"
            },
            "id": "eb2db5b0-fe11-11e7-a3b0-d13028918f9f-ecs",
            "type": "visualization",
            "updated_at": "2018-01-20T18:44:17.162Z",
            "version": 1
        },
        {
            "attributes": {
                "description": "",
                "kibanaSavedObjectMeta": {
                    "searchSourceJSON": "{\"query\": {\"query\": \"\", \"language\": \"kuery\"}, \"filter\": [], \"index\": \"filebeat-*\"}"
                },
                "title": "Response codes over time [Filebeat IIS] ECS",
                "uiStateJSON": "{}",
                "version": 1,
                "visState": "{\"type\": \"histogram\", \"title\": \"Response codes over time [Filebeat IIS] ECS\", \"aggs\": [{\"schema\": \"metric\", \"type\": \"count\", \"enabled\": true, \"id\": \"1\", \"params\": {}}, {\"schema\": \"segment\", \"type\": \"date_histogram\", \"enabled\": true, \"id\": \"2\", \"params\": {\"field\": \"@timestamp\", \"interval\": \"auto\", \"extended_bounds\": {}, \"customInterval\": \"2h\", \"min_doc_count\": 1}}, {\"schema\": \"group\", \"type\": \"terms\", \"enabled\": true, \"id\": \"3\", \"params\": {\"field\": \"http.response.status_code\", \"orderBy\": \"1\", \"size\": 5, \"order\": \"desc\"}}], \"params\": {\"valueAxes\": [{\"name\": \"LeftAxis-1\", \"id\": \"ValueAxis-1\", \"scale\": {\"mode\": \"normal\", \"type\": \"linear\"}, \"type\": \"value\", \"position\": \"left\", \"labels\": {\"show\": true, \"filter\": false, \"truncate\": 100, \"rotate\": 0}, \"show\": true, \"title\": {\"text\": \"Count\"}, \"style\": {}}], \"seriesParams\": [{\"data\": {\"id\": \"1\", \"label\": \"Count\"}, \"showCircles\": true, \"drawLinesBetweenPoints\": true, \"mode\": \"stacked\", \"type\": \"histogram\", \"valueAxis\": \"ValueAxis-1\", \"show\": \"true\"}], \"grid\": {\"categoryLines\": false, \"style\": {\"color\": \"#eee\"}}, \"legendPosition\": \"right\", \"addTooltip\": true, \"times\": [], \"categoryAxes\": [{\"id\": \"CategoryAxis-1\", \"scale\": {\"type\": \"linear\"}, \"type\": \"category\", \"position\": \"bottom\", \"labels\": {\"show\": true, \"truncate\": 100}, \"show\": true, \"title\": {}, \"style\": {}}], \"addLegend\": true, \"type\": \"histogram\", \"addTimeMarker\": false}}"
            },
            "id": "f31414b0-fe14-11e7-a3b0-d13028918f9f-ecs",
            "type": "visualization",
            "updated_at": "2018-01-20T19:05:58.905Z",
            "version": 1
        },
        {
            "attributes": {
                "description": "",
                "kibanaSavedObjectMeta": {
                    "searchSourceJSON": "{\"query\": {\"query\": \"\", \"language\": \"kuery\"}, \"filter\": [], \"index\": \"filebeat-*\"}"
                },
                "title": "Browsers breakdown [Filebeat IIS] ECS",
                "uiStateJSON": "{}",
                "version": 1,
                "visState": "{\"type\": \"pie\", \"title\": \"Browsers breakdown [Filebeat IIS] ECS\", \"aggs\": [{\"schema\": \"metric\", \"type\": \"count\", \"enabled\": true, \"id\": \"1\", \"params\": {}}, {\"schema\": \"segment\", \"type\": \"terms\", \"enabled\": true, \"id\": \"2\", \"params\": {\"field\": \"user_agent.name\", \"orderBy\": \"1\", \"size\": 5, \"order\": \"desc\"}}, {\"schema\": \"segment\", \"type\": \"terms\", \"enabled\": true, \"id\": \"3\", \"params\": {\"field\": \"user_agent.version\", \"orderBy\": \"1\", \"size\": 5, \"order\": \"desc\"}}], \"params\": {\"isDonut\": true, \"legendPosition\": \"right\", \"type\": \"pie\", \"addTooltip\": true, \"labels\": {\"last_level\": true, \"show\": false, \"values\": true, \"truncate\": 100}, \"addLegend\": true}}"
            },
            "id": "63129c80-fe12-11e7-a3b0-d13028918f9f-ecs",
            "type": "visualization",
            "updated_at": "2018-01-20T18:47:38.312Z",
            "version": 1
        },
        {
            "attributes": {
                "description": "",
                "kibanaSavedObjectMeta": {
                    "searchSourceJSON": "{\"query\": {\"query\": \"\", \"language\": \"kuery\"}, \"filter\": [], \"index\": \"filebeat-*\"}"
                },
                "title": "Operating systems breakdown [Filebeat IIS] ECS",
                "uiStateJSON": "{}",
                "version": 1,
                "visState": "{\"type\": \"pie\", \"title\": \"Operating systems breakdown [Filebeat IIS] ECS\", \"aggs\": [{\"schema\": \"metric\", \"type\": \"count\", \"enabled\": true, \"id\": \"1\", \"params\": {}}, {\"schema\": \"segment\", \"type\": \"terms\", \"enabled\": true, \"id\": \"2\", \"params\": {\"field\": \"user_agent.os.name\", \"orderBy\": \"1\", \"size\": 5, \"order\": \"desc\"}}, {\"schema\": \"segment\", \"type\": \"terms\", \"enabled\": true, \"id\": \"3\", \"params\": {\"field\": \"user_agent.os.version\", \"orderBy\": \"1\", \"size\": 5, \"order\": \"desc\"}}], \"params\": {\"isDonut\": true, \"legendPosition\": \"right\", \"type\": \"pie\", \"addTooltip\": true, \"labels\": {\"last_level\": true, \"show\": false, \"values\": true, \"truncate\": 100}, \"addLegend\": true}}"
            },
            "id": "ccd3f9c0-fe12-11e7-a3b0-d13028918f9f-ecs",
            "type": "visualization",
            "updated_at": "2018-01-20T18:51:54.619Z",
            "version": 2
        },
        {
            "attributes": {
                "description": "",
                "kibanaSavedObjectMeta": {
                    "searchSourceJSON": "{\"query\": {\"query\": \"\", \"language\": \"kuery\"}, \"filter\": [], \"index\": \"filebeat-*\"}"
                },
                "title": "Error logs over time [Filebeat IIS] ECS",
                "uiStateJSON": "{}",
                "version": 1,
                "visState": "{\"type\": \"histogram\", \"title\": \"Error logs over time [Filebeat IIS] ECS\", \"aggs\": [{\"schema\": \"metric\", \"type\": \"count\", \"enabled\": true, \"id\": \"1\", \"params\": {}}, {\"schema\": \"segment\", \"type\": \"date_histogram\", \"enabled\": true, \"id\": \"2\", \"params\": {\"field\": \"@timestamp\", \"interval\": \"auto\", \"extended_bounds\": {}, \"customInterval\": \"2h\", \"min_doc_count\": 1}}, {\"schema\": \"group\", \"type\": \"terms\", \"enabled\": true, \"id\": \"3\", \"params\": {\"field\": \"http.response.status_code\", \"orderBy\": \"1\", \"size\": 5, \"order\": \"desc\"}}], \"params\": {\"valueAxes\": [{\"name\": \"LeftAxis-1\", \"id\": \"ValueAxis-1\", \"scale\": {\"mode\": \"normal\", \"type\": \"linear\"}, \"type\": \"value\", \"position\": \"left\", \"labels\": {\"show\": true, \"filter\": false, \"truncate\": 100, \"rotate\": 0}, \"show\": true, \"title\": {\"text\": \"Count\"}, \"style\": {}}], \"seriesParams\": [{\"data\": {\"id\": \"1\", \"label\": \"Count\"}, \"showCircles\": true, \"drawLinesBetweenPoints\": true, \"mode\": \"stacked\", \"type\": \"histogram\", \"valueAxis\": \"ValueAxis-1\", \"show\": \"true\"}], \"grid\": {\"categoryLines\": false, \"style\": {\"color\": \"#eee\"}}, \"legendPosition\": \"right\", \"addTooltip\": true, \"times\": [], \"categoryAxes\": [{\"id\": \"CategoryAxis-1\", \"scale\": {\"type\": \"linear\"}, \"type\": \"category\", \"position\": \"bottom\", \"labels\": {\"show\": true, \"truncate\": 100}, \"show\": true, \"title\": {}, \"style\": {}}], \"addLegend\": true, \"type\": \"histogram\", \"addTimeMarker\": false}}"
            },
            "id": "41f38230-fe17-11e7-a3b0-d13028918f9f-ecs",
            "type": "visualization",
            "updated_at": "2018-01-20T19:22:30.227Z",
            "version": 1
        },
        {
            "attributes": {
                "description": "",
                "kibanaSavedObjectMeta": {
                    "searchSourceJSON": "{\"query\": {\"query\": \"\", \"language\": \"kuery\"}, \"filter\": [], \"index\": \"filebeat-*\"}"
                },
                "title": "Top URLs by response code [Filebeat IIS] ECS",
                "uiStateJSON": "{}",
                "version": 1,
                "visState": "{\"type\": \"pie\", \"title\": \"Top URLs by response code [Filebeat IIS] ECS\", \"aggs\": [{\"schema\": \"metric\", \"type\": \"count\", \"enabled\": true, \"id\": \"1\", \"params\": {}}, {\"schema\": \"split\", \"type\": \"terms\", \"enabled\": true, \"id\": \"2\", \"params\": {\"field\": \"url.path\", \"orderBy\": \"1\", \"order\": \"desc\", \"customLabel\": \"URL\", \"size\": 5, \"row\": false}}, {\"schema\": \"segment\", \"type\": \"terms\", \"enabled\": true, \"id\": \"3\", \"params\": {\"field\": \"http.response.status_code\", \"orderBy\": \"1\", \"size\": 5, \"order\": \"desc\"}}], \"params\": {\"isDonut\": false, \"legendPosition\": \"right\", \"type\": \"pie\", \"addTooltip\": true, \"labels\": {\"last_level\": true, \"show\": false, \"values\": true, \"truncate\": 100}, \"addLegend\": true}}"
            },
            "id": "c0d02cd0-fe1b-11e7-a3b0-d13028918f9f-ecs",
            "type": "visualization",
            "updated_at": "2018-01-20T19:58:24.005Z",
            "version": 2
        },
        {
            "attributes": {
                "description": "Dashboard for the Filebeat IIS module",
                "hits": 0,
                "kibanaSavedObjectMeta": {
                    "searchSourceJSON": "{\"query\": {\"query\": \"\", \"language\": \"kuery\"}, \"filter\": [], \"highlightAll\": true, \"version\": true}"
                },
                "optionsJSON": "{\"darkTheme\": false, \"useMargins\": true, \"hidePanelTitles\": false}",
                "panelsJSON": "[{\"version\": \"6.1.2\", \"panelIndex\": \"1\", \"id\": \"eb2db5b0-fe11-11e7-a3b0-d13028918f9f-ecs\", \"gridData\": {\"w\": 12, \"i\": \"1\", \"h\": 3, \"y\": 0, \"x\": 0}, \"type\": \"visualization\"}, {\"version\": \"6.1.2\", \"panelIndex\": \"2\", \"id\": \"f31414b0-fe14-11e7-a3b0-d13028918f9f-ecs\", \"gridData\": {\"w\": 7, \"i\": \"2\", \"h\": 3, \"y\": 3, \"x\": 0}, \"type\": \"visualization\"}, {\"version\": \"6.1.2\", \"panelIndex\": \"4\", \"id\": \"63129c80-fe12-11e7-a3b0-d13028918f9f-ecs\", \"gridData\": {\"w\": 6, \"i\": \"4\", \"h\": 3, \"y\": 9, \"x\": 0}, \"type\": \"visualization\"}, {\"version\": \"6.1.2\", \"panelIndex\": \"5\", \"id\": \"ccd3f9c0-fe12-11e7-a3b0-d13028918f9f-ecs\", \"gridData\": {\"w\": 6, \"i\": \"5\", \"h\": 3, \"y\": 9, \"x\": 6}, \"type\": \"visualization\"}, {\"version\": \"6.1.2\", \"panelIndex\": \"6\", \"id\": \"41f38230-fe17-11e7-a3b0-d13028918f9f-ecs\", \"gridData\": {\"w\": 5, \"i\": \"6\", \"h\": 3, \"y\": 3, \"x\": 7}, \"type\": \"visualization\"}, {\"version\": \"6.1.2\", \"panelIndex\": \"7\", \"id\": \"c0d02cd0-fe1b-11e7-a3b0-d13028918f9f-ecs\", \"gridData\": {\"w\": 12, \"i\": \"7\", \"h\": 3, \"y\": 6, \"x\": 0}, \"type\": \"visualization\"}]",
                "timeRestore": false,
                "title": "[Filebeat IIS] Access and error logs ECS",
                "uiStateJSON": "{}",
                "version": 1
            },
            "id": "4278ad30-fe16-11e7-a3b0-d13028918f9f-ecs",
            "type": "dashboard",
            "updated_at": "2018-01-20T19:57:50.287Z",
            "version": 4
        }
    ],
    "version": "6.1.2"
}