{
    "objects": [
        {
            "attributes": {
                "description": "Overview dashboard for Filebeat MSIP module.",
                "hits": 0,
                "kibanaSavedObjectMeta": {
                    "searchSourceJSON": "{\"query\": {\"query\": \"\", \"language\": \"kuery\"}, \"filter\": []}"
                },
                "optionsJSON": "{\"useMargins\": true, \"hidePanelTitles\": false}",
                "panelsJSON": "[{\"panelIndex\": \"1\", \"panelRefName\": \"panel_0\", \"embeddableConfig\": {}, \"gridData\": {\"w\": 24, \"i\": \"1\", \"h\": 15, \"y\": 0, \"x\": 0}, \"version\": \"8.0.0-SNAPSHOT\"}, {\"panelIndex\": \"2\", \"panelRefName\": \"panel_1\", \"embeddableConfig\": {}, \"gridData\": {\"w\": 24, \"i\": \"2\", \"h\": 15, \"y\": 0, \"x\": 24}, \"version\": \"8.0.0-SNAPSHOT\"}, {\"panelIndex\": \"3\", \"panelRefName\": \"panel_2\", \"embeddableConfig\": {\"mapZoom\": 3, \"mapCenter\": [24.686952411999155, 12.128906250000002]}, \"gridData\": {\"w\": 48, \"i\": \"3\", \"h\": 24, \"y\": 15, \"x\": 0}, \"version\": \"8.0.0-SNAPSHOT\"}]",
                "timeRestore": false,
                "title": "[Filebeat MISP] Overview",
                "version": 1
            },
            "id": "c6cac9e0-f105-11e9-9a88-690b10c8ee99",
            "migrationVersion": {
                "dashboard": "7.0.0"
            },
            "references": [
                {
                    "id": "8fc4b140-ed36-11e9-9a88-690b10c8ee99",
                    "name": "panel_0",
                    "type": "visualization"
                },
                {
                    "id": "7d369390-f105-11e9-9a88-690b10c8ee99",
                    "name": "panel_1",
                    "type": "visualization"
                },
                {
                    "id": "73287f70-f1fb-11e9-9a88-690b10c8ee99",
                    "name": "panel_2",
                    "type": "visualization"
                }
            ],
            "type": "dashboard",
            "updated_at": "2019-10-19T18:56:55.244Z",
            "version": "WzM2NCwxNV0="
        },
        {
            "attributes": {
                "description": "",
                "kibanaSavedObjectMeta": {
                    "searchSourceJSON": "{\"query\": {\"query\": \"\", \"language\": \"kuery\"}, \"filter\": [], \"indexRefName\": \"kibanaSavedObjectMeta.searchSourceJSON.index\"}"
                },
                "title": "Threat Indicator Type [Filebeat MISP]",
                "uiStateJSON": "{}",
                "version": 1,
                "visState": "{\"type\": \"pie\", \"title\": \"Threat Indicator Type [Filebeat MISP]\", \"aggs\": [{\"schema\": \"metric\", \"type\": \"count\", \"enabled\": true, \"id\": \"1\", \"params\": {}}, {\"schema\": \"segment\", \"type\": \"terms\", \"enabled\": true, \"id\": \"2\", \"params\": {\"field\": \"misp.threat_indicator.type\", \"orderBy\": \"1\", \"order\": \"desc\", \"missingBucket\": false, \"missingBucketLabel\": \"Missing\", \"otherBucket\": false, \"size\": 20, \"otherBucketLabel\": \"Other\"}}], \"params\": {\"isDonut\": true, \"legendPosition\": \"right\", \"type\": \"pie\", \"addTooltip\": true, \"labels\": {\"last_level\": true, \"show\": false, \"values\": true, \"truncate\": 100}, \"addLegend\": true}}"
            },
            "id": "8fc4b140-ed36-11e9-9a88-690b10c8ee99",
            "references": [
                {
                    "id": "filebeat-*",
                    "name": "kibanaSavedObjectMeta.searchSourceJSON.index",
                    "type": "index-pattern"
                }
            ],
            "type": "visualization",
            "updated_at": "2019-10-19T19:03:26.386Z",
            "version": "WzM2NSwxNV0="
        },
        {
            "attributes": {
                "description": "",
                "kibanaSavedObjectMeta": {
                    "searchSourceJSON": "{\"query\": {\"query\": \"\", \"language\": \"kuery\"}, \"filter\": [], \"indexRefName\": \"kibanaSavedObjectMeta.searchSourceJSON.index\"}"
                },
                "title": "Threat Indicators per Month  [Filebeat MISP]",
                "uiStateJSON": "{}",
                "version": 1,
                "visState": "{\"type\": \"histogram\", \"title\": \"Threat Indicators per Month  [Filebeat MISP]\", \"aggs\": [{\"schema\": \"metric\", \"type\": \"count\", \"enabled\": true, \"id\": \"1\", \"params\": {\"customLabel\": \"Indicators Per Month\"}}, {\"schema\": \"segment\", \"type\": \"date_histogram\", \"enabled\": true, \"id\": \"2\", \"params\": {\"field\": \"@timestamp\", \"timeRange\": {\"to\": \"now\", \"from\": \"now-15M\"}, \"drop_partials\": false, \"time_zone\": \"America/Los_Angeles\", \"customInterval\": \"2h\", \"useNormalizedEsInterval\": true, \"extended_bounds\": {}, \"interval\": \"M\", \"min_doc_count\": 1}}, {\"schema\": \"group\", \"type\": \"terms\", \"enabled\": true, \"id\": \"3\", \"params\": {\"field\": \"misp.threat_indicator.type\", \"orderBy\": \"1\", \"order\": \"desc\", \"missingBucket\": false, \"missingBucketLabel\": \"Missing\", \"otherBucket\": false, \"size\": 10, \"otherBucketLabel\": \"Other\"}}], \"params\": {\"valueAxes\": [{\"name\": \"LeftAxis-1\", \"id\": \"ValueAxis-1\", \"scale\": {\"mode\": \"normal\", \"type\": \"linear\"}, \"type\": \"value\", \"position\": \"left\", \"labels\": {\"show\": true, \"filter\": false, \"truncate\": 100, \"rotate\": 0}, \"show\": true, \"title\": {\"text\": \"Indicators Per Month\"}, \"style\": {}}], \"seriesParams\": [{\"data\": {\"id\": \"1\", \"label\": \"Indicators Per Month\"}, \"showCircles\": true, \"drawLinesBetweenPoints\": true, \"mode\": \"stacked\", \"type\": \"histogram\", \"valueAxis\": \"ValueAxis-1\", \"show\": \"true\"}], \"grid\": {\"categoryLines\": false}, \"legendPosition\": \"right\", \"addTooltip\": true, \"times\": [], \"categoryAxes\": [{\"id\": \"CategoryAxis-1\", \"scale\": {\"type\": \"linear\"}, \"type\": \"category\", \"position\": \"bottom\", \"labels\": {\"show\": true, \"truncate\": 100}, \"show\": true, \"title\": {}, \"style\": {}}], \"addLegend\": true, \"type\": \"histogram\", \"addTimeMarker\": false}}"
            },
            "id": "7d369390-f105-11e9-9a88-690b10c8ee99",
            "references": [
                {
                    "id": "filebeat-*",
                    "name": "kibanaSavedObjectMeta.searchSourceJSON.index",
                    "type": "index-pattern"
                }
            ],
            "type": "visualization",
            "updated_at": "2019-10-19T19:03:46.399Z",
            "version": "WzM2NiwxNV0="
        },
        {
            "attributes": {
                "description": "",
                "kibanaSavedObjectMeta": {
                    "searchSourceJSON": "{\"query\": {\"query\": \"\", \"language\": \"kuery\"}, \"filter\": [], \"indexRefName\": \"kibanaSavedObjectMeta.searchSourceJSON.index\"}"
                },
                "title": "Threat Indicator Geo Map [Filebeat MISP]",
                "uiStateJSON": "{\"mapZoom\": 2, \"mapCenter\": [-0.17578097424708533, 0]}",
                "version": 1,
                "visState": "{\"type\": \"tile_map\", \"title\": \"Threat Indicator Geo Map [Filebeat MISP]\", \"aggs\": [{\"schema\": \"metric\", \"type\": \"count\", \"enabled\": true, \"id\": \"1\", \"params\": {}}, {\"schema\": \"segment\", \"type\": \"geohash_grid\", \"enabled\": true, \"id\": \"2\", \"params\": {\"field\": \"source.geo.location\", \"isFilteredByCollar\": true, \"mapBounds\": {\"top_left\": {\"lon\": -60.99609375000001, \"lat\": 42.35854391749705}, \"bottom_right\": {\"lon\": 60.99609375000001, \"lat\": -42.68243539838622}}, \"mapZoom\": 4, \"precision\": 2, \"useGeocentroid\": true, \"autoPrecision\": true, \"mapCenter\": {\"lon\": 0, \"lat\": -0.17578097424708533}}}], \"params\": {\"heatClusterSize\": 1.5, \"isDesaturated\": true, \"colorSchema\": \"Yellow to Red\", \"legendPosition\": \"bottomright\", \"mapZoom\": 2, \"wms\": {\"options\": {\"format\": \"image/png\", \"transparent\": true}, \"selectedTmsLayer\": {\"maxZoom\": 18, \"origin\": \"elastic_maps_service\", \"minZoom\": 0, \"id\": \"road_map\", \"attribution\": \"<p>&#169; <a href=\\\"https://www.openstreetmap.org/copyright\\\">OpenStreetMap contributors</a>|<a href=\\\"https://openmaptiles.org\\\">OpenMapTiles</a>|<a href=\\\"https://www.maptiler.com\\\">MapTiler</a>|<a href=\\\"https://www.elastic.co/elastic-maps-service\\\">Elastic Maps Service</a></p>&#10;\"}, \"enabled\": false}, \"addTooltip\": true, \"mapType\": \"Scaled Circle Markers\", \"mapCenter\": [0, 0]}}"
            },
            "id": "73287f70-f1fb-11e9-9a88-690b10c8ee99",
            "references": [
                {
                    "id": "filebeat-*",
                    "name": "kibanaSavedObjectMeta.searchSourceJSON.index",
                    "type": "index-pattern"
                }
            ],
            "type": "visualization",
            "updated_at": "2019-10-19T19:04:04.029Z",
            "version": "WzM2NywxNV0="
        }
    ],
    "version": "8.0.0-SNAPSHOT"
}