{
    "objects": [
        {
            "attributes": {
                "description": "Palo Alto Networks PAN-OS Threats Overview",
                "hits": 0,
                "kibanaSavedObjectMeta": {
                    "searchSourceJSON": "{\"query\": {\"query\": \"\", \"language\": \"kuery\"}, \"filter\": []}"
                },
                "optionsJSON": "{\"useMargins\": true, \"hidePanelTitles\": false}",
                "panelsJSON": "[{\"gridData\": {\"w\": 31, \"i\": \"1\", \"h\": 15, \"y\": 0, \"x\": 0}, \"panelRefName\": \"panel_0\", \"panelIndex\": \"1\", \"title\": \"Threat outcome histogram\", \"embeddableConfig\": {\"vis\": {\"legendOpen\": false}}, \"version\": \"7.1.0\"}, {\"gridData\": {\"w\": 24, \"i\": \"2\", \"h\": 15, \"y\": 15, \"x\": 0}, \"panelRefName\": \"panel_1\", \"panelIndex\": \"2\", \"title\": \"Top threats by name\", \"embeddableConfig\": {}, \"version\": \"7.1.0\"}, {\"gridData\": {\"w\": 24, \"i\": \"3\", \"h\": 15, \"y\": 15, \"x\": 24}, \"panelRefName\": \"panel_2\", \"panelIndex\": \"3\", \"title\": \"Top threats by resource\", \"embeddableConfig\": {}, \"version\": \"7.1.0\"}, {\"gridData\": {\"w\": 24, \"i\": \"4\", \"h\": 8, \"y\": 30, \"x\": 0}, \"panelRefName\": \"panel_3\", \"panelIndex\": \"4\", \"title\": \"Top attackers (clients)\", \"embeddableConfig\": {}, \"version\": \"7.1.0\"}, {\"gridData\": {\"w\": 24, \"i\": \"5\", \"h\": 8, \"y\": 30, \"x\": 24}, \"panelRefName\": \"panel_4\", \"panelIndex\": \"5\", \"title\": \"Top attackers (servers)\", \"embeddableConfig\": {}, \"version\": \"7.1.0\"}, {\"gridData\": {\"w\": 17, \"i\": \"6\", \"h\": 15, \"y\": 0, \"x\": 31}, \"panelRefName\": \"panel_5\", \"panelIndex\": \"6\", \"title\": \"Outcome by threat type\", \"embeddableConfig\": {\"vis\": {\"legendOpen\": true}}, \"version\": \"7.1.0\"}]",
                "timeRestore": false,
                "title": "[Filebeat PANW] Threats Overview ECS",
                "version": 1
            },
            "id": "772964e0-7591-11e9-aacf-79a3704914a0",
            "migrationVersion": {
                "dashboard": "7.0.0"
            },
            "references": [
                {
                    "id": "0bd2a0c0-7574-11e9-976e-65a8f47cc4c1",
                    "name": "panel_0",
                    "type": "visualization"
                },
                {
                    "id": "3eca1070-7589-11e9-aacf-79a3704914a0",
                    "name": "panel_1",
                    "type": "visualization"
                },
                {
                    "id": "5bd32b20-7575-11e9-976e-65a8f47cc4c1",
                    "name": "panel_2",
                    "type": "visualization"
                },
                {
                    "id": "90ce3300-758a-11e9-aacf-79a3704914a0",
                    "name": "panel_3",
                    "type": "visualization"
                },
                {
                    "id": "a95aaf20-758a-11e9-aacf-79a3704914a0",
                    "name": "panel_4",
                    "type": "visualization"
                },
                {
                    "id": "6dce7930-758c-11e9-aacf-79a3704914a0",
                    "name": "panel_5",
                    "type": "visualization"
                }
            ],
            "type": "dashboard",
            "updated_at": "2019-05-13T15:12:04.141Z",
            "version": "WzI1NiwyXQ=="
        },
        {
            "attributes": {
                "description": "",
                "kibanaSavedObjectMeta": {
                    "searchSourceJSON": "{\"query\": {\"query\": \"\", \"language\": \"kuery\"}, \"filter\": []}"
                },
                "savedSearchRefName": "search_0",
                "title": "Threat outcome histogram [Filebeat PANW] ECS",
                "uiStateJSON": "{}",
                "version": 1,
                "visState": "{\"type\": \"histogram\", \"title\": \"Threat outcome histogram [Filebeat PANW] ECS\", \"aggs\": [{\"schema\": \"metric\", \"type\": \"count\", \"enabled\": true, \"id\": \"1\", \"params\": {}}, {\"schema\": \"segment\", \"type\": \"date_histogram\", \"enabled\": true, \"id\": \"2\", \"params\": {\"field\": \"@timestamp\", \"timeRange\": {\"to\": \"2018-04-10T04:39:56.264Z\", \"from\": \"2018-04-10T04:36:19.586Z\"}, \"drop_partials\": false, \"customInterval\": \"2h\", \"useNormalizedEsInterval\": true, \"extended_bounds\": {}, \"interval\": \"auto\", \"min_doc_count\": 1}}, {\"schema\": \"group\", \"type\": \"terms\", \"enabled\": true, \"id\": \"3\", \"params\": {\"field\": \"event.outcome\", \"orderBy\": \"1\", \"order\": \"desc\", \"missingBucket\": false, \"missingBucketLabel\": \"Missing\", \"otherBucket\": false, \"size\": 5, \"otherBucketLabel\": \"Other\"}}], \"params\": {\"valueAxes\": [{\"name\": \"LeftAxis-1\", \"id\": \"ValueAxis-1\", \"scale\": {\"mode\": \"normal\", \"type\": \"linear\"}, \"type\": \"value\", \"position\": \"left\", \"labels\": {\"show\": true, \"filter\": false, \"truncate\": 100, \"rotate\": 0}, \"show\": true, \"title\": {\"text\": \"Count\"}, \"style\": {}}], \"seriesParams\": [{\"data\": {\"id\": \"1\", \"label\": \"Count\"}, \"showCircles\": true, \"drawLinesBetweenPoints\": true, \"mode\": \"stacked\", \"type\": \"histogram\", \"valueAxis\": \"ValueAxis-1\", \"show\": \"true\"}], \"grid\": {\"categoryLines\": false}, \"legendPosition\": \"right\", \"addTooltip\": true, \"times\": [], \"categoryAxes\": [{\"id\": \"CategoryAxis-1\", \"scale\": {\"type\": \"linear\"}, \"type\": \"category\", \"position\": \"bottom\", \"labels\": {\"show\": true, \"truncate\": 100}, \"show\": true, \"title\": {}, \"style\": {}}], \"addLegend\": true, \"type\": \"histogram\", \"addTimeMarker\": false}}"
            },
            "id": "0bd2a0c0-7574-11e9-976e-65a8f47cc4c1",
            "migrationVersion": {
                "visualization": "7.0.1"
            },
            "references": [
                {
                    "id": "3cea1360-7569-11e9-976e-65a8f47cc4c1",
                    "name": "search_0",
                    "type": "search"
                }
            ],
            "type": "visualization",
            "updated_at": "2019-05-13T11:41:28.652Z",
            "version": "WzI0NiwxXQ=="
        },
        {
            "attributes": {
                "description": "",
                "kibanaSavedObjectMeta": {
                    "searchSourceJSON": "{\"query\": {\"query\": \"\", \"language\": \"kuery\"}, \"filter\": []}"
                },
                "savedSearchRefName": "search_0",
                "title": "Threat ID Cloud [Filebeat PANW] ECS",
                "uiStateJSON": "{}",
                "version": 1,
                "visState": "{\"type\": \"tagcloud\", \"title\": \"Threat ID Cloud [Filebeat PANW] ECS\", \"aggs\": [{\"schema\": \"metric\", \"type\": \"count\", \"enabled\": true, \"id\": \"1\", \"params\": {}}, {\"schema\": \"segment\", \"type\": \"terms\", \"enabled\": true, \"id\": \"2\", \"params\": {\"field\": \"panw.panos.threat.name\", \"orderBy\": \"1\", \"order\": \"desc\", \"missingBucket\": false, \"missingBucketLabel\": \"Missing\", \"otherBucket\": false, \"size\": 5, \"otherBucketLabel\": \"Other\"}}], \"params\": {\"showLabel\": true, \"orientation\": \"single\", \"maxFontSize\": 72, \"scale\": \"linear\", \"minFontSize\": 18}}"
            },
            "id": "3eca1070-7589-11e9-aacf-79a3704914a0",
            "migrationVersion": {
                "visualization": "7.0.1"
            },
            "references": [
                {
                    "id": "3cea1360-7569-11e9-976e-65a8f47cc4c1",
                    "name": "search_0",
                    "type": "search"
                }
            ],
            "type": "visualization",
            "updated_at": "2019-05-13T15:06:36.839Z",
            "version": "WzI1NSwyXQ=="
        },
        {
            "attributes": {
                "description": "",
                "kibanaSavedObjectMeta": {
                    "searchSourceJSON": "{\"query\": {\"query\": \"\", \"language\": \"kuery\"}, \"filter\": []}"
                },
                "savedSearchRefName": "search_0",
                "title": "Threat Resource Cloud [Filebeat PANW] ECS",
                "uiStateJSON": "{}",
                "version": 1,
                "visState": "{\"type\": \"tagcloud\", \"title\": \"Threat Resource Cloud [Filebeat PANW] ECS\", \"aggs\": [{\"schema\": \"metric\", \"type\": \"count\", \"enabled\": true, \"id\": \"1\", \"params\": {}}, {\"schema\": \"segment\", \"type\": \"terms\", \"enabled\": true, \"id\": \"2\", \"params\": {\"field\": \"url.original\", \"orderBy\": \"1\", \"order\": \"desc\", \"missingBucket\": false, \"missingBucketLabel\": \"Missing\", \"otherBucket\": false, \"size\": 5, \"otherBucketLabel\": \"Other\"}}], \"params\": {\"showLabel\": true, \"orientation\": \"single\", \"maxFontSize\": 72, \"scale\": \"linear\", \"minFontSize\": 18}}"
            },
            "id": "5bd32b20-7575-11e9-976e-65a8f47cc4c1",
            "migrationVersion": {
                "visualization": "7.0.1"
            },
            "references": [
                {
                    "id": "3cea1360-7569-11e9-976e-65a8f47cc4c1",
                    "name": "search_0",
                    "type": "search"
                }
            ],
            "type": "visualization",
            "updated_at": "2019-05-13T11:50:52.370Z",
            "version": "WzI0NywxXQ=="
        },
        {
            "attributes": {
                "description": "",
                "kibanaSavedObjectMeta": {
                    "searchSourceJSON": "{\"query\": {\"query\": \"\", \"language\": \"kuery\"}, \"filter\": [{\"$state\": {\"store\": \"appState\"}, \"query\": {\"match\": {\"network.direction\": {\"query\": \"inbound\", \"type\": \"phrase\"}}}, \"meta\": {\"negate\": false, \"value\": \"inbound\", \"indexRefName\": \"kibanaSavedObjectMeta.searchSourceJSON.filter[0].meta.index\", \"disabled\": false, \"type\": \"phrase\", \"params\": {\"query\": \"inbound\"}, \"key\": \"network.direction\", \"alias\": null}}]}"
                },
                "savedSearchRefName": "search_0",
                "title": "Top attackers (clients) [Filebeat PANW] ECS",
                "uiStateJSON": "{\"vis\": {\"params\": {\"sort\": {\"columnIndex\": null, \"direction\": null}}}}",
                "version": 1,
                "visState": "{\"type\": \"table\", \"title\": \"Top attackers (clients) [Filebeat PANW] ECS\", \"aggs\": [{\"schema\": \"metric\", \"type\": \"count\", \"enabled\": true, \"id\": \"1\", \"params\": {}}, {\"schema\": \"bucket\", \"type\": \"terms\", \"enabled\": true, \"id\": \"2\", \"params\": {\"field\": \"client.ip\", \"orderBy\": \"1\", \"order\": \"desc\", \"missingBucket\": false, \"missingBucketLabel\": \"Missing\", \"otherBucket\": false, \"size\": 5, \"otherBucketLabel\": \"Other\"}}], \"params\": {\"totalFunc\": \"sum\", \"perPage\": 10, \"showMetricsAtAllLevels\": false, \"showTotal\": false, \"showPartialRows\": false, \"sort\": {\"columnIndex\": null, \"direction\": null}}}"
            },
            "id": "90ce3300-758a-11e9-aacf-79a3704914a0",
            "migrationVersion": {
                "visualization": "7.0.1"
            },
            "references": [
                {
                    "id": "filebeat-*",
                    "name": "kibanaSavedObjectMeta.searchSourceJSON.filter[0].meta.index",
                    "type": "index-pattern"
                },
                {
                    "id": "3cea1360-7569-11e9-976e-65a8f47cc4c1",
                    "name": "search_0",
                    "type": "search"
                }
            ],
            "type": "visualization",
            "updated_at": "2019-05-13T14:22:40.688Z",
            "version": "WzI1MSwyXQ=="
        },
        {
            "attributes": {
                "description": "",
                "kibanaSavedObjectMeta": {
                    "searchSourceJSON": "{\"query\": {\"query\": \"\", \"language\": \"kuery\"}, \"filter\": [{\"$state\": {\"store\": \"appState\"}, \"query\": {\"match\": {\"network.direction\": {\"query\": \"outbound\", \"type\": \"phrase\"}}}, \"meta\": {\"negate\": false, \"value\": \"outbound\", \"indexRefName\": \"kibanaSavedObjectMeta.searchSourceJSON.filter[0].meta.index\", \"disabled\": false, \"type\": \"phrase\", \"params\": {\"query\": \"outbound\"}, \"key\": \"network.direction\", \"alias\": null}}]}"
                },
                "savedSearchRefName": "search_0",
                "title": "Top attackers (servers) [Filebeat PANW] ECS",
                "uiStateJSON": "{\"vis\": {\"params\": {\"sort\": {\"columnIndex\": null, \"direction\": null}}}}",
                "version": 1,
                "visState": "{\"type\": \"table\", \"title\": \"Top attackers (servers) [Filebeat PANW] ECS\", \"aggs\": [{\"schema\": \"metric\", \"type\": \"count\", \"enabled\": true, \"id\": \"1\", \"params\": {}}, {\"schema\": \"bucket\", \"type\": \"terms\", \"enabled\": true, \"id\": \"2\", \"params\": {\"field\": \"server.ip\", \"orderBy\": \"1\", \"order\": \"desc\", \"missingBucket\": false, \"missingBucketLabel\": \"Missing\", \"otherBucket\": false, \"size\": 5, \"otherBucketLabel\": \"Other\"}}], \"params\": {\"totalFunc\": \"sum\", \"perPage\": 10, \"showMetricsAtAllLevels\": false, \"showTotal\": false, \"showPartialRows\": false, \"sort\": {\"columnIndex\": null, \"direction\": null}}}"
            },
            "id": "a95aaf20-758a-11e9-aacf-79a3704914a0",
            "migrationVersion": {
                "visualization": "7.0.1"
            },
            "references": [
                {
                    "id": "filebeat-*",
                    "name": "kibanaSavedObjectMeta.searchSourceJSON.filter[0].meta.index",
                    "type": "index-pattern"
                },
                {
                    "id": "3cea1360-7569-11e9-976e-65a8f47cc4c1",
                    "name": "search_0",
                    "type": "search"
                }
            ],
            "type": "visualization",
            "updated_at": "2019-05-13T14:23:21.874Z",
            "version": "WzI1MiwyXQ=="
        },
        {
            "attributes": {
                "description": "",
                "kibanaSavedObjectMeta": {
                    "searchSourceJSON": "{\"query\": {\"query\": \"\", \"language\": \"kuery\"}, \"filter\": []}"
                },
                "savedSearchRefName": "search_0",
                "title": "Outcome by Threat Type [Filebeat PANW] ECS",
                "uiStateJSON": "{}",
                "version": 1,
                "visState": "{\"type\": \"pie\", \"title\": \"Outcome by Threat Type [Filebeat PANW] ECS\", \"aggs\": [{\"schema\": \"metric\", \"type\": \"count\", \"enabled\": true, \"id\": \"1\", \"params\": {}}, {\"schema\": \"segment\", \"type\": \"terms\", \"enabled\": true, \"id\": \"3\", \"params\": {\"field\": \"event.action\", \"orderBy\": \"1\", \"order\": \"desc\", \"missingBucket\": false, \"missingBucketLabel\": \"Missing\", \"otherBucket\": false, \"size\": 5, \"otherBucketLabel\": \"Other\"}}, {\"schema\": \"segment\", \"type\": \"terms\", \"enabled\": true, \"id\": \"2\", \"params\": {\"field\": \"event.outcome\", \"orderBy\": \"1\", \"order\": \"desc\", \"missingBucket\": true, \"missingBucketLabel\": \"Missing\", \"otherBucket\": false, \"size\": 5, \"otherBucketLabel\": \"Other\"}}], \"params\": {\"isDonut\": true, \"legendPosition\": \"right\", \"type\": \"pie\", \"addTooltip\": true, \"labels\": {\"last_level\": true, \"show\": false, \"values\": true, \"truncate\": 100}, \"addLegend\": true}}"
            },
            "id": "6dce7930-758c-11e9-aacf-79a3704914a0",
            "migrationVersion": {
                "visualization": "7.0.1"
            },
            "references": [
                {
                    "id": "3cea1360-7569-11e9-976e-65a8f47cc4c1",
                    "name": "search_0",
                    "type": "search"
                }
            ],
            "type": "visualization",
            "updated_at": "2019-05-13T14:36:00.962Z",
            "version": "WzI1MywyXQ=="
        },
        {
            "attributes": {
                "columns": [
                    "_source"
                ],
                "description": "",
                "hits": 0,
                "kibanaSavedObjectMeta": {
                    "searchSourceJSON": "{\"version\": true, \"query\": {\"query\": \"event.dataset: \\\"panw.panos\\\" and event.category: \\\"security_threat\\\"\", \"language\": \"kuery\"}, \"filter\": [], \"highlightAll\": true, \"indexRefName\": \"kibanaSavedObjectMeta.searchSourceJSON.index\"}"
                },
                "sort": [
                    "@timestamp",
                    "desc"
                ],
                "title": "PAN-OS Threats [Filebeat PANW] ECS",
                "version": 1
            },
            "id": "3cea1360-7569-11e9-976e-65a8f47cc4c1",
            "migrationVersion": {
                "search": "7.0.0"
            },
            "references": [
                {
                    "id": "filebeat-*",
                    "name": "kibanaSavedObjectMeta.searchSourceJSON.index",
                    "type": "index-pattern"
                }
            ],
            "type": "search",
            "updated_at": "2019-05-13T10:24:06.550Z",
            "version": "WzIzNiwxXQ=="
        }
    ],
    "version": "7.1.0"
}