{
    "objects": [
        {
            "attributes": {
                "columns": [
                    "log.level",
                    "message"
                ],
                "description": "",
                "hits": 0,
                "kibanaSavedObjectMeta": {
                    "searchSourceJSON": "{\"highlight\": {\"fragment_size\": 2147483647, \"pre_tags\": [\"@kibana-highlighted-field@\"], \"fields\": {\"*\": {}}, \"require_field_match\": false, \"post_tags\": [\"@/kibana-highlighted-field@\"]}, \"filter\": [], \"highlightAll\": true, \"query\": {\"query\": \"event.module:nginx AND message:*\", \"language\": \"kuery\"}, \"version\": true, \"index\": \"filebeat-*\"}"
                },
                "sort": [
                    "@timestamp",
                    "desc"
                ],
                "title": "Nginx error logs [Filebeat Nginx] ECS",
                "version": 1
            },
            "id": "9eb25600-a1f0-11e7-928f-5dbe6f6f5519-ecs",
            "type": "search",
            "version": 1
        },
        {
            "attributes": {
                "columns": [
                    "url.original",
                    "http.request.method",
                    "http.response.status_code",
                    "http.response.body.bytes"
                ],
                "description": "",
                "hits": 0,
                "kibanaSavedObjectMeta": {
                    "searchSourceJSON": "{\"highlight\": {\"fragment_size\": 2147483647, \"pre_tags\": [\"@kibana-highlighted-field@\"], \"fields\": {\"*\": {}}, \"require_field_match\": false, \"post_tags\": [\"@/kibana-highlighted-field@\"]}, \"filter\": [], \"highlightAll\": true, \"query\": {\"query\": \"event.module:nginx AND url.original:*\", \"language\": \"kuery\"}, \"version\": true, \"index\": \"filebeat-*\"}"
                },
                "sort": [
                    "@timestamp",
                    "desc"
                ],
                "title": "Nginx access logs [Filebeat Nginx] ECS",
                "version": 1
            },
            "id": "6d9e66d0-a1f0-11e7-928f-5dbe6f6f5519-ecs",
            "type": "search",
            "version": 4
        },
        {
            "attributes": {
                "description": "",
                "kibanaSavedObjectMeta": {
                    "searchSourceJSON": "{}"
                },
                "title": "Access logs over time [Filebeat Nginx] ECS",
                "uiStateJSON": "{}",
                "version": 1,
                "visState": "{\"type\": \"metrics\", \"title\": \"Access logs over time [Filebeat Nginx] ECS\", \"aggs\": [], \"params\": {\"filter\": \"event.module:nginx AND fileset.name:access\", \"type\": \"timeseries\", \"interval\": \"auto\", \"axis_formatter\": \"number\", \"time_field\": \"@timestamp\", \"annotations\": [{\"ignore_panel_filters\": 1, \"color\": \"#F00\", \"id\": \"970b1420-a1f3-11e7-a062-a1c3587f4874\", \"index_pattern\": \"filebeat-*\", \"time_field\": \"@timestamp\", \"ignore_global_filters\": 1, \"icon\": \"fa-tag\"}], \"id\": \"61ca57f0-469d-11e7-af02-69e470af7417\", \"index_pattern\": \"filebeat-*\", \"legend_position\": \"bottom\", \"show_legend\": 1, \"show_grid\": 1, \"series\": [{\"fill\": 0.5, \"chart_type\": \"line\", \"seperate_axis\": 0, \"formatter\": \"number\", \"axis_position\": \"right\", \"split_filters\": [{\"color\": \"#68BC00\", \"id\": \"1db649a0-a1f3-11e7-a062-a1c3587f4874\"}], \"terms_field\": \"url.original\", \"color\": \"#68BC00\", \"stacked\": \"none\", \"metrics\": [{\"id\": \"61ca57f2-469d-11e7-af02-69e470af7417\", \"type\": \"count\"}], \"id\": \"61ca57f1-469d-11e7-af02-69e470af7417\", \"terms_order_by\": \"61ca57f2-469d-11e7-af02-69e470af7417\", \"split_mode\": \"everything\", \"point_size\": 1, \"line_width\": 1, \"label\": \"Access logs\"}], \"axis_position\": \"left\", \"background_color_rules\": [{\"id\": \"3189aa80-a1f3-11e7-a062-a1c3587f4874\"}]}}"
            },
            "id": "1cfb1a80-a1f4-11e7-928f-5dbe6f6f5519-ecs",
            "type": "visualization",
            "version": 2
        },
        {
            "attributes": {
                "description": "",
                "kibanaSavedObjectMeta": {
                    "searchSourceJSON": "{}"
                },
                "title": "Dashboards [Filebeat Nginx] ECS",
                "uiStateJSON": "{}",
                "version": 1,
                "visState": "{\"type\": \"markdown\", \"title\": \"Dashboards [Filebeat Nginx] ECS\", \"aggs\": [], \"params\": {\"fontSize\": 12, \"markdown\": \"[Nginx logs overview](#/dashboard/55a9e6e0-a29e-11e7-928f-5dbe6f6f5519-ecs) | [Nginx access and error logs](#/dashboard/046212a0-a2a1-11e7-928f-5dbe6f6f5519-ecs)\"}}"
            },
            "id": "97109780-a2a5-11e7-928f-5dbe6f6f5519-ecs",
            "type": "visualization",
            "version": 1
        },
        {
            "attributes": {
                "description": "Dashboard for the Filebeat Nginx module",
                "hits": 0,
                "kibanaSavedObjectMeta": {
                    "searchSourceJSON": "{\"query\": {\"query\": \"\", \"language\": \"kuery\"}, \"filter\": [], \"highlightAll\": true, \"version\": true}"
                },
                "optionsJSON": "{\"darkTheme\": false}",
                "panelsJSON": "[{\"size_y\": 3, \"sort\": [\"@timestamp\", \"desc\"], \"id\": \"9eb25600-a1f0-11e7-928f-5dbe6f6f5519-ecs\", \"type\": \"search\", \"size_x\": 12, \"panelIndex\": 11, \"columns\": [\"log.level\", \"message\"], \"col\": 1, \"row\": 5}, {\"size_y\": 7, \"sort\": [\"@timestamp\", \"desc\"], \"id\": \"6d9e66d0-a1f0-11e7-928f-5dbe6f6f5519-ecs\", \"type\": \"search\", \"size_x\": 12, \"panelIndex\": 16, \"columns\": [\"url.original\", \"http.request.method\", \"http.response.status_code\", \"http.response.body.bytes\"], \"col\": 1, \"row\": 8}, {\"size_y\": 3, \"id\": \"1cfb1a80-a1f4-11e7-928f-5dbe6f6f5519-ecs\", \"type\": \"visualization\", \"size_x\": 12, \"panelIndex\": 18, \"col\": 1, \"row\": 2}, {\"size_y\": 1, \"id\": \"97109780-a2a5-11e7-928f-5dbe6f6f5519-ecs\", \"type\": \"visualization\", \"size_x\": 12, \"panelIndex\": 19, \"col\": 1, \"row\": 1}]",
                "timeRestore": false,
                "title": "[Filebeat Nginx] Access and error logs ECS",
                "uiStateJSON": "{}",
                "version": 1
            },
            "id": "046212a0-a2a1-11e7-928f-5dbe6f6f5519-ecs",
            "type": "dashboard",
            "version": 2
        }
    ],
    "version": "6.0.0-beta2"
}