{
    "objects": [
        {
            "attributes": {
                "description": "",
                "kibanaSavedObjectMeta": {
                    "searchSourceJSON": "{\"filter\": []}"
                },
                "savedSearchId": "8030c1b0-fa77-11e6-ae9b-81e5311e8cab-ecs",
                "title": "New users [Filebeat System] ECS",
                "uiStateJSON": "{\"vis\": {\"params\": {\"sort\": {\"columnIndex\": null, \"direction\": null}}}}",
                "version": 1,
                "visState": "{\"listeners\": {}, \"type\": \"table\", \"title\": \"New users ECS\", \"aggs\": [{\"schema\": \"metric\", \"type\": \"count\", \"enabled\": true, \"id\": \"1\", \"params\": {}}, {\"schema\": \"bucket\", \"type\": \"terms\", \"enabled\": true, \"id\": \"2\", \"params\": {\"field\": \"host.hostname\", \"customLabel\": \"Host\", \"size\": 5, \"order\": \"desc\", \"orderBy\": \"1\"}}, {\"schema\": \"bucket\", \"type\": \"terms\", \"enabled\": true, \"id\": \"3\", \"params\": {\"field\": \"user.name\", \"customLabel\": \"User\", \"size\": 5, \"order\": \"desc\", \"orderBy\": \"1\"}}, {\"schema\": \"bucket\", \"type\": \"terms\", \"enabled\": true, \"id\": \"4\", \"params\": {\"field\": \"user.id\", \"customLabel\": \"UID\", \"size\": 5, \"order\": \"desc\", \"orderBy\": \"1\"}}, {\"schema\": \"bucket\", \"type\": \"terms\", \"enabled\": true, \"id\": \"5\", \"params\": {\"field\": \"group.id\", \"customLabel\": \"GID\", \"size\": 5, \"order\": \"desc\", \"orderBy\": \"1\"}}, {\"schema\": \"bucket\", \"type\": \"terms\", \"enabled\": true, \"id\": \"6\", \"params\": {\"field\": \"system.auth.useradd.home\", \"customLabel\": \"Home\", \"size\": 5, \"order\": \"desc\", \"orderBy\": \"1\"}}, {\"schema\": \"bucket\", \"type\": \"terms\", \"enabled\": true, \"id\": \"7\", \"params\": {\"field\": \"system.auth.useradd.shell\", \"customLabel\": \"Shell\", \"size\": 5, \"order\": \"desc\", \"orderBy\": \"1\"}}], \"params\": {\"totalFunc\": \"sum\", \"perPage\": 10, \"showMeticsAtAllLevels\": false, \"showTotal\": false, \"showPartialRows\": false, \"sort\": {\"columnIndex\": null, \"direction\": null}}}"
            },
            "id": "f398d2f0-fa77-11e6-ae9b-81e5311e8cab-ecs",
            "type": "visualization",
            "version": 2
        },
        {
            "attributes": {
                "description": "",
                "kibanaSavedObjectMeta": {
                    "searchSourceJSON": "{\"filter\": []}"
                },
                "savedSearchId": "8030c1b0-fa77-11e6-ae9b-81e5311e8cab-ecs",
                "title": "New users over time [Filebeat System] ECS",
                "uiStateJSON": "{}",
                "version": 1,
                "visState": "{\"listeners\": {}, \"type\": \"histogram\", \"title\": \"New users over time ECS\", \"aggs\": [{\"schema\": \"metric\", \"type\": \"count\", \"enabled\": true, \"id\": \"1\", \"params\": {}}, {\"schema\": \"segment\", \"type\": \"date_histogram\", \"enabled\": true, \"id\": \"2\", \"params\": {\"field\": \"@timestamp\", \"interval\": \"auto\", \"extended_bounds\": {}, \"customInterval\": \"2h\", \"min_doc_count\": 1}}, {\"schema\": \"group\", \"type\": \"terms\", \"enabled\": true, \"id\": \"3\", \"params\": {\"field\": \"user.name\", \"orderBy\": \"1\", \"size\": 5, \"order\": \"desc\"}}], \"params\": {\"scale\": \"linear\", \"defaultYExtents\": false, \"legendPosition\": \"bottom\", \"mode\": \"stacked\", \"setYExtents\": false, \"addTooltip\": true, \"times\": [], \"addLegend\": true, \"addTimeMarker\": false}}"
            },
            "id": "5dd15c00-fa78-11e6-ae9b-81e5311e8cab-ecs",
            "type": "visualization",
            "version": 2
        },
        {
            "attributes": {
                "description": "",
                "kibanaSavedObjectMeta": {
                    "searchSourceJSON": "{\"filter\": []}"
                },
                "savedSearchId": "8030c1b0-fa77-11e6-ae9b-81e5311e8cab-ecs",
                "title": "New users by shell [Filebeat System] ECS",
                "uiStateJSON": "{\"vis\": {\"legendOpen\": true, \"colors\": {\"/sbin/nologin\": \"#7EB26D\", \"/bin/false\": \"#508642\", \"/bin/bash\": \"#E24D42\"}}}",
                "version": 1,
                "visState": "{\"listeners\": {}, \"type\": \"pie\", \"title\": \"New users by shell ECS\", \"aggs\": [{\"schema\": \"metric\", \"type\": \"count\", \"enabled\": true, \"id\": \"1\", \"params\": {}}, {\"schema\": \"segment\", \"type\": \"terms\", \"enabled\": true, \"id\": \"2\", \"params\": {\"field\": \"system.auth.useradd.shell\", \"orderBy\": \"1\", \"size\": 5, \"order\": \"desc\"}}, {\"schema\": \"segment\", \"type\": \"terms\", \"enabled\": true, \"id\": \"3\", \"params\": {\"field\": \"user.name\", \"orderBy\": \"1\", \"size\": 5, \"order\": \"desc\"}}], \"params\": {\"addTooltip\": true, \"isDonut\": false, \"addLegend\": true, \"legendPosition\": \"right\"}}"
            },
            "id": "e121b140-fa78-11e6-a1df-a78bd7504d38-ecs",
            "type": "visualization",
            "version": 2
        },
        {
            "attributes": {
                "description": "",
                "kibanaSavedObjectMeta": {
                    "searchSourceJSON": "{\"filter\": []}"
                },
                "savedSearchId": "8030c1b0-fa77-11e6-ae9b-81e5311e8cab-ecs",
                "title": "New users by home directory [Filebeat System] ECS",
                "uiStateJSON": "{\"vis\": {\"legendOpen\": true, \"colors\": {\"/nonexistent\": \"#629E51\", \"/sbin/nologin\": \"#7EB26D\", \"/bin/false\": \"#508642\", \"/bin/bash\": \"#E24D42\"}}}",
                "version": 1,
                "visState": "{\"listeners\": {}, \"type\": \"pie\", \"title\": \"New users by home directory ECS\", \"aggs\": [{\"schema\": \"metric\", \"type\": \"count\", \"enabled\": true, \"id\": \"1\", \"params\": {}}, {\"schema\": \"segment\", \"type\": \"terms\", \"enabled\": true, \"id\": \"2\", \"params\": {\"field\": \"system.auth.useradd.home\", \"orderBy\": \"1\", \"size\": 5, \"order\": \"desc\"}}, {\"schema\": \"segment\", \"type\": \"terms\", \"enabled\": true, \"id\": \"3\", \"params\": {\"field\": \"user.name\", \"orderBy\": \"1\", \"size\": 5, \"order\": \"desc\"}}], \"params\": {\"addTooltip\": true, \"isDonut\": false, \"addLegend\": true, \"legendPosition\": \"right\"}}"
            },
            "id": "d56ee420-fa79-11e6-a1df-a78bd7504d38-ecs",
            "type": "visualization",
            "version": 2
        },
        {
            "attributes": {
                "description": "",
                "kibanaSavedObjectMeta": {
                    "searchSourceJSON": "{\"filter\": []}"
                },
                "savedSearchId": "eb0039f0-fa7f-11e6-a1df-a78bd7504d38-ecs",
                "title": "New groups [Filebeat System] ECS",
                "uiStateJSON": "{\"vis\": {\"params\": {\"sort\": {\"columnIndex\": null, \"direction\": null}}}}",
                "version": 1,
                "visState": "{\"listeners\": {}, \"type\": \"table\", \"title\": \"New groups ECS\", \"aggs\": [{\"schema\": \"metric\", \"type\": \"count\", \"enabled\": true, \"id\": \"1\", \"params\": {}}, {\"schema\": \"bucket\", \"type\": \"terms\", \"enabled\": true, \"id\": \"2\", \"params\": {\"field\": \"group.name\", \"orderBy\": \"1\", \"size\": 5, \"order\": \"desc\"}}, {\"schema\": \"bucket\", \"type\": \"terms\", \"enabled\": true, \"id\": \"3\", \"params\": {\"field\": \"group.id\", \"orderBy\": \"1\", \"size\": 5, \"order\": \"desc\"}}], \"params\": {\"totalFunc\": \"sum\", \"perPage\": 10, \"showMeticsAtAllLevels\": false, \"showTotal\": false, \"showPartialRows\": false, \"sort\": {\"columnIndex\": null, \"direction\": null}}}"
            },
            "id": "12667040-fa80-11e6-a1df-a78bd7504d38-ecs",
            "type": "visualization",
            "version": 2
        },
        {
            "attributes": {
                "description": "",
                "kibanaSavedObjectMeta": {
                    "searchSourceJSON": "{\"filter\": []}"
                },
                "savedSearchId": "eb0039f0-fa7f-11e6-a1df-a78bd7504d38-ecs",
                "title": "New groups over time [Filebeat System] ECS",
                "uiStateJSON": "{}",
                "version": 1,
                "visState": "{\"listeners\": {}, \"type\": \"histogram\", \"title\": \"New groups over time ECS\", \"aggs\": [{\"schema\": \"metric\", \"type\": \"count\", \"enabled\": true, \"id\": \"1\", \"params\": {}}, {\"schema\": \"segment\", \"type\": \"date_histogram\", \"enabled\": true, \"id\": \"2\", \"params\": {\"field\": \"@timestamp\", \"interval\": \"auto\", \"extended_bounds\": {}, \"customInterval\": \"2h\", \"min_doc_count\": 1}}, {\"schema\": \"group\", \"type\": \"terms\", \"enabled\": true, \"id\": \"3\", \"params\": {\"field\": \"group.name\", \"orderBy\": \"1\", \"size\": 5, \"order\": \"desc\"}}], \"params\": {\"scale\": \"linear\", \"defaultYExtents\": false, \"legendPosition\": \"bottom\", \"mode\": \"stacked\", \"setYExtents\": false, \"addTooltip\": true, \"times\": [], \"addLegend\": true, \"addTimeMarker\": false}}"
            },
            "id": "346bb290-fa80-11e6-a1df-a78bd7504d38-ecs",
            "type": "visualization",
            "version": 2
        },
        {
            "attributes": {
                "description": "",
                "kibanaSavedObjectMeta": {
                    "searchSourceJSON": "{}"
                },
                "title": "Dashboards [Filebeat System] ECS",
                "uiStateJSON": "{}",
                "version": 1,
                "visState": "{\"type\": \"markdown\", \"title\": \"Dashboards [Filebeat System] ECS\", \"aggs\": [], \"params\": {\"fontSize\": 12, \"markdown\": \"[Syslog](#/dashboard/Filebeat-syslog-dashboard-ecs) | [Sudo commands](#/dashboard/277876d0-fa2c-11e6-bbd3-29c986c96e5a-ecs) | [SSH logins](#/dashboard/5517a150-f9ce-11e6-8115-a7c18106d86a-ecs) | [New users and groups](#/dashboard/0d3f2380-fa78-11e6-ae9b-81e5311e8cab-ecs)\"}}"
            },
            "id": "327417e0-8462-11e7-bab8-bd2f0fb42c54-ecs",
            "type": "visualization",
            "version": 1
        },
        {
            "attributes": {
                "columns": [
                    "user.name",
                    "user.id",
                    "group.id",
                    "system.auth.useradd.home",
                    "system.auth.useradd.shell"
                ],
                "description": "",
                "hits": 0,
                "kibanaSavedObjectMeta": {
                    "searchSourceJSON": "{\"query\": {\"query\": \"system.auth.useradd:*\", \"language\": \"kuery\"}, \"filter\": [], \"highlightAll\": true, \"index\": \"filebeat-*\"}"
                },
                "sort": [
                    "@timestamp",
                    "desc"
                ],
                "title": "useradd logs [Filebeat System] ECS",
                "version": 1
            },
            "id": "8030c1b0-fa77-11e6-ae9b-81e5311e8cab-ecs",
            "type": "search",
            "version": 2
        },
        {
            "attributes": {
                "columns": [
                    "group.name",
                    "group.id"
                ],
                "description": "",
                "hits": 0,
                "kibanaSavedObjectMeta": {
                    "searchSourceJSON": "{\"query\": {\"query\": \"system.auth.groupadd:*\", \"language\": \"kuery\"}, \"filter\": [], \"highlightAll\": true, \"index\": \"filebeat-*\"}"
                },
                "sort": [
                    "@timestamp",
                    "desc"
                ],
                "title": "groupadd logs [Filebeat System] ECS",
                "version": 1
            },
            "id": "eb0039f0-fa7f-11e6-a1df-a78bd7504d38-ecs",
            "type": "search",
            "version": 2
        },
        {
            "attributes": {
                "description": "New users and groups dashboard for the System module in Filebeat",
                "hits": 0,
                "kibanaSavedObjectMeta": {
                    "searchSourceJSON": "{\"query\": {\"query\": \"\", \"language\": \"kuery\"}, \"filter\": [], \"highlightAll\": true, \"version\": true}"
                },
                "optionsJSON": "{\"darkTheme\": false}",
                "panelsJSON": "[{\"size_y\": 3, \"id\": \"f398d2f0-fa77-11e6-ae9b-81e5311e8cab-ecs\", \"type\": \"visualization\", \"size_x\": 6, \"panelIndex\": 1, \"col\": 1, \"row\": 2}, {\"size_y\": 3, \"id\": \"5dd15c00-fa78-11e6-ae9b-81e5311e8cab-ecs\", \"type\": \"visualization\", \"size_x\": 6, \"panelIndex\": 2, \"col\": 7, \"row\": 2}, {\"size_y\": 3, \"id\": \"e121b140-fa78-11e6-a1df-a78bd7504d38-ecs\", \"type\": \"visualization\", \"size_x\": 6, \"panelIndex\": 3, \"col\": 1, \"row\": 5}, {\"size_y\": 3, \"id\": \"d56ee420-fa79-11e6-a1df-a78bd7504d38-ecs\", \"type\": \"visualization\", \"size_x\": 6, \"panelIndex\": 4, \"col\": 7, \"row\": 5}, {\"size_y\": 3, \"id\": \"12667040-fa80-11e6-a1df-a78bd7504d38-ecs\", \"type\": \"visualization\", \"size_x\": 6, \"panelIndex\": 5, \"col\": 1, \"row\": 8}, {\"size_y\": 3, \"id\": \"346bb290-fa80-11e6-a1df-a78bd7504d38-ecs\", \"type\": \"visualization\", \"size_x\": 6, \"panelIndex\": 6, \"col\": 7, \"row\": 8}, {\"size_y\": 1, \"id\": \"327417e0-8462-11e7-bab8-bd2f0fb42c54-ecs\", \"type\": \"visualization\", \"size_x\": 12, \"panelIndex\": 7, \"col\": 1, \"row\": 1}]",
                "timeRestore": false,
                "title": "[Filebeat System] New users and groups ECS",
                "uiStateJSON": "{\"P-5\": {\"vis\": {\"params\": {\"sort\": {\"columnIndex\": null, \"direction\": null}}}}, \"P-1\": {\"vis\": {\"params\": {\"sort\": {\"columnIndex\": null, \"direction\": null}}}}}",
                "version": 1
            },
            "id": "0d3f2380-fa78-11e6-ae9b-81e5311e8cab-ecs",
            "type": "dashboard",
            "version": 6
        }
    ],
    "version": "6.0.0-beta1-SNAPSHOT"
}