{
    "objects": [
        {
            "attributes": {
                "description": "Sample dashboard for Office 365 Management Activity events",
                "hits": 0,
                "kibanaSavedObjectMeta": {
                    "searchSourceJSON": "{\"query\": {\"query\": \"\", \"language\": \"kuery\"}, \"filter\": []}"
                },
                "optionsJSON": "{\"useMargins\": true, \"hidePanelTitles\": false}",
                "panelsJSON": "[{\"gridData\": {\"w\": 10, \"i\": \"b6942e2a-81dc-40e4-a932-8b7a864b28bc\", \"h\": 6, \"y\": 0, \"x\": 0}, \"panelRefName\": \"panel_0\", \"panelIndex\": \"b6942e2a-81dc-40e4-a932-8b7a864b28bc\", \"title\": \"Total audit events\", \"embeddableConfig\": {\"title\": \"Total audit events\"}, \"version\": \"7.6.0\"}, {\"gridData\": {\"w\": 38, \"i\": \"9673e6df-4b1e-4771-b1c6-c41c9bfc7272\", \"h\": 14, \"y\": 0, \"x\": 10}, \"panelRefName\": \"panel_1\", \"panelIndex\": \"9673e6df-4b1e-4771-b1c6-c41c9bfc7272\", \"title\": \"Event histogram by service\", \"embeddableConfig\": {\"title\": \"Event histogram by service\"}, \"version\": \"7.6.0\"}, {\"gridData\": {\"w\": 10, \"i\": \"70ab7239-c65c-41da-8242-da61750745d7\", \"h\": 8, \"y\": 6, \"x\": 0}, \"panelRefName\": \"panel_2\", \"panelIndex\": \"70ab7239-c65c-41da-8242-da61750745d7\", \"title\": \"Events by type\", \"embeddableConfig\": {\"vis\": {\"legendOpen\": true, \"colors\": {\"event\": \"#7EB26D\", \"alert\": \"#E24D42\"}}, \"legendOpen\": true, \"title\": \"Events by type\", \"colors\": {\"event\": \"#7EB26D\", \"alert\": \"#EF843C\"}}, \"version\": \"7.6.0\"}, {\"gridData\": {\"w\": 10, \"i\": \"775ced7d-7c58-44bc-8d4e-2a757d2c218c\", \"h\": 17, \"y\": 14, \"x\": 0}, \"panelRefName\": \"panel_3\", \"panelIndex\": \"775ced7d-7c58-44bc-8d4e-2a757d2c218c\", \"title\": \"Top users by authentication failures\", \"embeddableConfig\": {\"vis\": {\"legendOpen\": true, \"colors\": {\"success\": \"#629E51\", \"failure\": \"#E24D42\"}}, \"legendOpen\": false, \"title\": \"Top users by authentication failures\", \"colors\": {\"success\": \"#629E51\", \"failure\": \"#E24D42\"}}, \"version\": \"7.6.0\"}, {\"gridData\": {\"w\": 38, \"i\": \"15fe975b-6b8b-4445-872d-e06c041e2c31\", \"h\": 17, \"y\": 14, \"x\": 10}, \"panelRefName\": \"panel_4\", \"panelIndex\": \"15fe975b-6b8b-4445-872d-e06c041e2c31\", \"title\": \"Client geolocation map\", \"embeddableConfig\": {\"title\": \"Client geolocation map\", \"isLayerTOCOpen\": false, \"openTOCDetails\": [], \"hiddenLayers\": [], \"mapCenter\": {\"lon\": -48.94209, \"zoom\": 1.88, \"lat\": 42.68781}}, \"version\": \"7.6.0\"}, {\"gridData\": {\"w\": 48, \"i\": \"481f1778-caad-4971-b598-bb61c94bf998\", \"h\": 13, \"y\": 31, \"x\": 0}, \"panelRefName\": \"panel_5\", \"panelIndex\": \"481f1778-caad-4971-b598-bb61c94bf998\", \"title\": \"Data Loss Prevention alerts\", \"embeddableConfig\": {\"title\": \"Data Loss Prevention alerts\"}, \"version\": \"7.6.0\"}]",
                "timeRestore": false,
                "title": "[Filebeat o365] Audit Dashboard ECS",
                "version": 1
            },
            "id": "712e2c00-685d-11ea-8d6a-292ef5d68366",
            "migrationVersion": {
                "dashboard": "7.3.0"
            },
            "references": [
                {
                    "id": "0be1adb0-6860-11ea-8d6a-292ef5d68366",
                    "name": "panel_0",
                    "type": "visualization"
                },
                {
                    "id": "8b033510-685a-11ea-8d6a-292ef5d68366",
                    "name": "panel_1",
                    "type": "visualization"
                },
                {
                    "id": "d43c95a0-6864-11ea-8d6a-292ef5d68366",
                    "name": "panel_2",
                    "type": "visualization"
                },
                {
                    "id": "897d0c70-6869-11ea-8d6a-292ef5d68366",
                    "name": "panel_3",
                    "type": "visualization"
                },
                {
                    "id": "dbae13c0-685c-11ea-8d6a-292ef5d68366",
                    "name": "panel_4",
                    "type": "map"
                },
                {
                    "id": "8b8e5a10-6886-11ea-8d6a-292ef5d68366",
                    "name": "panel_5",
                    "type": "search"
                }
            ],
            "type": "dashboard",
            "updated_at": "2020-03-17T19:40:51.528Z",
            "version": "WzY3MywyXQ=="
        },
        {
            "attributes": {
                "description": "",
                "kibanaSavedObjectMeta": {
                    "searchSourceJSON": "{}"
                },
                "savedSearchRefName": "search_0",
                "title": "Audit Event Count [Filebeat o365]",
                "uiStateJSON": "{}",
                "version": 1,
                "visState": "{\"type\": \"metric\", \"title\": \"Audit Event Count [Filebeat o365]\", \"aggs\": [{\"schema\": \"metric\", \"type\": \"count\", \"enabled\": true, \"id\": \"1\", \"params\": {}}], \"params\": {\"addTooltip\": true, \"metric\": {\"useRanges\": false, \"style\": {\"fontSize\": 40, \"bgFill\": \"#000\", \"bgColor\": false, \"labelColor\": false, \"subText\": \"\"}, \"colorSchema\": \"Green to Red\", \"percentageMode\": false, \"colorsRange\": [{\"to\": 10000, \"from\": 0, \"type\": \"range\"}], \"metricColorMode\": \"None\", \"labels\": {\"show\": true}, \"invertColors\": false}, \"type\": \"metric\", \"addLegend\": false, \"dimensions\": {\"metrics\": [{\"accessor\": 0, \"format\": {\"params\": {}, \"id\": \"number\"}, \"type\": \"vis_dimension\"}]}}}"
            },
            "id": "0be1adb0-6860-11ea-8d6a-292ef5d68366",
            "migrationVersion": {
                "visualization": "7.4.2"
            },
            "references": [
                {
                    "id": "fdc14020-6859-11ea-8d6a-292ef5d68366",
                    "name": "search_0",
                    "type": "search"
                }
            ],
            "type": "visualization",
            "updated_at": "2020-03-17T15:42:14.802Z",
            "version": "WzU5OCwxXQ=="
        },
        {
            "attributes": {
                "description": "",
                "kibanaSavedObjectMeta": {
                    "searchSourceJSON": "{}"
                },
                "savedSearchRefName": "search_0",
                "title": "Events Histogram [Filebeat o365]",
                "uiStateJSON": "{}",
                "version": 1,
                "visState": "{\"type\": \"histogram\", \"title\": \"Events Histogram [Filebeat o365]\", \"aggs\": [{\"schema\": \"metric\", \"type\": \"count\", \"enabled\": true, \"id\": \"1\", \"params\": {}}, {\"schema\": \"group\", \"type\": \"terms\", \"enabled\": true, \"id\": \"2\", \"params\": {\"field\": \"event.code\", \"orderBy\": \"1\", \"order\": \"desc\", \"missingBucket\": false, \"missingBucketLabel\": \"Missing\", \"otherBucket\": true, \"size\": 50, \"otherBucketLabel\": \"Other\"}}, {\"schema\": \"segment\", \"type\": \"date_histogram\", \"enabled\": true, \"id\": \"3\", \"params\": {\"field\": \"@timestamp\", \"timeRange\": {\"to\": \"2020-02-29T10:59:01.067Z\", \"from\": \"2020-02-05T03:25:59.045Z\"}, \"drop_partials\": false, \"scaleMetricValues\": false, \"useNormalizedEsInterval\": true, \"extended_bounds\": {}, \"interval\": \"auto\", \"min_doc_count\": 1}}], \"params\": {\"seriesParams\": [{\"data\": {\"id\": \"1\", \"label\": \"Count\"}, \"showCircles\": true, \"drawLinesBetweenPoints\": true, \"mode\": \"stacked\", \"type\": \"histogram\", \"valueAxis\": \"ValueAxis-1\", \"lineWidth\": 2, \"show\": true}], \"legendPosition\": \"right\", \"dimensions\": {\"series\": [{\"accessor\": 0, \"aggType\": \"terms\", \"format\": {\"params\": {\"missingBucketLabel\": \"Missing\", \"otherBucketLabel\": \"Other\", \"id\": \"string\", \"parsedUrl\": {\"pathname\": \"/app/kibana\", \"basePath\": \"\", \"origin\": \"http://localhost:5601\"}}, \"id\": \"terms\"}, \"params\": {}, \"label\": \"event.code: Descending\"}], \"y\": [{\"accessor\": 2, \"aggType\": \"count\", \"format\": {\"id\": \"number\"}, \"params\": {}, \"label\": \"Count\"}], \"x\": {\"accessor\": 1, \"aggType\": \"date_histogram\", \"format\": {\"params\": {\"pattern\": \"YYYY-MM-DD HH:mm\"}, \"id\": \"date\"}, \"params\": {\"intervalESValue\": 12, \"date\": true, \"intervalESUnit\": \"h\", \"interval\": \"PT12H\", \"format\": \"YYYY-MM-DD HH:mm\", \"bounds\": {\"max\": \"2020-02-29T10:59:01.067Z\", \"min\": \"2020-02-05T03:25:59.045Z\"}}, \"label\": \"@timestamp per 12 hours\"}}, \"addTooltip\": true, \"times\": [], \"categoryAxes\": [{\"id\": \"CategoryAxis-1\", \"scale\": {\"type\": \"linear\"}, \"type\": \"category\", \"position\": \"bottom\", \"labels\": {\"show\": true, \"filter\": true, \"truncate\": 100}, \"show\": true, \"title\": {}, \"style\": {}}], \"addLegend\": true, \"type\": \"histogram\", \"addTimeMarker\": false, \"valueAxes\": [{\"name\": \"LeftAxis-1\", \"id\": \"ValueAxis-1\", \"scale\": {\"mode\": \"normal\", \"type\": \"linear\"}, \"type\": \"value\", \"position\": \"left\", \"labels\": {\"show\": true, \"filter\": false, \"truncate\": 100, \"rotate\": 0}, \"show\": true, \"title\": {\"text\": \"Count\"}, \"style\": {}}], \"grid\": {\"categoryLines\": false}, \"labels\": {\"show\": false}, \"thresholdLine\": {\"color\": \"#E7664C\", \"show\": false, \"style\": \"full\", \"value\": 10, \"width\": 1}}}"
            },
            "id": "8b033510-685a-11ea-8d6a-292ef5d68366",
            "migrationVersion": {
                "visualization": "7.4.2"
            },
            "references": [
                {
                    "id": "fdc14020-6859-11ea-8d6a-292ef5d68366",
                    "name": "search_0",
                    "type": "search"
                }
            ],
            "type": "visualization",
            "updated_at": "2020-03-17T14:21:07.680Z",
            "version": "WzU3MSwxXQ=="
        },
        {
            "attributes": {
                "description": "",
                "kibanaSavedObjectMeta": {
                    "searchSourceJSON": "{}"
                },
                "savedSearchRefName": "search_0",
                "title": "Audit Event Type [Filebeat o365]",
                "uiStateJSON": "{}",
                "version": 1,
                "visState": "{\"type\": \"pie\", \"title\": \"Audit Event Type [Filebeat o365]\", \"aggs\": [{\"schema\": \"metric\", \"type\": \"count\", \"enabled\": true, \"id\": \"1\", \"params\": {}}, {\"schema\": \"segment\", \"type\": \"terms\", \"enabled\": true, \"id\": \"2\", \"params\": {\"field\": \"event.kind\", \"orderBy\": \"1\", \"order\": \"desc\", \"missingBucket\": true, \"missingBucketLabel\": \"Missing\", \"otherBucket\": true, \"size\": 5, \"otherBucketLabel\": \"Other\"}}], \"params\": {\"isDonut\": true, \"legendPosition\": \"right\", \"dimensions\": {\"metric\": {\"accessor\": 0, \"aggType\": \"count\", \"format\": {\"id\": \"number\"}, \"params\": {}, \"label\": \"Count\"}}, \"addTooltip\": true, \"labels\": {\"last_level\": true, \"show\": false, \"values\": true, \"truncate\": 100}, \"type\": \"pie\", \"addLegend\": true}}"
            },
            "id": "d43c95a0-6864-11ea-8d6a-292ef5d68366",
            "migrationVersion": {
                "visualization": "7.4.2"
            },
            "references": [
                {
                    "id": "fdc14020-6859-11ea-8d6a-292ef5d68366",
                    "name": "search_0",
                    "type": "search"
                }
            ],
            "type": "visualization",
            "updated_at": "2020-03-17T15:34:45.498Z",
            "version": "WzU5NiwxXQ=="
        },
        {
            "attributes": {
                "description": "",
                "kibanaSavedObjectMeta": {
                    "searchSourceJSON": "{\"query\": {\"query\": \"\", \"language\": \"kuery\"}, \"filter\": [{\"$state\": {\"store\": \"appState\"}, \"query\": {\"match_phrase\": {\"event.category\": \"authentication\"}}, \"meta\": {\"negate\": false, \"indexRefName\": \"kibanaSavedObjectMeta.searchSourceJSON.filter[0].meta.index\", \"disabled\": false, \"type\": \"phrase\", \"params\": {\"query\": \"authentication\"}, \"key\": \"event.category\", \"alias\": null}}]}"
                },
                "savedSearchRefName": "search_0",
                "title": "Top Authentication Failures [Filebeat o365]",
                "uiStateJSON": "{\"vis\": {\"legendOpen\": true, \"colors\": {\"success\": \"#629E51\", \"failure\": \"#E24D42\"}}}",
                "version": 1,
                "visState": "{\"type\": \"horizontal_bar\", \"title\": \"Top Authentication Failures [Filebeat o365]\", \"aggs\": [{\"schema\": \"metric\", \"type\": \"count\", \"enabled\": true, \"id\": \"1\", \"params\": {\"customLabel\": \"\"}}, {\"schema\": \"group\", \"type\": \"terms\", \"enabled\": true, \"id\": \"3\", \"params\": {\"field\": \"event.outcome\", \"orderBy\": \"_key\", \"order\": \"asc\", \"missingBucket\": false, \"missingBucketLabel\": \"Missing\", \"otherBucket\": false, \"size\": 2, \"otherBucketLabel\": \"Other\"}}, {\"schema\": \"split\", \"type\": \"terms\", \"enabled\": true, \"id\": \"2\", \"params\": {\"field\": \"user.name\", \"orderBy\": \"1\", \"order\": \"desc\", \"missingBucket\": false, \"missingBucketLabel\": \"Missing\", \"otherBucket\": false, \"size\": 15, \"otherBucketLabel\": \"Other\", \"row\": true}}], \"params\": {\"seriesParams\": [{\"data\": {\"id\": \"1\", \"label\": \"Count\"}, \"showCircles\": true, \"drawLinesBetweenPoints\": true, \"mode\": \"stacked\", \"type\": \"histogram\", \"valueAxis\": \"ValueAxis-1\", \"lineWidth\": 2, \"show\": true}], \"legendPosition\": \"bottom\", \"dimensions\": {\"splitRow\": [{\"accessor\": 1, \"aggType\": \"terms\", \"format\": {\"params\": {\"missingBucketLabel\": \"Missing\", \"otherBucketLabel\": \"Other\", \"id\": \"string\", \"parsedUrl\": {\"pathname\": \"/app/kibana\", \"basePath\": \"\", \"origin\": \"http://localhost:5601\"}}, \"id\": \"terms\"}, \"params\": {}, \"label\": \"user.name: Descending\"}], \"series\": [{\"accessor\": 0, \"aggType\": \"terms\", \"format\": {\"params\": {\"missingBucketLabel\": \"Missing\", \"otherBucketLabel\": \"Other\", \"id\": \"string\", \"parsedUrl\": {\"pathname\": \"/app/kibana\", \"basePath\": \"\", \"origin\": \"http://localhost:5601\"}}, \"id\": \"terms\"}, \"params\": {}, \"label\": \"event.outcome: Ascending\"}], \"y\": [{\"accessor\": 2, \"aggType\": \"count\", \"format\": {\"id\": \"number\"}, \"params\": {}, \"label\": \"Count\"}], \"x\": null}, \"addTooltip\": true, \"times\": [], \"categoryAxes\": [{\"id\": \"CategoryAxis-1\", \"scale\": {\"type\": \"linear\"}, \"type\": \"category\", \"position\": \"left\", \"labels\": {\"show\": true, \"filter\": false, \"truncate\": 200, \"rotate\": 0}, \"show\": false, \"title\": {}, \"style\": {}}], \"addLegend\": true, \"type\": \"histogram\", \"addTimeMarker\": false, \"valueAxes\": [{\"name\": \"LeftAxis-1\", \"id\": \"ValueAxis-1\", \"scale\": {\"mode\": \"normal\", \"type\": \"linear\"}, \"type\": \"value\", \"position\": \"bottom\", \"labels\": {\"show\": false, \"filter\": true, \"truncate\": 100, \"rotate\": 75}, \"show\": false, \"title\": {\"text\": \"Count\"}, \"style\": {}}], \"orderBucketsBySum\": true, \"grid\": {\"valueAxis\": \"\", \"categoryLines\": false}, \"labels\": {\"show\": true}, \"thresholdLine\": {\"color\": \"#E7664C\", \"show\": false, \"style\": \"full\", \"value\": 10, \"width\": 1}}}"
            },
            "id": "897d0c70-6869-11ea-8d6a-292ef5d68366",
            "migrationVersion": {
                "visualization": "7.4.2"
            },
            "references": [
                {
                    "id": "filebeat-*",
                    "name": "kibanaSavedObjectMeta.searchSourceJSON.filter[0].meta.index",
                    "type": "index-pattern"
                },
                {
                    "id": "fdc14020-6859-11ea-8d6a-292ef5d68366",
                    "name": "search_0",
                    "type": "search"
                }
            ],
            "type": "visualization",
            "updated_at": "2020-03-17T17:33:41.990Z",
            "version": "WzYwOCwxXQ=="
        },
        {
            "attributes": {
                "bounds": {
                    "coordinates": [
                        [
                            [
                                -52.43037,
                                65.94892
                            ],
                            [
                                -52.43037,
                                -22.98633
                            ],
                            [
                                85.77811,
                                -22.98633
                            ],
                            [
                                85.77811,
                                65.94892
                            ],
                            [
                                -52.43037,
                                65.94892
                            ]
                        ]
                    ],
                    "type": "Polygon"
                },
                "description": "",
                "layerListJSON": "[{\"sourceDescriptor\":{\"type\":\"EMS_TMS\",\"isAutoSelect\":true},\"id\":\"0b910b6c-77c8-4223-892a-1ebf69b0ccb4\",\"label\":null,\"minZoom\":0,\"maxZoom\":24,\"alpha\":1,\"visible\":true,\"style\":{},\"type\":\"VECTOR_TILE\"},{\"sourceDescriptor\":{\"type\":\"ES_GEO_GRID\",\"id\":\"3ba31ffc-7051-44bf-96a0-a684020cd2a3\",\"geoField\":\"source.geo.location\",\"requestType\":\"point\",\"resolution\":\"FINE\",\"applyGlobalQuery\":true,\"indexPatternRefName\":\"layer_1_source_index_pattern\"},\"style\":{\"type\":\"VECTOR\",\"properties\":{\"fillColor\":{\"type\":\"DYNAMIC\",\"options\":{\"color\":\"Yellow to Red\",\"colorCategory\":\"palette_0\",\"field\":{\"name\":\"doc_count\",\"origin\":\"source\"},\"fieldMetaOptions\":{\"isEnabled\":true,\"sigma\":3},\"type\":\"ORDINAL\",\"useCustomColorRamp\":false}},\"lineColor\":{\"type\":\"STATIC\",\"options\":{\"color\":\"#FFF\"}},\"lineWidth\":{\"type\":\"STATIC\",\"options\":{\"size\":0}},\"iconSize\":{\"type\":\"DYNAMIC\",\"options\":{\"minSize\":8,\"maxSize\":32,\"field\":{\"name\":\"doc_count\",\"origin\":\"source\"},\"fieldMetaOptions\":{\"isEnabled\":true,\"sigma\":3}}},\"iconOrientation\":{\"type\":\"STATIC\",\"options\":{\"orientation\":0}},\"labelText\":{\"type\":\"DYNAMIC\",\"options\":{\"field\":{\"name\":\"doc_count\",\"origin\":\"source\"}}},\"labelColor\":{\"type\":\"STATIC\",\"options\":{\"color\":\"#000000\"}},\"labelSize\":{\"type\":\"STATIC\",\"options\":{\"size\":14}},\"labelBorderColor\":{\"type\":\"STATIC\",\"options\":{\"color\":\"#FFFFFF\"}},\"symbol\":{\"options\":{\"symbolizeAs\":\"circle\",\"symbolId\":\"airfield\"}},\"labelBorderSize\":{\"options\":{\"size\":\"SMALL\"}}},\"isTimeAware\":true},\"id\":\"acc53b7b-3411-406b-9371-6fa62b6b9365\",\"label\":null,\"minZoom\":0,\"maxZoom\":24,\"alpha\":0.75,\"visible\":true,\"type\":\"VECTOR\"}]",
                "mapStateJSON": "{\"zoom\":2.88,\"center\":{\"lon\":16.67387,\"lat\":30.87292},\"timeFilters\":{\"from\":\"2020-02-05T03:25:59.045Z\",\"to\":\"2020-02-29T10:59:01.067Z\"},\"refreshConfig\":{\"isPaused\":false,\"interval\":0},\"query\":{\"query\":\"event.dataset:\\\"o365.audit\\\" \",\"language\":\"kuery\"},\"filters\":[]}",
                "title": "Client Geo Map [Filebeat o365 audit]",
                "uiStateJSON": "{\"isLayerTOCOpen\": true, \"openTOCDetails\": []}"
            },
            "id": "dbae13c0-685c-11ea-8d6a-292ef5d68366",
            "migrationVersion": {
                "map": "7.6.0"
            },
            "references": [
                {
                    "id": "filebeat-*",
                    "name": "layer_1_source_index_pattern",
                    "type": "index-pattern"
                }
            ],
            "type": "map",
            "updated_at": "2020-03-17T14:45:09.571Z",
            "version": "WzU4NCwxXQ=="
        },
        {
            "attributes": {
                "columns": [
                    "event.category",
                    "event.type",
                    "event.action",
                    "event.outcome",
                    "user.name",
                    "file.name",
                    "rule.name"
                ],
                "description": "",
                "hits": 0,
                "kibanaSavedObjectMeta": {
                    "searchSourceJSON": "{\"version\": true, \"query\": {\"query\": \"\", \"language\": \"kuery\"}, \"filter\": [{\"$state\": {\"store\": \"appState\"}, \"query\": {\"match_phrase\": {\"event.dataset\": \"o365.audit\"}}, \"meta\": {\"negate\": false, \"indexRefName\": \"kibanaSavedObjectMeta.searchSourceJSON.filter[0].meta.index\", \"disabled\": false, \"type\": \"phrase\", \"params\": {\"query\": \"o365.audit\"}, \"key\": \"event.dataset\", \"alias\": null}}, {\"$state\": {\"store\": \"appState\"}, \"query\": {\"match_phrase\": {\"event.kind\": \"alert\"}}, \"meta\": {\"negate\": false, \"indexRefName\": \"kibanaSavedObjectMeta.searchSourceJSON.filter[1].meta.index\", \"disabled\": false, \"type\": \"phrase\", \"params\": {\"query\": \"alert\"}, \"key\": \"event.kind\", \"alias\": null}}, {\"$state\": {\"store\": \"appState\"}, \"query\": {\"bool\": {\"should\": [{\"match_phrase\": {\"event.code\": \"ComplianceDLPSharePoint\"}}, {\"match_phrase\": {\"event.code\": \"ComplianceDLPExchange\"}}], \"minimum_should_match\": 1}}, \"meta\": {\"negate\": false, \"value\": \"ComplianceDLPSharePoint, ComplianceDLPExchange\", \"indexRefName\": \"kibanaSavedObjectMeta.searchSourceJSON.filter[2].meta.index\", \"disabled\": false, \"type\": \"phrases\", \"params\": [\"ComplianceDLPSharePoint\", \"ComplianceDLPExchange\"], \"key\": \"event.code\", \"alias\": null}}], \"highlightAll\": true, \"indexRefName\": \"kibanaSavedObjectMeta.searchSourceJSON.index\"}"
                },
                "sort": [
                    [
                        "@timestamp",
                        "desc"
                    ]
                ],
                "title": "Data Loss Prevention [Filebeat o365]",
                "version": 1
            },
            "id": "8b8e5a10-6886-11ea-8d6a-292ef5d68366",
            "migrationVersion": {
                "search": "7.4.0"
            },
            "references": [
                {
                    "id": "filebeat-*",
                    "name": "kibanaSavedObjectMeta.searchSourceJSON.index",
                    "type": "index-pattern"
                },
                {
                    "id": "filebeat-*",
                    "name": "kibanaSavedObjectMeta.searchSourceJSON.filter[0].meta.index",
                    "type": "index-pattern"
                },
                {
                    "id": "filebeat-*",
                    "name": "kibanaSavedObjectMeta.searchSourceJSON.filter[1].meta.index",
                    "type": "index-pattern"
                },
                {
                    "id": "filebeat-*",
                    "name": "kibanaSavedObjectMeta.searchSourceJSON.filter[2].meta.index",
                    "type": "index-pattern"
                }
            ],
            "type": "search",
            "updated_at": "2020-03-17T19:36:06.449Z",
            "version": "WzY3MCwyXQ=="
        },
        {
            "attributes": {
                "columns": [
                    "_source"
                ],
                "description": "",
                "hits": 0,
                "kibanaSavedObjectMeta": {
                    "searchSourceJSON": "{\"version\": true, \"query\": {\"query\": \"event.dataset:\\\"o365.audit\\\" \", \"language\": \"kuery\"}, \"filter\": [], \"highlightAll\": true, \"indexRefName\": \"kibanaSavedObjectMeta.searchSourceJSON.index\"}"
                },
                "sort": [
                    [
                        "@timestamp",
                        "desc"
                    ]
                ],
                "title": "Audit Events [Filebeat O365]",
                "version": 1
            },
            "id": "fdc14020-6859-11ea-8d6a-292ef5d68366",
            "migrationVersion": {
                "search": "7.4.0"
            },
            "references": [
                {
                    "id": "filebeat-*",
                    "name": "kibanaSavedObjectMeta.searchSourceJSON.index",
                    "type": "index-pattern"
                }
            ],
            "type": "search",
            "updated_at": "2020-03-17T14:17:10.688Z",
            "version": "WzU2OSwxXQ=="
        }
    ],
    "version": "7.6.0"
}