{
    "objects": [
        {
            "attributes": {
                "description": "Palo Alto Networks PAN-OS Networks Overview",
                "hits": 0,
                "kibanaSavedObjectMeta": {
                    "searchSourceJSON": "{\"query\": {\"query\": \"\", \"language\": \"kuery\"}, \"filter\": []}"
                },
                "optionsJSON": "{\"useMargins\": true, \"hidePanelTitles\": false}",
                "panelsJSON": "[{\"panelIndex\": \"1\", \"panelRefName\": \"panel_0\", \"embeddableConfig\": {}, \"gridData\": {\"w\": 24, \"i\": \"1\", \"h\": 15, \"y\": 0, \"x\": 24}, \"version\": \"7.1.0\"}, {\"panelIndex\": \"2\", \"panelRefName\": \"panel_1\", \"embeddableConfig\": {}, \"gridData\": {\"w\": 24, \"i\": \"2\", \"h\": 15, \"y\": 0, \"x\": 0}, \"version\": \"7.1.0\"}, {\"panelIndex\": \"3\", \"panelRefName\": \"panel_2\", \"embeddableConfig\": {\"vis\": {\"legendOpen\": false}}, \"gridData\": {\"w\": 24, \"i\": \"3\", \"h\": 15, \"y\": 15, \"x\": 0}, \"version\": \"7.1.0\"}, {\"panelIndex\": \"4\", \"panelRefName\": \"panel_3\", \"embeddableConfig\": {\"vis\": {\"legendOpen\": false}}, \"gridData\": {\"w\": 12, \"i\": \"4\", \"h\": 15, \"y\": 15, \"x\": 24}, \"version\": \"7.1.0\"}, {\"panelIndex\": \"5\", \"panelRefName\": \"panel_4\", \"embeddableConfig\": {}, \"gridData\": {\"w\": 12, \"i\": \"5\", \"h\": 15, \"y\": 15, \"x\": 36}, \"version\": \"7.1.0\"}, {\"panelIndex\": \"6\", \"panelRefName\": \"panel_5\", \"embeddableConfig\": {}, \"gridData\": {\"w\": 24, \"i\": \"6\", \"h\": 15, \"y\": 30, \"x\": 0}, \"version\": \"7.1.0\"}, {\"panelIndex\": \"7\", \"panelRefName\": \"panel_6\", \"embeddableConfig\": {}, \"gridData\": {\"w\": 24, \"i\": \"7\", \"h\": 15, \"y\": 30, \"x\": 24}, \"version\": \"7.1.0\"}]",
                "timeRestore": false,
                "title": "[Filebeat PANW] Network Flows ECS",
                "version": 1
            },
            "id": "e40ba240-7572-11e9-976e-65a8f47cc4c1",
            "migrationVersion": {
                "dashboard": "7.0.0"
            },
            "references": [
                {
                    "id": "091fe860-756a-11e9-976e-65a8f47cc4c1",
                    "name": "panel_0",
                    "type": "visualization"
                },
                {
                    "id": "87f30f60-7569-11e9-976e-65a8f47cc4c1",
                    "name": "panel_1",
                    "type": "visualization"
                },
                {
                    "id": "78e7e820-756d-11e9-976e-65a8f47cc4c1",
                    "name": "panel_2",
                    "type": "visualization"
                },
                {
                    "id": "d9cab170-756f-11e9-976e-65a8f47cc4c1",
                    "name": "panel_3",
                    "type": "visualization"
                },
                {
                    "id": "135930b0-7570-11e9-976e-65a8f47cc4c1",
                    "name": "panel_4",
                    "type": "visualization"
                },
                {
                    "id": "e46331c0-756a-11e9-976e-65a8f47cc4c1",
                    "name": "panel_5",
                    "type": "visualization"
                },
                {
                    "id": "0407a3e0-756f-11e9-976e-65a8f47cc4c1",
                    "name": "panel_6",
                    "type": "visualization"
                }
            ],
            "type": "dashboard",
            "updated_at": "2019-05-13T11:33:12.420Z",
            "version": "WzI0NSwxXQ=="
        },
        {
            "attributes": {
                "description": "",
                "kibanaSavedObjectMeta": {
                    "searchSourceJSON": "{\"query\": {\"query\": \"\", \"language\": \"kuery\"}, \"filter\": []}"
                },
                "savedSearchRefName": "search_0",
                "title": "Destination Flows Map [Filebeat PANW] ECS",
                "uiStateJSON": "{}",
                "version": 1,
                "visState": "{\"type\": \"tile_map\", \"title\": \"Destination Flows Map [Filebeat PANW] ECS\", \"aggs\": [{\"schema\": \"metric\", \"type\": \"count\", \"enabled\": true, \"id\": \"1\", \"params\": {}}, {\"schema\": \"segment\", \"type\": \"geohash_grid\", \"enabled\": true, \"id\": \"2\", \"params\": {\"field\": \"destination.geo.location\", \"isFilteredByCollar\": true, \"mapZoom\": 2, \"precision\": 2, \"useGeocentroid\": true, \"autoPrecision\": true, \"mapCenter\": [0, 0]}}], \"params\": {\"heatClusterSize\": 1.5, \"isDesaturated\": true, \"colorSchema\": \"Yellow to Red\", \"legendPosition\": \"bottomright\", \"mapZoom\": 2, \"wms\": {\"options\": {\"format\": \"image/png\", \"transparent\": true}, \"enabled\": false}, \"addTooltip\": true, \"mapType\": \"Scaled Circle Markers\", \"mapCenter\": [0, 0]}}"
            },
            "id": "091fe860-756a-11e9-976e-65a8f47cc4c1",
            "migrationVersion": {
                "visualization": "7.0.1"
            },
            "references": [
                {
                    "id": "290685e0-7569-11e9-976e-65a8f47cc4c1",
                    "name": "search_0",
                    "type": "search"
                }
            ],
            "type": "visualization",
            "updated_at": "2019-05-13T10:29:49.158Z",
            "version": "WzIzOCwxXQ=="
        },
        {
            "attributes": {
                "description": "",
                "kibanaSavedObjectMeta": {
                    "searchSourceJSON": "{\"query\": {\"query\": \"\", \"language\": \"kuery\"}, \"filter\": []}"
                },
                "savedSearchRefName": "search_0",
                "title": "Source Flows Map [Filebeat PANW] ECS",
                "uiStateJSON": "{\"mapZoom\": 1, \"mapCenter\": [-0.17578097424708533, 0.17578125]}",
                "version": 1,
                "visState": "{\"type\": \"tile_map\", \"title\": \"Source Flows Map [Filebeat PANW] ECS\", \"aggs\": [{\"schema\": \"metric\", \"type\": \"count\", \"enabled\": true, \"id\": \"1\", \"params\": {}}, {\"schema\": \"segment\", \"type\": \"geohash_grid\", \"enabled\": true, \"id\": \"2\", \"params\": {\"field\": \"source.geo.location\", \"isFilteredByCollar\": true, \"mapZoom\": 2, \"precision\": 2, \"useGeocentroid\": true, \"autoPrecision\": true, \"mapCenter\": [0, 0]}}], \"params\": {\"heatClusterSize\": 1.5, \"isDesaturated\": true, \"colorSchema\": \"Yellow to Red\", \"legendPosition\": \"bottomright\", \"mapZoom\": 2, \"wms\": {\"options\": {\"format\": \"image/png\", \"transparent\": true}, \"enabled\": false}, \"addTooltip\": true, \"mapType\": \"Scaled Circle Markers\", \"mapCenter\": [0, 0]}}"
            },
            "id": "87f30f60-7569-11e9-976e-65a8f47cc4c1",
            "migrationVersion": {
                "visualization": "7.0.1"
            },
            "references": [
                {
                    "id": "290685e0-7569-11e9-976e-65a8f47cc4c1",
                    "name": "search_0",
                    "type": "search"
                }
            ],
            "type": "visualization",
            "updated_at": "2019-05-13T10:26:12.438Z",
            "version": "WzIzNywxXQ=="
        },
        {
            "attributes": {
                "description": "",
                "kibanaSavedObjectMeta": {
                    "searchSourceJSON": "{\"query\": {\"query\": \"\", \"language\": \"kuery\"}, \"filter\": [{\"$state\": {\"store\": \"appState\"}, \"query\": {\"match\": {\"event.action\": {\"query\": \"flow_terminated\", \"type\": \"phrase\"}}}, \"meta\": {\"negate\": true, \"value\": \"flow_terminated\", \"indexRefName\": \"kibanaSavedObjectMeta.searchSourceJSON.filter[0].meta.index\", \"disabled\": false, \"type\": \"phrase\", \"params\": {\"query\": \"flow_terminated\"}, \"key\": \"event.action\", \"alias\": null}}]}"
                },
                "savedSearchRefName": "search_0",
                "title": "Flow Creation Histogram [Filebeat PANW] ECS",
                "uiStateJSON": "{}",
                "version": 1,
                "visState": "{\"type\": \"histogram\", \"title\": \"Flow Creation Histogram [Filebeat PANW] ECS\", \"aggs\": [{\"schema\": \"metric\", \"type\": \"count\", \"enabled\": true, \"id\": \"1\", \"params\": {}}, {\"schema\": \"segment\", \"type\": \"date_histogram\", \"enabled\": true, \"id\": \"2\", \"params\": {\"field\": \"@timestamp\", \"timeRange\": {\"to\": \"2018-04-10T04:39:56.264Z\", \"from\": \"2018-04-10T04:36:19.586Z\"}, \"drop_partials\": false, \"customInterval\": \"2h\", \"useNormalizedEsInterval\": true, \"extended_bounds\": {}, \"interval\": \"auto\", \"min_doc_count\": 1}}, {\"schema\": \"group\", \"type\": \"terms\", \"enabled\": true, \"id\": \"3\", \"params\": {\"field\": \"event.outcome\", \"orderBy\": \"1\", \"order\": \"desc\", \"missingBucket\": false, \"missingBucketLabel\": \"Missing\", \"otherBucket\": false, \"size\": 5, \"otherBucketLabel\": \"Other\"}}], \"params\": {\"valueAxes\": [{\"name\": \"LeftAxis-1\", \"id\": \"ValueAxis-1\", \"scale\": {\"mode\": \"normal\", \"type\": \"linear\"}, \"type\": \"value\", \"position\": \"left\", \"labels\": {\"show\": true, \"filter\": false, \"truncate\": 100, \"rotate\": 0}, \"show\": true, \"title\": {\"text\": \"Count\"}, \"style\": {}}], \"seriesParams\": [{\"data\": {\"id\": \"1\", \"label\": \"Count\"}, \"showCircles\": true, \"drawLinesBetweenPoints\": true, \"mode\": \"stacked\", \"type\": \"histogram\", \"valueAxis\": \"ValueAxis-1\", \"show\": \"true\"}], \"grid\": {\"categoryLines\": false}, \"legendPosition\": \"right\", \"addTooltip\": true, \"times\": [], \"categoryAxes\": [{\"id\": \"CategoryAxis-1\", \"scale\": {\"type\": \"linear\"}, \"type\": \"category\", \"position\": \"bottom\", \"labels\": {\"show\": true, \"truncate\": 100}, \"show\": true, \"title\": {}, \"style\": {}}], \"addLegend\": true, \"type\": \"histogram\", \"addTimeMarker\": false}}"
            },
            "id": "78e7e820-756d-11e9-976e-65a8f47cc4c1",
            "migrationVersion": {
                "visualization": "7.0.1"
            },
            "references": [
                {
                    "id": "filebeat-*",
                    "name": "kibanaSavedObjectMeta.searchSourceJSON.filter[0].meta.index",
                    "type": "index-pattern"
                },
                {
                    "id": "290685e0-7569-11e9-976e-65a8f47cc4c1",
                    "name": "search_0",
                    "type": "search"
                }
            ],
            "type": "visualization",
            "updated_at": "2019-05-13T10:54:25.186Z",
            "version": "WzI0MCwxXQ=="
        },
        {
            "attributes": {
                "description": "",
                "kibanaSavedObjectMeta": {
                    "searchSourceJSON": "{\"query\": {\"query\": \"\", \"language\": \"kuery\"}, \"filter\": [{\"$state\": {\"store\": \"appState\"}, \"query\": {\"match\": {\"event.action\": {\"query\": \"flow_started\", \"type\": \"phrase\"}}}, \"meta\": {\"negate\": true, \"value\": \"flow_started\", \"indexRefName\": \"kibanaSavedObjectMeta.searchSourceJSON.filter[0].meta.index\", \"disabled\": false, \"type\": \"phrase\", \"params\": {\"query\": \"flow_started\"}, \"key\": \"event.action\", \"alias\": null}}]}"
                },
                "savedSearchRefName": "search_0",
                "title": "Source Zone breakout [Filebeat PANW] ECS",
                "uiStateJSON": "{}",
                "version": 1,
                "visState": "{\"type\": \"horizontal_bar\", \"title\": \"Source Zone breakout [Filebeat PANW] ECS\", \"aggs\": [{\"schema\": \"metric\", \"type\": \"count\", \"enabled\": true, \"id\": \"1\", \"params\": {}}, {\"schema\": \"segment\", \"type\": \"terms\", \"enabled\": true, \"id\": \"2\", \"params\": {\"field\": \"panw.panos.source.zone\", \"orderBy\": \"1\", \"order\": \"desc\", \"missingBucket\": false, \"missingBucketLabel\": \"Missing\", \"otherBucket\": false, \"size\": 5, \"otherBucketLabel\": \"Other\"}}, {\"schema\": \"group\", \"type\": \"terms\", \"enabled\": true, \"id\": \"3\", \"params\": {\"field\": \"event.outcome\", \"orderBy\": \"1\", \"order\": \"desc\", \"missingBucket\": false, \"missingBucketLabel\": \"Missing\", \"otherBucket\": false, \"size\": 5, \"otherBucketLabel\": \"Other\"}}], \"params\": {\"valueAxes\": [{\"name\": \"LeftAxis-1\", \"id\": \"ValueAxis-1\", \"scale\": {\"mode\": \"normal\", \"type\": \"linear\"}, \"type\": \"value\", \"position\": \"bottom\", \"labels\": {\"show\": true, \"filter\": true, \"truncate\": 100, \"rotate\": 75}, \"show\": true, \"title\": {\"text\": \"Count\"}, \"style\": {}}], \"seriesParams\": [{\"data\": {\"id\": \"1\", \"label\": \"Count\"}, \"showCircles\": true, \"drawLinesBetweenPoints\": true, \"mode\": \"normal\", \"type\": \"histogram\", \"valueAxis\": \"ValueAxis-1\", \"show\": true}], \"grid\": {\"categoryLines\": false}, \"legendPosition\": \"right\", \"addTooltip\": true, \"times\": [], \"categoryAxes\": [{\"id\": \"CategoryAxis-1\", \"scale\": {\"type\": \"linear\"}, \"type\": \"category\", \"position\": \"left\", \"labels\": {\"show\": true, \"filter\": false, \"truncate\": 200, \"rotate\": 0}, \"show\": true, \"title\": {}, \"style\": {}}], \"addLegend\": true, \"type\": \"histogram\", \"addTimeMarker\": false}}"
            },
            "id": "d9cab170-756f-11e9-976e-65a8f47cc4c1",
            "migrationVersion": {
                "visualization": "7.0.1"
            },
            "references": [
                {
                    "id": "filebeat-*",
                    "name": "kibanaSavedObjectMeta.searchSourceJSON.filter[0].meta.index",
                    "type": "index-pattern"
                },
                {
                    "id": "290685e0-7569-11e9-976e-65a8f47cc4c1",
                    "name": "search_0",
                    "type": "search"
                }
            ],
            "type": "visualization",
            "updated_at": "2019-05-13T11:12:26.462Z",
            "version": "WzI0MywxXQ=="
        },
        {
            "attributes": {
                "description": "",
                "kibanaSavedObjectMeta": {
                    "searchSourceJSON": "{\"query\": {\"query\": \"\", \"language\": \"kuery\"}, \"filter\": [{\"$state\": {\"store\": \"appState\"}, \"query\": {\"match\": {\"event.action\": {\"query\": \"flow_started\", \"type\": \"phrase\"}}}, \"meta\": {\"negate\": true, \"value\": \"flow_started\", \"indexRefName\": \"kibanaSavedObjectMeta.searchSourceJSON.filter[0].meta.index\", \"disabled\": false, \"type\": \"phrase\", \"params\": {\"query\": \"flow_started\"}, \"key\": \"event.action\", \"alias\": null}}]}"
                },
                "savedSearchRefName": "search_0",
                "title": "Destination Zone breakout [Filebeat PANW] ECS",
                "uiStateJSON": "{}",
                "version": 1,
                "visState": "{\"type\": \"horizontal_bar\", \"title\": \"Destination Zone breakout [Filebeat PANW] ECS\", \"aggs\": [{\"schema\": \"metric\", \"type\": \"count\", \"enabled\": true, \"id\": \"1\", \"params\": {}}, {\"schema\": \"segment\", \"type\": \"terms\", \"enabled\": true, \"id\": \"2\", \"params\": {\"field\": \"panw.panos.destination.zone\", \"orderBy\": \"1\", \"order\": \"desc\", \"missingBucket\": false, \"missingBucketLabel\": \"Missing\", \"otherBucket\": false, \"size\": 5, \"otherBucketLabel\": \"Other\"}}, {\"schema\": \"group\", \"type\": \"terms\", \"enabled\": true, \"id\": \"3\", \"params\": {\"field\": \"event.outcome\", \"orderBy\": \"1\", \"order\": \"desc\", \"missingBucket\": false, \"missingBucketLabel\": \"Missing\", \"otherBucket\": false, \"size\": 5, \"otherBucketLabel\": \"Other\"}}], \"params\": {\"valueAxes\": [{\"name\": \"LeftAxis-1\", \"id\": \"ValueAxis-1\", \"scale\": {\"mode\": \"normal\", \"type\": \"linear\"}, \"type\": \"value\", \"position\": \"bottom\", \"labels\": {\"show\": true, \"filter\": true, \"truncate\": 100, \"rotate\": 75}, \"show\": true, \"title\": {\"text\": \"Count\"}, \"style\": {}}], \"seriesParams\": [{\"data\": {\"id\": \"1\", \"label\": \"Count\"}, \"showCircles\": true, \"drawLinesBetweenPoints\": true, \"mode\": \"normal\", \"type\": \"histogram\", \"valueAxis\": \"ValueAxis-1\", \"show\": true}], \"grid\": {\"categoryLines\": false}, \"legendPosition\": \"right\", \"addTooltip\": true, \"times\": [], \"categoryAxes\": [{\"id\": \"CategoryAxis-1\", \"scale\": {\"type\": \"linear\"}, \"type\": \"category\", \"position\": \"left\", \"labels\": {\"show\": true, \"filter\": false, \"truncate\": 200, \"rotate\": 0}, \"show\": true, \"title\": {}, \"style\": {}}], \"addLegend\": true, \"type\": \"histogram\", \"addTimeMarker\": false}}"
            },
            "id": "135930b0-7570-11e9-976e-65a8f47cc4c1",
            "migrationVersion": {
                "visualization": "7.0.1"
            },
            "references": [
                {
                    "id": "filebeat-*",
                    "name": "kibanaSavedObjectMeta.searchSourceJSON.filter[0].meta.index",
                    "type": "index-pattern"
                },
                {
                    "id": "290685e0-7569-11e9-976e-65a8f47cc4c1",
                    "name": "search_0",
                    "type": "search"
                }
            ],
            "type": "visualization",
            "updated_at": "2019-05-13T11:13:03.291Z",
            "version": "WzI0NCwxXQ=="
        },
        {
            "attributes": {
                "description": "",
                "kibanaSavedObjectMeta": {
                    "searchSourceJSON": "{\"query\": {\"query\": \"\", \"language\": \"kuery\"}, \"filter\": []}"
                },
                "savedSearchRefName": "search_0",
                "title": "Event Outcome by Transport and Destination Port [Filebeat PANW] ECS",
                "uiStateJSON": "{}",
                "version": 1,
                "visState": "{\"type\": \"pie\", \"title\": \"Event Outcome by Transport and Destination Port [Filebeat PANW] ECS\", \"aggs\": [{\"schema\": \"metric\", \"type\": \"count\", \"enabled\": true, \"id\": \"1\", \"params\": {}}, {\"schema\": \"segment\", \"type\": \"terms\", \"enabled\": true, \"id\": \"2\", \"params\": {\"field\": \"event.outcome\", \"orderBy\": \"1\", \"order\": \"desc\", \"missingBucket\": false, \"missingBucketLabel\": \"Missing\", \"otherBucket\": false, \"size\": 5, \"otherBucketLabel\": \"Other\"}}, {\"schema\": \"segment\", \"type\": \"terms\", \"enabled\": true, \"id\": \"3\", \"params\": {\"field\": \"network.transport\", \"orderBy\": \"1\", \"order\": \"desc\", \"missingBucket\": false, \"missingBucketLabel\": \"Missing\", \"otherBucket\": false, \"size\": 5, \"otherBucketLabel\": \"Other\"}}, {\"schema\": \"segment\", \"type\": \"terms\", \"enabled\": true, \"id\": \"4\", \"params\": {\"field\": \"destination.port\", \"orderBy\": \"1\", \"order\": \"desc\", \"missingBucket\": false, \"missingBucketLabel\": \"Missing\", \"otherBucket\": false, \"size\": 5, \"otherBucketLabel\": \"Other\"}}], \"params\": {\"isDonut\": true, \"legendPosition\": \"right\", \"type\": \"pie\", \"addTooltip\": true, \"labels\": {\"last_level\": true, \"show\": false, \"values\": true, \"truncate\": 100}, \"addLegend\": true}}"
            },
            "id": "e46331c0-756a-11e9-976e-65a8f47cc4c1",
            "migrationVersion": {
                "visualization": "7.0.1"
            },
            "references": [
                {
                    "id": "290685e0-7569-11e9-976e-65a8f47cc4c1",
                    "name": "search_0",
                    "type": "search"
                }
            ],
            "type": "visualization",
            "updated_at": "2019-05-13T10:35:57.020Z",
            "version": "WzIzOSwxXQ=="
        },
        {
            "attributes": {
                "description": "",
                "kibanaSavedObjectMeta": {
                    "searchSourceJSON": "{\"query\": {\"query\": \"\", \"language\": \"kuery\"}, \"filter\": []}"
                },
                "savedSearchRefName": "search_0",
                "title": "Network Application breakout [Filebeat PANW] ECS",
                "uiStateJSON": "{}",
                "version": 1,
                "visState": "{\"type\": \"pie\", \"title\": \"Network Application breakout [Filebeat PANW] ECS\", \"aggs\": [{\"schema\": \"metric\", \"type\": \"count\", \"enabled\": true, \"id\": \"1\", \"params\": {}}, {\"schema\": \"segment\", \"type\": \"terms\", \"enabled\": true, \"id\": \"2\", \"params\": {\"field\": \"event.outcome\", \"orderBy\": \"1\", \"order\": \"desc\", \"missingBucket\": false, \"missingBucketLabel\": \"Missing\", \"otherBucket\": false, \"size\": 5, \"otherBucketLabel\": \"Other\"}}, {\"schema\": \"segment\", \"type\": \"terms\", \"enabled\": true, \"id\": \"3\", \"params\": {\"field\": \"network.application\", \"orderBy\": \"1\", \"order\": \"desc\", \"missingBucket\": false, \"missingBucketLabel\": \"Missing\", \"otherBucket\": false, \"size\": 5, \"otherBucketLabel\": \"Other\"}}], \"params\": {\"isDonut\": true, \"legendPosition\": \"right\", \"type\": \"pie\", \"addTooltip\": true, \"labels\": {\"last_level\": true, \"show\": false, \"values\": true, \"truncate\": 100}, \"addLegend\": true}}"
            },
            "id": "0407a3e0-756f-11e9-976e-65a8f47cc4c1",
            "migrationVersion": {
                "visualization": "7.0.1"
            },
            "references": [
                {
                    "id": "290685e0-7569-11e9-976e-65a8f47cc4c1",
                    "name": "search_0",
                    "type": "search"
                }
            ],
            "type": "visualization",
            "updated_at": "2019-05-13T11:05:28.094Z",
            "version": "WzI0MSwxXQ=="
        },
        {
            "attributes": {
                "columns": [
                    "_source"
                ],
                "description": "",
                "hits": 0,
                "kibanaSavedObjectMeta": {
                    "searchSourceJSON": "{\"version\": true, \"query\": {\"query\": \"event.dataset: \\\"panw.panos\\\" and event.category: \\\"network_traffic\\\"\", \"language\": \"kuery\"}, \"filter\": [], \"highlightAll\": true, \"indexRefName\": \"kibanaSavedObjectMeta.searchSourceJSON.index\"}"
                },
                "sort": [
                    "@timestamp",
                    "desc"
                ],
                "title": "PAN-OS Flows [Filebeat PANW] ECS",
                "version": 1
            },
            "id": "290685e0-7569-11e9-976e-65a8f47cc4c1",
            "migrationVersion": {
                "search": "7.0.0"
            },
            "references": [
                {
                    "id": "filebeat-*",
                    "name": "kibanaSavedObjectMeta.searchSourceJSON.index",
                    "type": "index-pattern"
                }
            ],
            "type": "search",
            "updated_at": "2019-05-13T10:23:33.182Z",
            "version": "WzIzNSwxXQ=="
        }
    ],
    "version": "7.1.0"
}