{
    "objects": [
        {
            "attributes": {
                "description": "",
                "kibanaSavedObjectMeta": {
                    "searchSourceJSON": "{\"query\": {\"query\": \"system.auth.ssh.event:Accepted\", \"language\": \"kuery\"}, \"filter\": [], \"highlightAll\": true, \"index\": \"filebeat-*\"}"
                },
                "title": "Successful SSH logins [Filebeat System] ECS",
                "uiStateJSON": "{\"vis\": {\"colors\": {\"Accepted\": \"#3F6833\", \"publickey\": \"#629E51\", \"password\": \"#BF1B00\", \"Failed\": \"#F9934E\", \"Invalid\": \"#447EBC\"}}}",
                "version": 1,
                "visState": "{\"listeners\": {}, \"type\": \"histogram\", \"title\": \"Successful SSH logins ECS\", \"aggs\": [{\"schema\": \"metric\", \"type\": \"count\", \"enabled\": true, \"id\": \"1\", \"params\": {}}, {\"schema\": \"segment\", \"type\": \"date_histogram\", \"enabled\": true, \"id\": \"2\", \"params\": {\"field\": \"@timestamp\", \"interval\": \"auto\", \"extended_bounds\": {}, \"customInterval\": \"2h\", \"min_doc_count\": 1}}, {\"schema\": \"group\", \"type\": \"terms\", \"enabled\": true, \"id\": \"3\", \"params\": {\"field\": \"system.auth.ssh.method\", \"orderBy\": \"1\", \"size\": 5, \"order\": \"desc\"}}], \"params\": {\"scale\": \"linear\", \"defaultYExtents\": false, \"legendPosition\": \"right\", \"mode\": \"stacked\", \"setYExtents\": false, \"addTooltip\": true, \"times\": [], \"addLegend\": true, \"addTimeMarker\": false}}"
            },
            "id": "d16bb400-f9cc-11e6-8115-a7c18106d86a-ecs",
            "type": "visualization",
            "version": 2
        },
        {
            "attributes": {
                "description": "",
                "kibanaSavedObjectMeta": {
                    "searchSourceJSON": "{\"filter\": [], \"highlightAll\": true, \"index\": \"filebeat-*\"}"
                },
                "title": "SSH login attempts [Filebeat System] ECS",
                "uiStateJSON": "{\"vis\": {\"colors\": {\"Accepted\": \"#3F6833\", \"Failed\": \"#F9934E\", \"Invalid\": \"#447EBC\"}}}",
                "version": 1,
                "visState": "{\"listeners\": {}, \"type\": \"histogram\", \"title\": \"SSH login attempts ECS\", \"aggs\": [{\"schema\": \"metric\", \"type\": \"count\", \"enabled\": true, \"id\": \"1\", \"params\": {}}, {\"schema\": \"segment\", \"type\": \"date_histogram\", \"enabled\": true, \"id\": \"2\", \"params\": {\"field\": \"@timestamp\", \"interval\": \"auto\", \"extended_bounds\": {}, \"customInterval\": \"2h\", \"min_doc_count\": 1}}, {\"schema\": \"group\", \"type\": \"terms\", \"enabled\": true, \"id\": \"3\", \"params\": {\"field\": \"system.auth.ssh.event\", \"orderBy\": \"1\", \"size\": 5, \"order\": \"desc\"}}], \"params\": {\"scale\": \"linear\", \"defaultYExtents\": false, \"legendPosition\": \"right\", \"mode\": \"stacked\", \"setYExtents\": false, \"addTooltip\": true, \"times\": [], \"addLegend\": true, \"addTimeMarker\": false}}"
            },
            "id": "78b74f30-f9cd-11e6-8115-a7c18106d86a-ecs",
            "type": "visualization",
            "version": 2
        },
        {
            "attributes": {
                "description": "",
                "kibanaSavedObjectMeta": {
                    "searchSourceJSON": "{\"query\": {\"query\": \"system.auth.ssh.event:Failed OR system.auth.ssh.event:Invalid\", \"language\": \"kuery\"}, \"filter\": [], \"highlightAll\": true, \"index\": \"filebeat-*\"}"
                },
                "title": "SSH users of failed login attempts [Filebeat System] ECS",
                "uiStateJSON": "{}",
                "version": 1,
                "visState": "{\"listeners\": {}, \"type\": \"tagcloud\", \"title\": \"SSH users of failed login attempts ECS\", \"aggs\": [{\"schema\": \"metric\", \"type\": \"count\", \"enabled\": true, \"id\": \"1\", \"params\": {}}, {\"schema\": \"segment\", \"type\": \"terms\", \"enabled\": true, \"id\": \"2\", \"params\": {\"field\": \"user.name\", \"orderBy\": \"1\", \"size\": 50, \"order\": \"desc\"}}], \"params\": {\"orientation\": \"single\", \"maxFontSize\": 72, \"scale\": \"linear\", \"minFontSize\": 18}}"
            },
            "id": "341ffe70-f9ce-11e6-8115-a7c18106d86a-ecs",
            "type": "visualization",
            "version": 2
        },
        {
            "attributes": {
                "description": "",
                "kibanaSavedObjectMeta": {
                    "searchSourceJSON": "{\"query\": {\"query\": \"system.auth.ssh.event:Failed OR system.auth.ssh.event:Invalid\", \"language\": \"kuery\"}, \"filter\": [], \"highlightAll\": true, \"index\": \"filebeat-*\"}"
                },
                "title": "SSH failed login attempts source locations [Filebeat System] ECS",
                "uiStateJSON": "{\"mapZoom\": 2, \"mapCenter\": [17.602139123350838, 69.697265625]}",
                "version": 1,
                "visState": "{\"listeners\": {}, \"type\": \"tile_map\", \"title\": \"SSH failed login attempts source locations ECS\", \"aggs\": [{\"schema\": \"metric\", \"type\": \"count\", \"enabled\": true, \"id\": \"1\", \"params\": {}}, {\"schema\": \"segment\", \"type\": \"geohash_grid\", \"enabled\": true, \"id\": \"2\", \"params\": {\"field\": \"source.geo.location\", \"precision\": 2, \"autoPrecision\": true}}], \"params\": {\"heatNormalizeData\": true, \"wms\": {\"options\": {\"layers\": \"0\", \"transparent\": true, \"version\": \"1.3.0\", \"attribution\": \"Maps provided by USGS\", \"format\": \"image/png\", \"styles\": \"\"}, \"url\": \"https://basemap.nationalmap.gov/arcgis/services/USGSTopo/MapServer/WMSServer\", \"enabled\": false}, \"addTooltip\": true, \"heatMinOpacity\": 0.1, \"mapType\": \"Shaded Circle Markers\", \"mapCenter\": [15, 5], \"heatBlur\": 15, \"mapZoom\": 2, \"isDesaturated\": true, \"heatRadius\": 25, \"heatMaxZoom\": 16, \"legendPosition\": \"bottomright\"}}"
            },
            "id": "3cec3eb0-f9d3-11e6-8a3e-2b904044ea1d-ecs",
            "type": "visualization",
            "version": 2
        },
        {
            "attributes": {
                "columns": [
                    "system.auth.ssh.event",
                    "system.auth.ssh.method",
                    "user.name",
                    "source.ip",
                    "source.geo.country_iso_code"
                ],
                "description": "",
                "hits": 0,
                "kibanaSavedObjectMeta": {
                    "searchSourceJSON": "{\"query\": {\"query\": \"event.dataset:system.auth AND system.auth.ssh.event:*\", \"language\": \"kuery\"}, \"filter\": [], \"highlightAll\": true, \"index\": \"filebeat-*\"}"
                },
                "sort": [
                    "@timestamp",
                    "desc"
                ],
                "title": "SSH login attempts [Filebeat System] ECS",
                "version": 1
            },
            "id": "62439dc0-f9c9-11e6-a747-6121780e0414-ecs",
            "type": "search",
            "version": 2
        },
        {
            "attributes": {
                "description": "",
                "kibanaSavedObjectMeta": {
                    "searchSourceJSON": "{}"
                },
                "title": "Dashboards [Filebeat System] ECS",
                "uiStateJSON": "{}",
                "version": 1,
                "visState": "{\"type\": \"markdown\", \"title\": \"Dashboards [Filebeat System] ECS\", \"aggs\": [], \"params\": {\"fontSize\": 12, \"markdown\": \"[Syslog](#/dashboard/Filebeat-syslog-dashboard-ecs) | [Sudo commands](#/dashboard/277876d0-fa2c-11e6-bbd3-29c986c96e5a-ecs) | [SSH logins](#/dashboard/5517a150-f9ce-11e6-8115-a7c18106d86a-ecs) | [New users and groups](#/dashboard/0d3f2380-fa78-11e6-ae9b-81e5311e8cab-ecs)\"}}"
            },
            "id": "327417e0-8462-11e7-bab8-bd2f0fb42c54-ecs",
            "type": "visualization",
            "version": 1
        },
        {
            "attributes": {
                "description": "SSH dashboard for the System module in Filebeat",
                "hits": 0,
                "kibanaSavedObjectMeta": {
                    "searchSourceJSON": "{\"query\": {\"query\": \"\", \"language\": \"kuery\"}, \"filter\": [], \"highlightAll\": true, \"version\": true}"
                },
                "optionsJSON": "{\"darkTheme\": false}",
                "panelsJSON": "[{\"size_y\": 3, \"id\": \"d16bb400-f9cc-11e6-8115-a7c18106d86a-ecs\", \"type\": \"visualization\", \"size_x\": 12, \"panelIndex\": 1, \"col\": 1, \"row\": 5}, {\"size_y\": 3, \"id\": \"78b74f30-f9cd-11e6-8115-a7c18106d86a-ecs\", \"type\": \"visualization\", \"size_x\": 12, \"panelIndex\": 2, \"col\": 1, \"row\": 2}, {\"size_y\": 4, \"id\": \"341ffe70-f9ce-11e6-8115-a7c18106d86a-ecs\", \"type\": \"visualization\", \"size_x\": 6, \"panelIndex\": 3, \"col\": 1, \"row\": 8}, {\"size_y\": 4, \"id\": \"3cec3eb0-f9d3-11e6-8a3e-2b904044ea1d-ecs\", \"type\": \"visualization\", \"size_x\": 6, \"panelIndex\": 4, \"col\": 7, \"row\": 8}, {\"size_y\": 3, \"sort\": [\"@timestamp\", \"desc\"], \"id\": \"62439dc0-f9c9-11e6-a747-6121780e0414-ecs\", \"type\": \"search\", \"size_x\": 12, \"panelIndex\": 5, \"columns\": [\"system.auth.ssh.event\", \"system.auth.ssh.method\", \"user.name\", \"source.ip\", \"source.geo.country_iso_code\"], \"col\": 1, \"row\": 12}, {\"size_y\": 1, \"id\": \"327417e0-8462-11e7-bab8-bd2f0fb42c54-ecs\", \"type\": \"visualization\", \"size_x\": 12, \"panelIndex\": 6, \"col\": 1, \"row\": 1}]",
                "timeRestore": false,
                "title": "[Filebeat System] SSH login attempts ECS",
                "uiStateJSON": "{\"P-4\": {\"mapBounds\": {\"top_left\": {\"lon\": -27.94921875, \"lat\": 60.50052541051131}, \"bottom_right\": {\"lon\": 74.53125, \"lat\": 10.31491928581316}}, \"mapCollar\": {\"zoom\": 3, \"top_left\": {\"lon\": -79.189455, \"lat\": 85.593335}, \"bottom_right\": {\"lon\": 125.771485, \"lat\": -14.777884999999998}}, \"mapZoom\": 3, \"mapCenter\": [39.774769485295465, 23.203125]}}",
                "version": 1
            },
            "id": "5517a150-f9ce-11e6-8115-a7c18106d86a-ecs",
            "type": "dashboard",
            "version": 7
        }
    ],
    "version": "6.0.0-beta1-SNAPSHOT"
}