{
    "objects": [
        {
            "attributes": {
                "description": "This dashboard shows expanded user activity in Azure cloud.",
                "hits": 0,
                "kibanaSavedObjectMeta": {
                    "searchSourceJSON": "{\"query\": {\"query\": \"\", \"language\": \"kuery\"}, \"filter\": [{\"$state\": {\"store\": \"appState\"}, \"meta\": {\"negate\": false, \"value\": \"exists\", \"indexRefName\": \"kibanaSavedObjectMeta.searchSourceJSON.filter[0].meta.index\", \"disabled\": false, \"type\": \"exists\", \"key\": \"azure.activitylogs.identity.claims_initiated_by_user.fullname\", \"alias\": null}, \"exists\": {\"field\": \"azure.activitylogs.identity.claims_initiated_by_user.fullname\"}}]}"
                },
                "optionsJSON": "{\"useMargins\": true, \"hidePanelTitles\": false}",
                "panelsJSON": "[{\"panelIndex\": \"675f172f-dbec-44fe-b45c-fe854a967695\", \"panelRefName\": \"panel_0\", \"embeddableConfig\": {\"title\": \"\"}, \"gridData\": {\"w\": 8, \"i\": \"675f172f-dbec-44fe-b45c-fe854a967695\", \"h\": 4, \"y\": 0, \"x\": 0}, \"version\": \"7.4.0\"}, {\"panelIndex\": \"705596b5-db2e-4c45-875d-95d98bfb7ee8\", \"panelRefName\": \"panel_1\", \"embeddableConfig\": {\"title\": \"\"}, \"gridData\": {\"w\": 16, \"i\": \"705596b5-db2e-4c45-875d-95d98bfb7ee8\", \"h\": 4, \"y\": 0, \"x\": 8}, \"version\": \"7.4.0\"}, {\"panelIndex\": \"ace19840-2084-45bd-bf86-9ab31b04a17b\", \"panelRefName\": \"panel_2\", \"embeddableConfig\": {}, \"gridData\": {\"w\": 24, \"i\": \"ace19840-2084-45bd-bf86-9ab31b04a17b\", \"h\": 9, \"y\": 0, \"x\": 24}, \"version\": \"7.4.0\"}, {\"gridData\": {\"w\": 11, \"i\": \"d4d708e1-d179-4688-8005-54e2162a82d2\", \"h\": 15, \"y\": 4, \"x\": 0}, \"panelRefName\": \"panel_3\", \"panelIndex\": \"d4d708e1-d179-4688-8005-54e2162a82d2\", \"title\": \"Users List\", \"embeddableConfig\": {\"title\": \"Users List\"}, \"version\": \"7.4.0\"}, {\"gridData\": {\"w\": 13, \"i\": \"5774219c-fb45-4480-bdfb-75a69bdc2cfe\", \"h\": 15, \"y\": 4, \"x\": 11}, \"panelRefName\": \"panel_4\", \"panelIndex\": \"5774219c-fb45-4480-bdfb-75a69bdc2cfe\", \"title\": \"Top Caller IPs\", \"embeddableConfig\": {\"title\": \"Top Caller IPs\"}, \"version\": \"7.4.0\"}, {\"panelIndex\": \"5deee186-fe00-4edc-9e5b-86d8d09f6550\", \"panelRefName\": \"panel_5\", \"embeddableConfig\": {}, \"gridData\": {\"w\": 24, \"i\": \"5deee186-fe00-4edc-9e5b-86d8d09f6550\", \"h\": 10, \"y\": 9, \"x\": 24}, \"version\": \"7.4.0\"}, {\"gridData\": {\"w\": 16, \"i\": \"2fa13b32-c544-45f7-9132-620d09d121eb\", \"h\": 15, \"y\": 19, \"x\": 0}, \"panelRefName\": \"panel_6\", \"panelIndex\": \"2fa13b32-c544-45f7-9132-620d09d121eb\", \"title\": \"Top Resource Groups\", \"embeddableConfig\": {\"vis\": {\"legendOpen\": false}, \"title\": \"Top Resource Groups\"}, \"version\": \"7.4.0\"}, {\"panelIndex\": \"1a6dce1d-d039-4d18-87c7-1b700da676c2\", \"panelRefName\": \"panel_7\", \"version\": \"7.4.0\", \"gridData\": {\"w\": 17, \"i\": \"1a6dce1d-d039-4d18-87c7-1b700da676c2\", \"h\": 7, \"y\": 19, \"x\": 16}, \"embeddableConfig\": {\"vis\": {\"legendOpen\": true}, \"legendOpen\": false}}, {\"panelIndex\": \"8fddd3bb-c1e6-4533-b075-1ab7361b3af0\", \"panelRefName\": \"panel_8\", \"version\": \"7.4.0\", \"gridData\": {\"w\": 17, \"i\": \"8fddd3bb-c1e6-4533-b075-1ab7361b3af0\", \"h\": 8, \"y\": 26, \"x\": 16}, \"embeddableConfig\": {\"vis\": {\"legendOpen\": true}, \"legendOpen\": false}}, {\"gridData\": {\"w\": 15, \"i\": \"84583e62-1aad-4f03-a25a-c4f9eaace8c0\", \"h\": 15, \"y\": 19, \"x\": 33}, \"panelRefName\": \"panel_9\", \"panelIndex\": \"84583e62-1aad-4f03-a25a-c4f9eaace8c0\", \"title\": \"Top Resource Types\", \"embeddableConfig\": {\"title\": \"Top Resource Types\"}, \"version\": \"7.4.0\"}]",
                "timeRestore": false,
                "title": "[Filebeat Azure] User Activity",
                "version": 1
            },
            "id": "87095750-f05a-11e9-90ec-112a988266d5",
            "migrationVersion": {
                "dashboard": "7.3.0"
            },
            "references": [
                {
                    "id": "filebeat-*",
                    "name": "kibanaSavedObjectMeta.searchSourceJSON.filter[0].meta.index",
                    "type": "index-pattern"
                },
                {
                    "id": "c43855e0-f05a-11e9-90ec-112a988266d5",
                    "name": "panel_0",
                    "type": "visualization"
                },
                {
                    "id": "b0471750-f05b-11e9-90ec-112a988266d5",
                    "name": "panel_1",
                    "type": "visualization"
                },
                {
                    "id": "e0203fc0-f05f-11e9-90ec-112a988266d5",
                    "name": "panel_2",
                    "type": "visualization"
                },
                {
                    "id": "52da1700-f05d-11e9-90ec-112a988266d5",
                    "name": "panel_3",
                    "type": "visualization"
                },
                {
                    "id": "6ece76d0-f0cc-11e9-90ec-112a988266d5",
                    "name": "panel_4",
                    "type": "visualization"
                },
                {
                    "id": "0dd135c0-f0cc-11e9-90ec-112a988266d5",
                    "name": "panel_5",
                    "type": "visualization"
                },
                {
                    "id": "71b62ca0-ec1a-11e9-90ec-112a988266d5",
                    "name": "panel_6",
                    "type": "visualization"
                },
                {
                    "id": "d91ce8d0-53e8-11ea-b1b7-7de801e1c297",
                    "name": "panel_7",
                    "type": "visualization"
                },
                {
                    "id": "6db84660-53e9-11ea-b1b7-7de801e1c297",
                    "name": "panel_8",
                    "type": "visualization"
                },
                {
                    "id": "9ed46680-f0ce-11e9-90ec-112a988266d5",
                    "name": "panel_9",
                    "type": "visualization"
                }
            ],
            "type": "dashboard",
            "updated_at": "2019-10-18T17:27:59.187Z",
            "version": "WzkyNDUsMV0="
        },
        {
            "attributes": {
                "description": "",
                "kibanaSavedObjectMeta": {
                    "searchSourceJSON": "{\"query\": {\"query\": \"\", \"language\": \"kuery\"}, \"filter\": []}"
                },
                "title": "Navigation Users [Filebeat Azure]",
                "uiStateJSON": "{}",
                "version": 1,
                "visState": "{\"type\": \"markdown\", \"title\": \"Navigation Users [Filebeat Azure]\", \"aggs\": [], \"params\": {\"fontSize\": 10, \"markdown\": \"### Azure Monitoring\\n\\n[Overview](#/dashboard/41e84340-ec20-11e9-90ec-112a988266d5) | [**Users**](#/dashboard/87095750-f05a-11e9-90ec-112a988266d5) | [Alerts](#/dashboard/0f559cc0-f0d5-11e9-90ec-112a988266d5) \", \"openLinksInNewTab\": false}}"
            },
            "id": "c43855e0-f05a-11e9-90ec-112a988266d5",
            "migrationVersion": {
                "visualization": "7.3.1"
            },
            "references": [],
            "type": "visualization",
            "updated_at": "2019-10-17T11:56:56.135Z",
            "version": "WzQ5MzYsMV0="
        },
        {
            "attributes": {
                "description": "",
                "kibanaSavedObjectMeta": {
                    "searchSourceJSON": "{\"query\": {\"query\": \"\", \"language\": \"kuery\"}, \"filter\": []}"
                },
                "title": "User Filters [Filebeat Azure]",
                "uiStateJSON": "{}",
                "version": 1,
                "visState": "{\"type\": \"input_control_vis\", \"title\": \"User Filters [Filebeat Azure]\", \"aggs\": [], \"params\": {\"pinFilters\": false, \"useTimeFilter\": false, \"updateFiltersOnChange\": true, \"controls\": [{\"fieldName\": \"azure.subscription_id\", \"id\": \"1517598395667\", \"type\": \"list\", \"options\": {\"multiselect\": true, \"size\": 100, \"order\": \"desc\", \"dynamicOptions\": true, \"type\": \"terms\"}, \"indexPatternRefName\": \"control_0_index_pattern\", \"label\": \"Subscription\"}, {\"fieldName\": \"azure.activitylogs.identity.claims_initiated_by_user.name\", \"id\": \"1518843942322\", \"type\": \"list\", \"options\": {\"multiselect\": true, \"size\": 100, \"order\": \"desc\", \"dynamicOptions\": true, \"type\": \"terms\"}, \"indexPatternRefName\": \"control_1_index_pattern\", \"label\": \"User Email\"}]}}"
            },
            "id": "b0471750-f05b-11e9-90ec-112a988266d5",
            "migrationVersion": {
                "visualization": "7.3.1"
            },
            "references": [
                {
                    "id": "filebeat-*",
                    "name": "control_0_index_pattern",
                    "type": "index-pattern"
                },
                {
                    "id": "filebeat-*",
                    "name": "control_1_index_pattern",
                    "type": "index-pattern"
                }
            ],
            "type": "visualization",
            "updated_at": "2019-10-18T09:36:45.050Z",
            "version": "Wzg0NTcsMV0="
        },
        {
            "attributes": {
                "description": "",
                "kibanaSavedObjectMeta": {
                    "searchSourceJSON": "{\"query\": {\"query\": \"\", \"language\": \"kuery\"}, \"filter\": []}"
                },
                "title": "User Activity Overview [Filebeat Azure]",
                "uiStateJSON": "{}",
                "version": 1,
                "visState": "{\"type\": \"metrics\", \"title\": \"User Activity Overview [Filebeat Azure]\", \"aggs\": [], \"params\": {\"filter\": {\"query\": \"event.dataset :\\\"azure.activitylogs\\\" and event.category :\\\"Administrative\\\" and azure.activitylogs.identity.claims_initiated_by_user.fullname :*\", \"language\": \"kuery\"}, \"isModelInvalid\": false, \"type\": \"timeseries\", \"interval\": \"auto\", \"axis_formatter\": \"number\", \"time_field\": null, \"show_legend\": 0, \"default_index_pattern\": \"metricbeat-*\", \"axis_scale\": \"normal\", \"id\": \"61ca57f0-469d-11e7-af02-69e470af7417\", \"index_pattern\": \"filebeat-*\", \"default_timefield\": \"@timestamp\", \"show_grid\": 1, \"series\": [{\"fill\": \"0.4\", \"chart_type\": \"bar\", \"filter\": \"\", \"formatter\": \"number\", \"point_size\": 1, \"axis_position\": \"right\", \"split_filters\": [{\"color\": \"rgba(244,78,59,1)\", \"filter\": \"_exists_:identity.claims.name\", \"id\": \"a5302500-1399-11e8-a699-f390e75f4dd5\", \"label\": \"\"}], \"color\": \"rgba(1,155,143,1)\", \"stacked\": \"none\", \"metrics\": [{\"id\": \"61ca57f2-469d-11e7-af02-69e470af7417\", \"type\": \"count\"}], \"id\": \"61ca57f1-469d-11e7-af02-69e470af7417\", \"seperate_axis\": 0, \"split_mode\": \"everything\", \"hide_in_legend\": 0, \"line_width\": 1, \"label\": \"Actions\"}], \"axis_position\": \"left\"}}"
            },
            "id": "e0203fc0-f05f-11e9-90ec-112a988266d5",
            "migrationVersion": {
                "visualization": "7.3.1"
            },
            "references": [],
            "type": "visualization",
            "updated_at": "2019-10-18T17:27:33.254Z",
            "version": "WzkyNDMsMV0="
        },
        {
            "attributes": {
                "description": "",
                "kibanaSavedObjectMeta": {
                    "searchSourceJSON": "{\"query\": {\"query\": \"\", \"language\": \"lucene\"}, \"filter\": [], \"indexRefName\": \"kibanaSavedObjectMeta.searchSourceJSON.index\"}"
                },
                "title": "Users List [Filebeat Azure]",
                "uiStateJSON": "{\"vis\": {\"params\": {\"sort\": {\"columnIndex\": null, \"direction\": null}}}}",
                "version": 1,
                "visState": "{\"type\": \"table\", \"title\": \"Users List [Filebeat Azure]\", \"aggs\": [{\"schema\": \"bucket\", \"type\": \"terms\", \"enabled\": true, \"id\": \"2\", \"params\": {\"field\": \"azure.activitylogs.identity.claims_initiated_by_user.name\", \"orderBy\": \"1\", \"size\": 20, \"order\": \"desc\", \"missingBucket\": false, \"customLabel\": \"Email\", \"otherBucket\": false, \"missingBucketLabel\": \"Missing\", \"otherBucketLabel\": \"Other\"}}, {\"schema\": \"bucket\", \"type\": \"terms\", \"enabled\": true, \"id\": \"3\", \"params\": {\"field\": \"azure.activitylogs.identity.claims_initiated_by_user.fullname\", \"orderBy\": \"1\", \"size\": 5, \"order\": \"desc\", \"missingBucket\": false, \"customLabel\": \"Name\", \"otherBucket\": false, \"missingBucketLabel\": \"Missing\", \"otherBucketLabel\": \"Other\"}}, {\"schema\": \"metric\", \"type\": \"cardinality\", \"enabled\": true, \"id\": \"5\", \"params\": {\"field\": \"source.ip\", \"customLabel\": \"IPs\"}}, {\"schema\": \"metric\", \"type\": \"count\", \"enabled\": true, \"id\": \"1\", \"params\": {\"customLabel\": \"Actions\"}}], \"params\": {\"showPartialRows\": false, \"perPage\": 10, \"totalFunc\": \"sum\", \"dimensions\": {\"buckets\": [{\"accessor\": 0, \"aggType\": \"terms\", \"format\": {\"params\": {\"missingBucketLabel\": \"Missing\", \"otherBucketLabel\": \"Other\", \"id\": \"string\"}, \"id\": \"terms\"}, \"params\": {}}, {\"accessor\": 1, \"aggType\": \"terms\", \"format\": {\"params\": {\"missingBucketLabel\": \"Missing\", \"otherBucketLabel\": \"Other\", \"id\": \"string\"}, \"id\": \"terms\"}, \"params\": {}}], \"metrics\": [{\"accessor\": 2, \"aggType\": \"cardinality\", \"format\": {\"id\": \"number\"}, \"params\": {}}, {\"accessor\": 3, \"aggType\": \"count\", \"format\": {\"id\": \"number\"}, \"params\": {}}]}, \"showMetricsAtAllLevels\": false, \"showTotal\": false, \"percentageCol\": \"\", \"sort\": {\"columnIndex\": null, \"direction\": null}}}"
            },
            "id": "52da1700-f05d-11e9-90ec-112a988266d5",
            "migrationVersion": {
                "visualization": "7.3.1"
            },
            "references": [
                {
                    "id": "filebeat-*",
                    "name": "kibanaSavedObjectMeta.searchSourceJSON.index",
                    "type": "index-pattern"
                }
            ],
            "type": "visualization",
            "updated_at": "2019-10-18T09:05:04.252Z",
            "version": "WzgwNjAsMV0="
        },
        {
            "attributes": {
                "description": "",
                "kibanaSavedObjectMeta": {
                    "searchSourceJSON": "{\"query\": {\"query\": \"event.dataset :\\\"azure.activitylogs\\\" \", \"language\": \"kuery\"}, \"filter\": [], \"indexRefName\": \"kibanaSavedObjectMeta.searchSourceJSON.index\"}"
                },
                "title": "Caller IP [Filebeat Azure]",
                "uiStateJSON": "{\"vis\": {\"params\": {\"sort\": {\"columnIndex\": null, \"direction\": null}}}}",
                "version": 1,
                "visState": "{\"type\": \"table\", \"title\": \"Caller IP [Filebeat Azure]\", \"aggs\": [{\"schema\": \"bucket\", \"type\": \"terms\", \"enabled\": true, \"id\": \"2\", \"params\": {\"field\": \"source.ip\", \"orderBy\": \"5\", \"size\": 100, \"order\": \"desc\", \"missingBucket\": false, \"customLabel\": \"Caller IP\", \"otherBucket\": false, \"missingBucketLabel\": \"Missing\", \"otherBucketLabel\": \"Other\"}}, {\"schema\": \"bucket\", \"type\": \"terms\", \"enabled\": true, \"id\": \"3\", \"params\": {\"field\": \"geo.country_name\", \"orderBy\": \"5\", \"size\": 100, \"order\": \"desc\", \"missingBucket\": false, \"customLabel\": \"Country\", \"otherBucket\": false, \"missingBucketLabel\": \"Missing\", \"otherBucketLabel\": \"Other\"}}, {\"schema\": \"bucket\", \"type\": \"terms\", \"enabled\": true, \"id\": \"4\", \"params\": {\"field\": \"azure.activitylogs.identity.claims_initiated_by_user.name\", \"orderBy\": \"_key\", \"size\": 5, \"order\": \"desc\", \"missingBucket\": false, \"customLabel\": \"Email\", \"otherBucket\": false, \"missingBucketLabel\": \"Missing\", \"otherBucketLabel\": \"Other\"}}, {\"schema\": \"metric\", \"type\": \"count\", \"enabled\": true, \"id\": \"5\", \"params\": {}}], \"params\": {\"showPartialRows\": false, \"perPage\": 10, \"totalFunc\": \"sum\", \"dimensions\": {\"buckets\": [{\"accessor\": 0, \"aggType\": \"terms\", \"format\": {\"params\": {\"missingBucketLabel\": \"Missing\", \"otherBucketLabel\": \"Other\", \"id\": \"ip\"}, \"id\": \"terms\"}, \"params\": {}}, {\"accessor\": 1, \"aggType\": \"terms\", \"format\": {\"params\": {\"missingBucketLabel\": \"Missing\", \"otherBucketLabel\": \"Other\", \"id\": \"string\"}, \"id\": \"terms\"}, \"params\": {}}, {\"accessor\": 2, \"aggType\": \"terms\", \"format\": {\"params\": {\"missingBucketLabel\": \"Missing\", \"otherBucketLabel\": \"Other\", \"id\": \"string\"}, \"id\": \"terms\"}, \"params\": {}}], \"metrics\": [{\"accessor\": 3, \"aggType\": \"count\", \"format\": {\"id\": \"number\"}, \"params\": {}}]}, \"showMetricsAtAllLevels\": false, \"showTotal\": false, \"percentageCol\": \"\", \"sort\": {\"columnIndex\": null, \"direction\": null}}}"
            },
            "id": "6ece76d0-f0cc-11e9-90ec-112a988266d5",
            "migrationVersion": {
                "visualization": "7.3.1"
            },
            "references": [
                {
                    "id": "filebeat-*",
                    "name": "kibanaSavedObjectMeta.searchSourceJSON.index",
                    "type": "index-pattern"
                }
            ],
            "type": "visualization",
            "updated_at": "2019-10-18T09:09:36.555Z",
            "version": "WzgwNjUsMV0="
        },
        {
            "attributes": {
                "description": "",
                "kibanaSavedObjectMeta": {
                    "searchSourceJSON": "{\"query\": {\"query\": \"\", \"language\": \"kuery\"}, \"filter\": []}"
                },
                "title": "Authorization Activity User [Filebeat Azure]",
                "uiStateJSON": "{}",
                "version": 1,
                "visState": "{\"type\": \"metrics\", \"title\": \"Authorization Activity User [Filebeat Azure]\", \"aggs\": [], \"params\": {\"filter\": {\"query\": \"event.dataset :\\\"azure.activitylogs\\\" and azure.activitylogs.operation_name : *LISTKEYS* \", \"language\": \"kuery\"}, \"isModelInvalid\": false, \"type\": \"timeseries\", \"interval\": \"\", \"axis_formatter\": \"number\", \"time_field\": \"\", \"show_legend\": 0, \"default_index_pattern\": \"metricbeat-*\", \"axis_scale\": \"normal\", \"id\": \"61ca57f0-469d-11e7-af02-69e470af7417\", \"index_pattern\": \"filebeat-*\", \"default_timefield\": \"@timestamp\", \"show_grid\": 1, \"series\": [{\"fill\": 0.5, \"chart_type\": \"line\", \"filter\": {\"query\": \"event.outcome : \\\"Success\\\" \", \"language\": \"kuery\"}, \"formatter\": \"number\", \"axis_position\": \"right\", \"terms_field\": \"event.outcome\", \"color\": \"rgba(164,221,0,1)\", \"stacked\": \"none\", \"metrics\": [{\"id\": \"61ca57f2-469d-11e7-af02-69e470af7417\", \"type\": \"count\"}], \"id\": \"61ca57f1-469d-11e7-af02-69e470af7417\", \"split_mode\": \"filter\", \"separate_axis\": 0, \"point_size\": 1, \"line_width\": 1, \"label\": \"Success\"}, {\"fill\": 0.5, \"chart_type\": \"line\", \"filter\": {\"query\": \"event.outcome : \\\"Fail\\\" \", \"language\": \"kuery\"}, \"formatter\": \"number\", \"axis_position\": \"right\", \"color\": \"rgba(244,78,59,1)\", \"stacked\": \"none\", \"metrics\": [{\"id\": \"78e85471-f0cb-11e9-bf79-0db2fc8554f1\", \"type\": \"count\"}], \"id\": \"78e85470-f0cb-11e9-bf79-0db2fc8554f1\", \"split_mode\": \"filter\", \"separate_axis\": 0, \"point_size\": 1, \"line_width\": 1, \"label\": \"Failure\"}], \"axis_position\": \"left\"}}"
            },
            "id": "0dd135c0-f0cc-11e9-90ec-112a988266d5",
            "migrationVersion": {
                "visualization": "7.3.1"
            },
            "references": [],
            "type": "visualization",
            "updated_at": "2019-10-17T11:33:16.437Z",
            "version": "WzQ4OTksMV0="
        },
        {
            "attributes": {
                "description": "",
                "kibanaSavedObjectMeta": {
                    "searchSourceJSON": "{\"query\": {\"query\": \"\", \"language\": \"kuery\"}, \"filter\": [], \"indexRefName\": \"kibanaSavedObjectMeta.searchSourceJSON.index\"}"
                },
                "title": "Top Resource Groups [Filebeat Azure]",
                "uiStateJSON": "{}",
                "version": 1,
                "visState": "{\"type\": \"horizontal_bar\", \"title\": \"Top Resource Groups [Filebeat Azure]\", \"aggs\": [{\"schema\": \"metric\", \"type\": \"count\", \"enabled\": true, \"id\": \"1\", \"params\": {}}, {\"schema\": \"segment\", \"type\": \"terms\", \"enabled\": true, \"id\": \"2\", \"params\": {\"field\": \"azure.resource.group\", \"orderBy\": \"1\", \"size\": 10, \"order\": \"desc\", \"missingBucket\": false, \"customLabel\": \"Resource Groups\", \"otherBucket\": false, \"missingBucketLabel\": \"Missing\", \"otherBucketLabel\": \"Other\"}}], \"params\": {\"seriesParams\": [{\"data\": {\"id\": \"1\", \"label\": \"Count\"}, \"showCircles\": true, \"drawLinesBetweenPoints\": true, \"mode\": \"normal\", \"type\": \"histogram\", \"valueAxis\": \"ValueAxis-1\", \"show\": true}], \"legendPosition\": \"right\", \"dimensions\": {\"y\": [{\"accessor\": 1, \"aggType\": \"count\", \"format\": {\"id\": \"number\"}, \"params\": {}}], \"x\": {\"accessor\": 0, \"aggType\": \"terms\", \"format\": {\"params\": {\"missingBucketLabel\": \"Missing\", \"otherBucketLabel\": \"Other\", \"id\": \"string\"}, \"id\": \"terms\"}, \"params\": {}}}, \"addTooltip\": true, \"times\": [], \"categoryAxes\": [{\"id\": \"CategoryAxis-1\", \"scale\": {\"type\": \"linear\"}, \"type\": \"category\", \"position\": \"left\", \"labels\": {\"show\": true, \"filter\": false, \"truncate\": 200, \"rotate\": 0}, \"show\": true, \"title\": {}, \"style\": {}}], \"addLegend\": true, \"addTimeMarker\": false, \"valueAxes\": [{\"name\": \"LeftAxis-1\", \"id\": \"ValueAxis-1\", \"scale\": {\"mode\": \"normal\", \"type\": \"linear\"}, \"type\": \"value\", \"position\": \"bottom\", \"labels\": {\"show\": true, \"filter\": true, \"truncate\": 100, \"rotate\": 75}, \"show\": false, \"title\": {\"text\": \"Count\"}, \"style\": {}}], \"grid\": {\"categoryLines\": false}, \"labels\": {}, \"type\": \"histogram\"}}"
            },
            "id": "71b62ca0-ec1a-11e9-90ec-112a988266d5",
            "migrationVersion": {
                "visualization": "7.3.1"
            },
            "references": [
                {
                    "id": "filebeat-*",
                    "name": "kibanaSavedObjectMeta.searchSourceJSON.index",
                    "type": "index-pattern"
                }
            ],
            "type": "visualization",
            "updated_at": "2019-10-17T14:50:09.427Z",
            "version": "WzYxMTUsMV0="
        },
        {
            "attributes": {
                "description": "",
                "kibanaSavedObjectMeta": {
                    "searchSourceJSON": "{\"query\": {\"query\": \"event.dataset :\\\"azure.activitylogs\\\" \", \"language\": \"kuery\"}, \"filter\": [], \"indexRefName\": \"kibanaSavedObjectMeta.searchSourceJSON.index\"}"
                },
                "title": "Resource Creations [Filebeat Azure]",
                "uiStateJSON": "{}",
                "version": 1,
                "visState": "{\"title\": \"Resource Creations [Filebeat Azure]\", \"params\": {\"seriesParams\": [{\"data\": {\"id\": \"1\", \"label\": \"Count\"}, \"showCircles\": true, \"drawLinesBetweenPoints\": true, \"mode\": \"stacked\", \"type\": \"histogram\", \"valueAxis\": \"ValueAxis-1\", \"lineWidth\": 2, \"show\": true}], \"legendPosition\": \"right\", \"dimensions\": {\"series\": [{\"accessor\": 1, \"aggType\": \"terms\", \"format\": {\"params\": {\"missingBucketLabel\": \"Missing\", \"otherBucketLabel\": \"Other\", \"id\": \"string\"}, \"id\": \"terms\"}, \"params\": {}, \"label\": \"Creations\"}], \"y\": [{\"accessor\": 2, \"aggType\": \"count\", \"format\": {\"id\": \"number\"}, \"params\": {}, \"label\": \"Count\"}], \"x\": {\"accessor\": 0, \"aggType\": \"terms\", \"format\": {\"params\": {\"missingBucketLabel\": \"Missing\", \"otherBucketLabel\": \"Other\", \"id\": \"string\"}, \"id\": \"terms\"}, \"params\": {}, \"label\": \"Resource type\"}}, \"addTooltip\": true, \"times\": [], \"categoryAxes\": [{\"id\": \"CategoryAxis-1\", \"scale\": {\"type\": \"linear\"}, \"type\": \"category\", \"position\": \"left\", \"labels\": {\"show\": true, \"filter\": false, \"truncate\": 200, \"rotate\": 0}, \"show\": true, \"title\": {}, \"style\": {}}], \"addLegend\": true, \"type\": \"histogram\", \"addTimeMarker\": false, \"valueAxes\": [{\"name\": \"LeftAxis-1\", \"id\": \"ValueAxis-1\", \"scale\": {\"mode\": \"normal\", \"type\": \"linear\"}, \"type\": \"value\", \"position\": \"bottom\", \"labels\": {\"show\": true, \"filter\": true, \"truncate\": 100, \"rotate\": 75}, \"show\": false, \"title\": {\"text\": \"Count\"}, \"style\": {}}], \"grid\": {\"valueAxis\": \"\", \"categoryLines\": false}, \"labels\": {}, \"thresholdLine\": {\"color\": \"#E7664C\", \"show\": false, \"style\": \"full\", \"value\": 10, \"width\": 1}}, \"aggs\": [{\"schema\": \"metric\", \"params\": {}, \"enabled\": true, \"id\": \"1\", \"type\": \"count\"}, {\"schema\": \"segment\", \"params\": {\"field\": \"azure.resource.provider\", \"orderBy\": \"1\", \"order\": \"desc\", \"missingBucket\": false, \"missingBucketLabel\": \"Missing\", \"otherBucket\": false, \"size\": 15, \"otherBucketLabel\": \"Other\", \"customLabel\": \"Resource type\"}, \"enabled\": true, \"id\": \"2\", \"type\": \"terms\"}, {\"schema\": \"group\", \"params\": {\"field\": \"azure.activitylogs.identity.authorization.action\", \"orderBy\": \"1\", \"order\": \"desc\", \"missingBucket\": false, \"missingBucketLabel\": \"Missing\", \"include\": \".*write\", \"otherBucket\": false, \"size\": 15, \"otherBucketLabel\": \"Other\", \"customLabel\": \"Creations\"}, \"enabled\": true, \"id\": \"4\", \"type\": \"terms\"}], \"type\": \"horizontal_bar\"}"
            },
            "id": "d91ce8d0-53e8-11ea-b1b7-7de801e1c297",
            "migrationVersion": {
                "visualization": "7.3.1"
            },
            "references": [
                {
                    "id": "filebeat-*",
                    "name": "kibanaSavedObjectMeta.searchSourceJSON.index",
                    "type": "index-pattern"
                }
            ],
            "type": "visualization",
            "updated_at": "2020-02-20T13:57:45.235Z",
            "version": "WzU4OSwxXQ=="
        },
        {
            "attributes": {
                "description": "",
                "kibanaSavedObjectMeta": {
                    "searchSourceJSON": "{\"query\": {\"query\": \"event.dataset :\\\"azure.activitylogs\\\" \", \"language\": \"kuery\"}, \"filter\": [], \"indexRefName\": \"kibanaSavedObjectMeta.searchSourceJSON.index\"}"
                },
                "title": "Resource Deletions [Filebeat Azure]",
                "uiStateJSON": "{}",
                "version": 1,
                "visState": "{\"title\": \"Resource Deletions [Filebeat Azure]\", \"params\": {\"seriesParams\": [{\"data\": {\"id\": \"1\", \"label\": \"Count\"}, \"showCircles\": true, \"drawLinesBetweenPoints\": true, \"mode\": \"normal\", \"type\": \"histogram\", \"valueAxis\": \"ValueAxis-1\", \"lineWidth\": 2, \"show\": true}], \"legendPosition\": \"right\", \"type\": \"histogram\", \"addTooltip\": true, \"times\": [], \"categoryAxes\": [{\"scale\": {\"type\": \"linear\"}, \"style\": {}, \"id\": \"CategoryAxis-1\", \"type\": \"category\", \"position\": \"left\", \"labels\": {\"show\": true, \"filter\": false, \"truncate\": 200, \"rotate\": 0}, \"show\": true, \"title\": {}}], \"addTimeMarker\": false, \"addLegend\": true, \"valueAxes\": [{\"scale\": {\"mode\": \"normal\", \"type\": \"linear\"}, \"name\": \"LeftAxis-1\", \"style\": {}, \"id\": \"ValueAxis-1\", \"type\": \"value\", \"position\": \"bottom\", \"labels\": {\"show\": false, \"filter\": true, \"truncate\": 100, \"rotate\": 75}, \"show\": true, \"title\": {\"text\": \"Count\"}}], \"grid\": {\"categoryLines\": false}, \"labels\": {}, \"thresholdLine\": {\"color\": \"#E7664C\", \"show\": false, \"width\": 1, \"value\": 10, \"style\": \"full\"}, \"dimensions\": {\"series\": [{\"accessor\": 1, \"label\": \"Deletions\", \"aggType\": \"terms\", \"format\": {\"params\": {\"missingBucketLabel\": \"Missing\", \"otherBucketLabel\": \"Other\", \"id\": \"string\"}, \"id\": \"terms\"}, \"params\": {}}], \"y\": [{\"accessor\": 2, \"label\": \"Count\", \"aggType\": \"count\", \"format\": {\"id\": \"number\"}, \"params\": {}}], \"x\": {\"accessor\": 0, \"label\": \"azure.resource.provider: Descending\", \"aggType\": \"terms\", \"format\": {\"params\": {\"missingBucketLabel\": \"Missing\", \"otherBucketLabel\": \"Other\", \"id\": \"string\"}, \"id\": \"terms\"}, \"params\": {}}}}, \"aggs\": [{\"schema\": \"metric\", \"params\": {}, \"enabled\": true, \"id\": \"1\", \"type\": \"count\"}, {\"schema\": \"segment\", \"params\": {\"field\": \"azure.resource.provider\", \"orderBy\": \"1\", \"order\": \"desc\", \"missingBucket\": false, \"missingBucketLabel\": \"Missing\", \"otherBucket\": false, \"size\": 15, \"otherBucketLabel\": \"Other\", \"customLabel\": \"Resource type\"}, \"enabled\": true, \"id\": \"2\", \"type\": \"terms\"}, {\"schema\": \"group\", \"params\": {\"field\": \"azure.activitylogs.identity.authorization.action\", \"orderBy\": \"1\", \"order\": \"desc\", \"missingBucket\": false, \"missingBucketLabel\": \"Missing\", \"include\": \".*delete\", \"otherBucket\": false, \"size\": 15, \"otherBucketLabel\": \"Other\", \"customLabel\": \"Deletions\"}, \"enabled\": true, \"id\": \"3\", \"type\": \"terms\"}], \"type\": \"horizontal_bar\"}"
            },
            "id": "6db84660-53e9-11ea-b1b7-7de801e1c297",
            "migrationVersion": {
                "visualization": "7.3.1"
            },
            "references": [
                {
                    "id": "filebeat-*",
                    "name": "kibanaSavedObjectMeta.searchSourceJSON.index",
                    "type": "index-pattern"
                }
            ],
            "type": "visualization",
            "updated_at": "2020-02-20T14:01:02.150Z",
            "version": "WzU5MiwxXQ=="
        },
        {
            "attributes": {
                "description": "",
                "kibanaSavedObjectMeta": {
                    "searchSourceJSON": "{\"query\": {\"query\": \"event.dataset :\\\"azure.activitylogs\\\" \", \"language\": \"kuery\"}, \"filter\": [], \"indexRefName\": \"kibanaSavedObjectMeta.searchSourceJSON.index\"}"
                },
                "title": "Resource Type Breakdown [Filebeat Azure]",
                "uiStateJSON": "{}",
                "version": 1,
                "visState": "{\"type\": \"pie\", \"title\": \"Resource Type Breakdown [Filebeat Azure]\", \"aggs\": [{\"schema\": \"metric\", \"type\": \"count\", \"enabled\": true, \"id\": \"1\", \"params\": {}}, {\"schema\": \"segment\", \"type\": \"terms\", \"enabled\": true, \"id\": \"2\", \"params\": {\"field\": \"azure.resource.provider\", \"orderBy\": \"1\", \"order\": \"desc\", \"missingBucket\": false, \"missingBucketLabel\": \"Missing\", \"otherBucket\": false, \"size\": 10, \"otherBucketLabel\": \"Other\"}}], \"params\": {\"isDonut\": false, \"legendPosition\": \"right\", \"dimensions\": {\"buckets\": [{\"accessor\": 0, \"aggType\": \"terms\", \"format\": {\"params\": {\"missingBucketLabel\": \"Missing\", \"otherBucketLabel\": \"Other\", \"id\": \"string\"}, \"id\": \"terms\"}, \"params\": {}}], \"metric\": {\"accessor\": 1, \"aggType\": \"count\", \"format\": {\"id\": \"number\"}, \"params\": {}}}, \"addTooltip\": true, \"labels\": {\"last_level\": true, \"show\": false, \"values\": true, \"truncate\": 100}, \"type\": \"pie\", \"addLegend\": true}}"
            },
            "id": "9ed46680-f0ce-11e9-90ec-112a988266d5",
            "migrationVersion": {
                "visualization": "7.3.1"
            },
            "references": [
                {
                    "id": "filebeat-*",
                    "name": "kibanaSavedObjectMeta.searchSourceJSON.index",
                    "type": "index-pattern"
                }
            ],
            "type": "visualization",
            "updated_at": "2019-10-17T11:32:13.057Z",
            "version": "WzQ4OTYsMV0="
        }
    ],
    "version": "7.4.0"
}