{
    "objects": [
        {
            "attributes": {
                "description": "Suspicious network activity overview",
                "hits": 0,
                "kibanaSavedObjectMeta": {
                    "searchSourceJSON": "{\"query\": {\"query\": \"*\", \"language\": \"lucene\"}, \"filter\": [], \"highlightAll\": true, \"version\": true}"
                },
                "optionsJSON": "{\"darkTheme\": false}",
                "panelsJSON": "[{\"panelIndex\": \"1\", \"panelRefName\": \"panel_0\", \"embeddableConfig\": {\"vis\": {\"legendOpen\": false, \"colors\": {\"Destination Ports\": \"#E24D42\", \"Destination Addresses\": \"#E0752D\"}}}, \"gridData\": {\"w\": 32, \"i\": \"1\", \"h\": 12, \"y\": 28, \"x\": 0}, \"version\": \"7.3.0\"}, {\"panelIndex\": \"2\", \"panelRefName\": \"panel_1\", \"embeddableConfig\": {\"vis\": {\"params\": {\"sort\": {\"columnIndex\": null, \"direction\": null}}}}, \"gridData\": {\"w\": 16, \"i\": \"2\", \"h\": 12, \"y\": 40, \"x\": 0}, \"version\": \"7.3.0\"}, {\"panelIndex\": \"3\", \"panelRefName\": \"panel_2\", \"embeddableConfig\": {\"vis\": {\"params\": {\"sort\": {\"columnIndex\": null, \"direction\": null}}}}, \"gridData\": {\"w\": 16, \"i\": \"3\", \"h\": 12, \"y\": 40, \"x\": 16}, \"version\": \"7.3.0\"}, {\"panelIndex\": \"5\", \"panelRefName\": \"panel_3\", \"embeddableConfig\": {}, \"gridData\": {\"w\": 48, \"i\": \"5\", \"h\": 8, \"y\": 20, \"x\": 0}, \"version\": \"7.3.0\"}, {\"panelIndex\": \"9\", \"panelRefName\": \"panel_4\", \"embeddableConfig\": {\"vis\": {\"colors\": {\"/Success\": \"#629E51\", \"/Attempt\": \"#0A50A1\", \"/Failure\": \"#BF1B00\"}}}, \"gridData\": {\"w\": 16, \"i\": \"9\", \"h\": 12, \"y\": 28, \"x\": 32}, \"version\": \"7.3.0\"}, {\"panelIndex\": \"11\", \"panelRefName\": \"panel_5\", \"embeddableConfig\": {}, \"gridData\": {\"w\": 48, \"i\": \"11\", \"h\": 8, \"y\": 12, \"x\": 0}, \"version\": \"7.3.0\"}, {\"panelIndex\": \"12\", \"panelRefName\": \"panel_6\", \"embeddableConfig\": {}, \"gridData\": {\"w\": 24, \"i\": \"12\", \"h\": 16, \"y\": 52, \"x\": 0}, \"version\": \"7.3.0\"}, {\"panelIndex\": \"13\", \"panelRefName\": \"panel_7\", \"embeddableConfig\": {}, \"gridData\": {\"w\": 24, \"i\": \"13\", \"h\": 16, \"y\": 52, \"x\": 24}, \"version\": \"7.3.0\"}, {\"panelIndex\": \"14\", \"panelRefName\": \"panel_8\", \"embeddableConfig\": {}, \"gridData\": {\"w\": 16, \"i\": \"14\", \"h\": 12, \"y\": 40, \"x\": 32}, \"version\": \"7.3.0\"}, {\"panelIndex\": \"15\", \"panelRefName\": \"panel_9\", \"embeddableConfig\": {}, \"gridData\": {\"w\": 48, \"i\": \"15\", \"h\": 4, \"y\": 0, \"x\": 0}, \"version\": \"7.3.0\"}, {\"panelIndex\": \"16\", \"panelRefName\": \"panel_10\", \"embeddableConfig\": {\"vis\": {\"defaultColors\": {\"0 - 100\": \"rgb(0,104,55)\"}}}, \"gridData\": {\"w\": 40, \"i\": \"16\", \"h\": 8, \"y\": 4, \"x\": 0}, \"version\": \"7.3.0\"}, {\"panelIndex\": \"17\", \"panelRefName\": \"panel_11\", \"embeddableConfig\": {\"vis\": {\"defaultColors\": {\"50 - 100\": \"rgb(254,217,118)\", \"300 - 400\": \"rgb(128,0,38)\", \"0 - 50\": \"rgb(255,255,204)\", \"200 - 300\": \"rgb(227,27,28)\", \"100 - 200\": \"rgb(253,141,60)\"}}}, \"gridData\": {\"w\": 8, \"i\": \"17\", \"h\": 8, \"y\": 4, \"x\": 40}, \"version\": \"7.3.0\"}]",
                "refreshInterval": {
                    "display": "Off",
                    "pause": false,
                    "value": 0
                },
                "timeFrom": "now-24h",
                "timeRestore": true,
                "timeTo": "now",
                "title": "[Filebeat CEF] Network Suspicious Activity Dashboard",
                "version": 1
            },
            "id": "db1e1aca-279e-4ecc-b84e-fe58644f7619",
            "migrationVersion": {
                "dashboard": "7.3.0"
            },
            "references": [
                {
                    "id": "fa8b26c1-6973-4381-adb3-bcde0d03a520",
                    "name": "panel_0",
                    "type": "visualization"
                },
                {
                    "id": "82f3fae3-1189-4f04-8ea5-47fde1d2e7b1",
                    "name": "panel_1",
                    "type": "visualization"
                },
                {
                    "id": "f03d734b-b85c-4e99-9c0e-9c89716a81f3",
                    "name": "panel_2",
                    "type": "visualization"
                },
                {
                    "id": "9bef4db9-a8b2-4be8-b2b0-6ea02fab424d",
                    "name": "panel_3",
                    "type": "visualization"
                },
                {
                    "id": "fff249b2-18b6-4b48-bcf7-dd4595d111e7",
                    "name": "panel_4",
                    "type": "visualization"
                },
                {
                    "id": "d02dd523-ce91-40e9-9209-83797f80ed45",
                    "name": "panel_5",
                    "type": "visualization"
                },
                {
                    "id": "589fec8c-336e-4122-8fef-a450bddf84f6",
                    "name": "panel_6",
                    "type": "visualization"
                },
                {
                    "id": "86bd5f13-ca6b-43fa-b209-54e7460344bb",
                    "name": "panel_7",
                    "type": "visualization"
                },
                {
                    "id": "1204cf27-05e0-4905-bfa1-688aaaaaa840",
                    "name": "panel_8",
                    "type": "visualization"
                },
                {
                    "id": "677891a1-90c4-4273-b126-f0e54689bd76",
                    "name": "panel_9",
                    "type": "visualization"
                },
                {
                    "id": "01c3618c-9962-4fe9-b9c5-f73dfecc6eba",
                    "name": "panel_10",
                    "type": "visualization"
                },
                {
                    "id": "33747d52-ec4c-4d91-86d8-fbdf9b9c82db",
                    "name": "panel_11",
                    "type": "visualization"
                }
            ],
            "type": "dashboard",
            "updated_at": "2019-10-25T16:30:06.345Z",
            "version": "WzEzMjYsMV0="
        },
        {
            "attributes": {
                "description": "",
                "kibanaSavedObjectMeta": {
                    "searchSourceJSON": "{\"filter\": []}"
                },
                "savedSearchRefName": "search_0",
                "title": "Unique Destinations and Ports by Source [Filebeat CEF]",
                "uiStateJSON": "{}",
                "version": 1,
                "visState": "{\"listeners\": {}, \"type\": \"histogram\", \"title\": \"Unique Destinations and Ports by Source [Filebeat CEF]\", \"aggs\": [{\"schema\": \"metric\", \"type\": \"cardinality\", \"enabled\": true, \"id\": \"1\", \"params\": {\"field\": \"destination.ip\", \"customLabel\": \"Destination Addresses\"}}, {\"schema\": \"segment\", \"type\": \"terms\", \"enabled\": true, \"id\": \"2\", \"params\": {\"field\": \"source.ip\", \"customLabel\": \"Source Addresses\", \"size\": 20, \"order\": \"desc\", \"orderBy\": \"1\"}}, {\"schema\": \"metric\", \"type\": \"cardinality\", \"enabled\": true, \"id\": \"3\", \"params\": {\"field\": \"destination.port\", \"customLabel\": \"Destination Ports\"}}], \"params\": {\"interpolate\": \"linear\", \"defaultYExtents\": false, \"seriesParams\": [{\"data\": {\"id\": \"1\", \"label\": \"Destination Addresses\"}, \"showCircles\": true, \"drawLinesBetweenPoints\": true, \"mode\": \"stacked\", \"type\": \"histogram\", \"valueAxis\": \"ValueAxis-1\", \"show\": \"true\"}, {\"data\": {\"id\": \"3\", \"label\": \"Destination Ports\"}, \"interpolate\": \"linear\", \"showCircles\": true, \"drawLinesBetweenPoints\": true, \"mode\": \"stacked\", \"type\": \"line\", \"valueAxis\": \"ValueAxis-2\", \"lineWidth\": 2, \"show\": true}], \"legendPosition\": \"right\", \"drawLinesBetweenPoints\": true, \"addTooltip\": true, \"times\": [], \"categoryAxes\": [{\"id\": \"CategoryAxis-1\", \"scale\": {\"type\": \"linear\"}, \"type\": \"category\", \"position\": \"bottom\", \"labels\": {\"show\": true, \"truncate\": 100}, \"show\": true, \"title\": {\"text\": \"Source Addresses\"}, \"style\": {}}], \"radiusRatio\": 9, \"addLegend\": true, \"showCircles\": true, \"valueAxes\": [{\"name\": \"LeftAxis-1\", \"id\": \"ValueAxis-1\", \"scale\": {\"mode\": \"normal\", \"type\": \"linear\"}, \"type\": \"value\", \"position\": \"left\", \"labels\": {\"show\": true, \"filter\": false, \"truncate\": 100, \"rotate\": 0}, \"show\": true, \"title\": {\"text\": \"Destination Addresses\"}, \"style\": {}}, {\"name\": \"RightAxis-1\", \"id\": \"ValueAxis-2\", \"scale\": {\"mode\": \"normal\", \"type\": \"linear\"}, \"type\": \"value\", \"position\": \"right\", \"labels\": {\"show\": true, \"filter\": false, \"truncate\": 100, \"rotate\": 0}, \"show\": true, \"title\": {\"text\": \"Destination Ports\"}, \"style\": {}}], \"addTimeMarker\": false, \"grid\": {\"categoryLines\": false, \"style\": {\"color\": \"#eee\"}}, \"scale\": \"linear\", \"setYExtents\": false}}"
            },
            "id": "fa8b26c1-6973-4381-adb3-bcde0d03a520",
            "migrationVersion": {
                "visualization": "7.3.1"
            },
            "references": [
                {
                    "id": "68202a5c-c8f2-432f-8c08-04fbfacb95c8",
                    "name": "search_0",
                    "type": "search"
                }
            ],
            "type": "visualization",
            "updated_at": "2019-10-25T16:30:06.345Z",
            "version": "WzEzMjcsMV0="
        },
        {
            "attributes": {
                "description": "",
                "kibanaSavedObjectMeta": {
                    "searchSourceJSON": "{\"filter\": []}"
                },
                "savedSearchRefName": "search_0",
                "title": "Top 5 Sources by Destination Addresses [Filebeat CEF]",
                "uiStateJSON": "{\"vis\": {\"params\": {\"sort\": {\"columnIndex\": null, \"direction\": null}}}}",
                "version": 1,
                "visState": "{\"listeners\": {}, \"type\": \"table\", \"title\": \"Top 5 Sources by Destination Addresses [Filebeat CEF]\", \"aggs\": [{\"schema\": \"metric\", \"type\": \"cardinality\", \"enabled\": true, \"id\": \"2\", \"params\": {\"field\": \"destination.ip\", \"customLabel\": \"Destination Addresses\"}}, {\"schema\": \"metric\", \"type\": \"count\", \"enabled\": true, \"id\": \"1\", \"params\": {\"customLabel\": \"Event Count\"}}, {\"schema\": \"bucket\", \"type\": \"terms\", \"enabled\": true, \"id\": \"4\", \"params\": {\"field\": \"source.ip\", \"customLabel\": \"Source Address\", \"size\": 5, \"order\": \"desc\", \"orderBy\": \"2\"}}], \"params\": {\"totalFunc\": \"sum\", \"perPage\": 10, \"showMeticsAtAllLevels\": false, \"showTotal\": false, \"showPartialRows\": false, \"sort\": {\"columnIndex\": null, \"direction\": null}}}"
            },
            "id": "82f3fae3-1189-4f04-8ea5-47fde1d2e7b1",
            "migrationVersion": {
                "visualization": "7.3.1"
            },
            "references": [
                {
                    "id": "68202a5c-c8f2-432f-8c08-04fbfacb95c8",
                    "name": "search_0",
                    "type": "search"
                }
            ],
            "type": "visualization",
            "updated_at": "2019-10-25T16:30:06.345Z",
            "version": "WzEzMjgsMV0="
        },
        {
            "attributes": {
                "description": "",
                "kibanaSavedObjectMeta": {
                    "searchSourceJSON": "{\"filter\": []}"
                },
                "savedSearchRefName": "search_0",
                "title": "Top 5 Sources by Destination Ports [Filebeat CEF]",
                "uiStateJSON": "{\"vis\": {\"params\": {\"sort\": {\"columnIndex\": null, \"direction\": null}}}}",
                "version": 1,
                "visState": "{\"listeners\": {}, \"type\": \"table\", \"title\": \"Top 5 Sources by Destination Ports [Filebeat CEF]\", \"aggs\": [{\"schema\": \"metric\", \"type\": \"cardinality\", \"enabled\": true, \"id\": \"2\", \"params\": {\"field\": \"destination.port\", \"customLabel\": \"Destination Ports\"}}, {\"schema\": \"metric\", \"type\": \"count\", \"enabled\": true, \"id\": \"1\", \"params\": {\"customLabel\": \"Event Count\"}}, {\"schema\": \"bucket\", \"type\": \"terms\", \"enabled\": true, \"id\": \"4\", \"params\": {\"field\": \"source.ip\", \"customLabel\": \"Source Address\", \"size\": 5, \"order\": \"desc\", \"orderBy\": \"2\"}}], \"params\": {\"totalFunc\": \"sum\", \"perPage\": 10, \"showMeticsAtAllLevels\": false, \"showTotal\": false, \"showPartialRows\": false, \"sort\": {\"columnIndex\": null, \"direction\": null}}}"
            },
            "id": "f03d734b-b85c-4e99-9c0e-9c89716a81f3",
            "migrationVersion": {
                "visualization": "7.3.1"
            },
            "references": [
                {
                    "id": "68202a5c-c8f2-432f-8c08-04fbfacb95c8",
                    "name": "search_0",
                    "type": "search"
                }
            ],
            "type": "visualization",
            "updated_at": "2019-10-25T16:30:06.345Z",
            "version": "WzEzMjksMV0="
        },
        {
            "attributes": {
                "description": "",
                "kibanaSavedObjectMeta": {
                    "searchSourceJSON": "{\"query\": {\"query_string\": {\"query\": \"*\"}}, \"filter\": []}"
                },
                "title": "Events by Severity [Filebeat CEF]",
                "uiStateJSON": "{}",
                "version": 1,
                "visState": "{\"listeners\": {}, \"type\": \"metrics\", \"title\": \"Events by Severity [Filebeat CEF]\", \"aggs\": [], \"params\": {\"series\": [{\"fill\": 0.5, \"chart_type\": \"line\", \"seperate_axis\": 0, \"formatter\": \"0.0[0]a\", \"axis_position\": \"right\", \"split_filters\": [{\"color\": \"rgba(104,204,202,1)\", \"filter\": \"severity:\\\"Low\\\" OR severity:\\\"0\\\"\", \"id\": \"ebe970ac-5cc9-4c4a-af60-82affafc667c\", \"label\": \"LOW\"}, {\"color\": \"rgba(252,220,0,1)\", \"filter\": \"severity:\\\"Medium\\\"\", \"id\": \"0c4ff16a-b53d-4ce4-af76-d6b74d8788db\", \"label\": \"MEDIUM\"}, {\"color\": \"rgba(254,146,0,1)\", \"filter\": \"severity:\\\"High\\\"\", \"id\": \"e142c55b-6ee5-416a-8bd3-d10398044864\", \"label\": \"HIGH\"}, {\"color\": \"rgba(244,78,59,1)\", \"filter\": \"severity:\\\"Very-High\\\"\", \"id\": \"4b05b562-c419-4214-b814-d4c242251521\", \"label\": \"VERY HIGH\"}], \"color\": \"#68BC00\", \"stacked\": \"none\", \"metrics\": [{\"id\": \"0d189776-3f7c-4a92-95b1-73c379a341fc\", \"type\": \"count\"}, {\"field\": \"0d189776-3f7c-4a92-95b1-73c379a341fc\", \"sigma\": \"\", \"id\": \"1b1c931c-a09b-4980-af81-6f9c3db56401\", \"type\": \"sum_bucket\"}], \"id\": \"da3b92b4-2c24-473b-9102-fb5a343a96d9\", \"split_mode\": \"filters\", \"point_size\": 1, \"line_width\": 1, \"label\": \"Event by Severities\"}], \"filter\": {\"query\": \"cef.extensions.categoryDeviceGroup:\\\"/Firewall\\\"\", \"language\": \"lucene\"}, \"id\": \"c39a76e5-f613-41a9-8335-c442747791e0\", \"index_pattern\": \"filebeat-*\", \"show_legend\": 1, \"bar_color_rules\": [{\"id\": \"0ca18a89-9c81-4bee-835a-85e6103aec37\"}], \"axis_formatter\": \"number\", \"time_field\": \"@timestamp\", \"interval\": \"auto\", \"axis_position\": \"left\", \"type\": \"top_n\"}}"
            },
            "id": "9bef4db9-a8b2-4be8-b2b0-6ea02fab424d",
            "migrationVersion": {
                "visualization": "7.3.1"
            },
            "references": [],
            "type": "visualization",
            "updated_at": "2019-10-25T16:30:06.345Z",
            "version": "WzEzMzAsMV0="
        },
        {
            "attributes": {
                "description": "",
                "kibanaSavedObjectMeta": {
                    "searchSourceJSON": "{\"filter\": []}"
                },
                "savedSearchRefName": "search_0",
                "title": "Outcome by Device Type [Filebeat CEF]",
                "uiStateJSON": "{\"vis\": {\"colors\": {\"/Success\": \"#629E51\", \"/Failure\": \"#BF1B00\"}}}",
                "version": 1,
                "visState": "{\"listeners\": {}, \"type\": \"histogram\", \"title\": \"Outcome by Device Type [Filebeat CEF]\", \"aggs\": [{\"schema\": \"metric\", \"type\": \"count\", \"enabled\": true, \"id\": \"1\", \"params\": {}}, {\"schema\": \"segment\", \"type\": \"terms\", \"enabled\": true, \"id\": \"2\", \"params\": {\"field\": \"cef.extensions.categoryDeviceType\", \"customLabel\": \"Firewall Types\", \"size\": 10, \"order\": \"desc\", \"orderBy\": \"1\"}}, {\"schema\": \"group\", \"type\": \"terms\", \"enabled\": true, \"id\": \"3\", \"params\": {\"field\": \"cef.extensions.categoryOutcome\", \"customLabel\": \"Event Outcome\", \"size\": 3, \"order\": \"desc\", \"orderBy\": \"1\"}}], \"params\": {\"interpolate\": \"linear\", \"defaultYExtents\": false, \"seriesParams\": [{\"data\": {\"id\": \"1\", \"label\": \"Count\"}, \"showCircles\": true, \"drawLinesBetweenPoints\": true, \"mode\": \"stacked\", \"type\": \"histogram\", \"valueAxis\": \"ValueAxis-1\", \"show\": \"true\"}], \"legendPosition\": \"right\", \"drawLinesBetweenPoints\": true, \"addTooltip\": true, \"times\": [], \"categoryAxes\": [{\"id\": \"CategoryAxis-1\", \"scale\": {\"type\": \"linear\"}, \"type\": \"category\", \"position\": \"bottom\", \"labels\": {\"show\": true, \"truncate\": 100, \"rotate\": 75}, \"show\": true, \"title\": {\"text\": \"Firewall Types\"}, \"style\": {}}], \"radiusRatio\": 9, \"addLegend\": true, \"showCircles\": true, \"valueAxes\": [{\"name\": \"LeftAxis-1\", \"id\": \"ValueAxis-1\", \"scale\": {\"mode\": \"percentage\", \"type\": \"square root\"}, \"type\": \"value\", \"position\": \"left\", \"labels\": {\"show\": true, \"filter\": false, \"truncate\": 100, \"rotate\": 0}, \"show\": true, \"title\": {}, \"style\": {}}], \"orderBucketsBySum\": true, \"addTimeMarker\": false, \"grid\": {\"categoryLines\": false, \"style\": {\"color\": \"#eee\"}}, \"scale\": \"linear\", \"setYExtents\": false}}"
            },
            "id": "fff249b2-18b6-4b48-bcf7-dd4595d111e7",
            "migrationVersion": {
                "visualization": "7.3.1"
            },
            "references": [
                {
                    "id": "68202a5c-c8f2-432f-8c08-04fbfacb95c8",
                    "name": "search_0",
                    "type": "search"
                }
            ],
            "type": "visualization",
            "updated_at": "2019-10-25T16:30:06.345Z",
            "version": "WzEzMzEsMV0="
        },
        {
            "attributes": {
                "description": "",
                "kibanaSavedObjectMeta": {
                    "searchSourceJSON": "{\"query\": {\"query_string\": {\"query\": \"*\"}}, \"filter\": []}"
                },
                "title": "Events by Source Addresses [Filebeat CEF]",
                "uiStateJSON": "{}",
                "version": 1,
                "visState": "{\"listeners\": {}, \"type\": \"metrics\", \"title\": \"Events by Source Addresses [Filebeat CEF]\", \"aggs\": [], \"params\": {\"bar_color_rules\": [{\"id\": \"23db5bf6-f787-474e-86ab-76362432e984\"}], \"gauge_inner_width\": 10, \"time_field\": \"@timestamp\", \"type\": \"timeseries\", \"background_color\": null, \"series\": [{\"fill\": \"0\", \"chart_type\": \"line\", \"filter\": {\"query\": \"cef.extensions.categoryDeviceGroup:\\\"/Firewall\\\" OR cef.extensions.categoryDeviceGroup:\\\"/IDS/Network\\\" OR cef.extensions.categoryDeviceGroup:\\\"/VPN\\\" \", \"language\": \"lucene\"}, \"steps\": 0, \"formatter\": \"number\", \"axis_position\": \"right\", \"terms_field\": \"observer.hostmessage\", \"color\": \"rgba(211,49,21,1)\", \"value_template\": \"{{value}}\", \"stacked\": \"none\", \"metrics\": [{\"id\": \"c5dbb050-fc10-4a0d-abe0-bc093db6cf0e\", \"type\": \"count\"}, {\"field\": \"c5dbb050-fc10-4a0d-abe0-bc093db6cf0e\", \"sigma\": \"\", \"model_type\": \"simple\", \"beta\": 0.1, \"id\": \"117fde19-e227-4fcb-8019-e82e6677c340\", \"period\": 1, \"alpha\": 0.3, \"multiplicative\": false, \"type\": \"moving_average\", \"gamma\": 0.3, \"window\": \"10\"}], \"id\": \"04c44192-1112-4515-a8d9-e9e13215aecf\", \"terms_order_by\": null, \"seperate_axis\": 1, \"split_mode\": \"everything\", \"point_size\": \"0\", \"line_width\": \"3\", \"label\": \"Events\"}, {\"fill\": \"0.5\", \"chart_type\": \"bar\", \"seperate_axis\": 1, \"formatter\": \"number\", \"axis_position\": \"left\", \"terms_field\": \"source.ip\", \"terms_size\": \"10\", \"color\": \"rgba(104,188,0,1)\", \"stacked\": \"none\", \"metrics\": [{\"id\": \"dc74afdf-64ad-47d6-bbed-114e09d12255\", \"type\": \"count\"}, {\"field\": \"dc74afdf-64ad-47d6-bbed-114e09d12255\", \"model_type\": \"simple\", \"beta\": 0.1, \"id\": \"b753ad38-c3ed-4463-8f6d-176f4d477897\", \"period\": 1, \"alpha\": 0.3, \"multiplicative\": false, \"type\": \"moving_average\", \"gamma\": 0.3, \"window\": \"10\"}], \"id\": \"3ffe652e-43c2-4a1d-ad8a-f7ab10f09f2b\", \"split_mode\": \"terms\", \"point_size\": 1, \"line_width\": \"0\", \"label\": \"Top Source Addresses\"}], \"axis_formatter\": \"number\", \"index_pattern\": \"filebeat-*\", \"show_legend\": 1, \"id\": \"ec53a1d3-213c-4b0f-a074-5005a84cdb83\", \"gauge_color_rules\": [{\"id\": \"42f84a0a-ee13-4ca8-b61d-3de482ae4ab0\"}], \"gauge_style\": \"half\", \"filter\": {\"query\": \"cef.extensions.categoryDeviceGroup:\\\"/Firewall\\\" OR cef.extensions.categoryDeviceGroup:\\\"/IDS/Network\\\" OR cef.extensions.categoryDeviceGroup:\\\"/VPN\\\" \", \"language\": \"lucene\"}, \"interval\": \"auto\", \"axis_position\": \"left\", \"gauge_width\": 10, \"background_color_rules\": [{\"id\": \"a0bf5a1d-8ebf-49d4-a347-738a6ce20562\"}]}}"
            },
            "id": "d02dd523-ce91-40e9-9209-83797f80ed45",
            "migrationVersion": {
                "visualization": "7.3.1"
            },
            "references": [],
            "type": "visualization",
            "updated_at": "2019-10-25T16:30:06.345Z",
            "version": "WzEzMzIsMV0="
        },
        {
            "attributes": {
                "description": "",
                "kibanaSavedObjectMeta": {
                    "searchSourceJSON": "{\"filter\": []}"
                },
                "savedSearchRefName": "search_0",
                "title": "Top 10 Source Addresses [Filebeat CEF]",
                "uiStateJSON": "{}",
                "version": 1,
                "visState": "{\"listeners\": {}, \"type\": \"tagcloud\", \"title\": \"Top 10 Source Addresses [Filebeat CEF]\", \"aggs\": [{\"schema\": \"metric\", \"type\": \"count\", \"enabled\": true, \"id\": \"1\", \"params\": {}}, {\"schema\": \"segment\", \"type\": \"terms\", \"enabled\": true, \"id\": \"2\", \"params\": {\"field\": \"source.ip\", \"customLabel\": \"Source Addresses\", \"size\": 10, \"order\": \"desc\", \"orderBy\": \"1\"}}], \"params\": {\"orientation\": \"single\", \"maxFontSize\": 72, \"scale\": \"linear\", \"minFontSize\": 18}}"
            },
            "id": "589fec8c-336e-4122-8fef-a450bddf84f6",
            "migrationVersion": {
                "visualization": "7.3.1"
            },
            "references": [
                {
                    "id": "68202a5c-c8f2-432f-8c08-04fbfacb95c8",
                    "name": "search_0",
                    "type": "search"
                }
            ],
            "type": "visualization",
            "updated_at": "2019-10-25T16:30:06.345Z",
            "version": "WzEzMzMsMV0="
        },
        {
            "attributes": {
                "description": "",
                "kibanaSavedObjectMeta": {
                    "searchSourceJSON": "{\"filter\": []}"
                },
                "savedSearchRefName": "search_0",
                "title": "Top 10 Destination Addresses [Filebeat CEF]",
                "uiStateJSON": "{}",
                "version": 1,
                "visState": "{\"listeners\": {}, \"type\": \"tagcloud\", \"title\": \"Top 10 Destination Addresses [Filebeat CEF]\", \"aggs\": [{\"schema\": \"metric\", \"type\": \"count\", \"enabled\": true, \"id\": \"1\", \"params\": {}}, {\"schema\": \"segment\", \"type\": \"terms\", \"enabled\": true, \"id\": \"2\", \"params\": {\"field\": \"destination.ip\", \"customLabel\": \"Destination Addresses\", \"size\": 10, \"order\": \"desc\", \"orderBy\": \"1\"}}], \"params\": {\"orientation\": \"single\", \"maxFontSize\": 72, \"scale\": \"linear\", \"minFontSize\": 18}}"
            },
            "id": "86bd5f13-ca6b-43fa-b209-54e7460344bb",
            "migrationVersion": {
                "visualization": "7.3.1"
            },
            "references": [
                {
                    "id": "68202a5c-c8f2-432f-8c08-04fbfacb95c8",
                    "name": "search_0",
                    "type": "search"
                }
            ],
            "type": "visualization",
            "updated_at": "2019-10-25T16:30:06.345Z",
            "version": "WzEzMzQsMV0="
        },
        {
            "attributes": {
                "description": "",
                "kibanaSavedObjectMeta": {
                    "searchSourceJSON": "{\"filter\": []}"
                },
                "savedSearchRefName": "search_0",
                "title": "Top 10 Destination Ports [Filebeat CEF]",
                "uiStateJSON": "{}",
                "version": 1,
                "visState": "{\"listeners\": {}, \"type\": \"tagcloud\", \"title\": \"Top 10 Destination Ports [Filebeat CEF]\", \"aggs\": [{\"schema\": \"metric\", \"type\": \"count\", \"enabled\": true, \"id\": \"1\", \"params\": {}}, {\"schema\": \"segment\", \"type\": \"terms\", \"enabled\": true, \"id\": \"2\", \"params\": {\"field\": \"destination.port\", \"customLabel\": \"Destination Addresses\", \"size\": 10, \"order\": \"desc\", \"orderBy\": \"1\"}}], \"params\": {\"orientation\": \"single\", \"maxFontSize\": 72, \"scale\": \"linear\", \"minFontSize\": 18}}"
            },
            "id": "1204cf27-05e0-4905-bfa1-688aaaaaa840",
            "migrationVersion": {
                "visualization": "7.3.1"
            },
            "references": [
                {
                    "id": "68202a5c-c8f2-432f-8c08-04fbfacb95c8",
                    "name": "search_0",
                    "type": "search"
                }
            ],
            "type": "visualization",
            "updated_at": "2019-10-25T16:30:06.345Z",
            "version": "WzEzMzUsMV0="
        },
        {
            "attributes": {
                "description": "",
                "kibanaSavedObjectMeta": {
                    "searchSourceJSON": "{\"query\": {\"query_string\": {\"query\": \"*\"}}, \"filter\": []}"
                },
                "title": " Dashboard Navigation [Filebeat CEF]",
                "uiStateJSON": "{}",
                "version": 1,
                "visState": "{\"listeners\": {}, \"type\": \"markdown\", \"title\": \" Dashboard Navigation [Filebeat CEF]\", \"aggs\": [], \"params\": {\"markdown\": \"[Network Overview](#/dashboard/dd0bc9af-2e89-4150-9b42-62517ea56b71) | [Network Suspicious Activity](#/dashboard/db1e1aca-279e-4ecc-b84e-fe58644f7619) | [Endpoint Overview](#dashboard/c10ce1cf-f6b8-4de4-8715-2cb5f6770b3b) | [Endpoint OS Activity](#/dashboard/9e352900-89c3-4c1b-863e-249e24d0dac9) | [Microsoft DNS Overview](#/dashboard/56428e01-0c47-4770-8ba4-9345a029ea41)\"}}"
            },
            "id": "677891a1-90c4-4273-b126-f0e54689bd76",
            "migrationVersion": {
                "visualization": "7.3.1"
            },
            "references": [],
            "type": "visualization",
            "updated_at": "2019-10-25T16:30:06.345Z",
            "version": "WzEzMzYsMV0="
        },
        {
            "attributes": {
                "description": "",
                "kibanaSavedObjectMeta": {
                    "searchSourceJSON": "{\"filter\": []}"
                },
                "savedSearchRefName": "search_0",
                "title": "Device Metrics Overview [Filebeat CEF]",
                "uiStateJSON": "{\"vis\": {\"defaultColors\": {\"0 - 100\": \"rgb(0,104,55)\"}}}",
                "version": 1,
                "visState": "{\"listeners\": {}, \"type\": \"metric\", \"title\": \"Device Metrics Overview [Filebeat CEF]\", \"aggs\": [{\"schema\": \"metric\", \"type\": \"count\", \"enabled\": true, \"id\": \"8\", \"params\": {\"customLabel\": \"Event Count\"}}, {\"schema\": \"metric\", \"type\": \"cardinality\", \"enabled\": true, \"id\": \"4\", \"params\": {\"field\": \"observer.hostname\", \"customLabel\": \"Devices\"}}, {\"schema\": \"metric\", \"type\": \"cardinality\", \"enabled\": true, \"id\": \"5\", \"params\": {\"field\": \"source.ip\", \"customLabel\": \"Sources\"}}, {\"schema\": \"metric\", \"type\": \"cardinality\", \"enabled\": true, \"id\": \"6\", \"params\": {\"field\": \"destination.ip\", \"customLabel\": \"Destinations\"}}, {\"schema\": \"metric\", \"type\": \"cardinality\", \"enabled\": true, \"id\": \"7\", \"params\": {\"field\": \"destination.port\", \"customLabel\": \"Ports\"}}], \"params\": {\"gauge\": {\"style\": {\"fontSize\": \"12\", \"bgFill\": \"#000\", \"bgColor\": false, \"labelColor\": false, \"subText\": \"\"}, \"colorSchema\": \"Green to Red\", \"autoExtend\": false, \"gaugeType\": \"Metric\", \"backStyle\": \"Full\", \"type\": \"simple\", \"gaugeColorMode\": \"None\", \"gaugeStyle\": \"Full\", \"percentageMode\": false, \"colorsRange\": [{\"to\": 100, \"from\": 0}], \"scale\": {\"color\": \"#333\", \"labels\": false, \"show\": false, \"width\": 2}, \"labels\": {\"color\": \"black\", \"show\": true}, \"verticalSplit\": false, \"orientation\": \"vertical\", \"useRange\": false, \"invertColors\": false}, \"type\": \"gauge\", \"addTooltip\": true, \"handleNoResults\": true, \"fontSize\": \"30\", \"addLegend\": false}}"
            },
            "id": "01c3618c-9962-4fe9-b9c5-f73dfecc6eba",
            "migrationVersion": {
                "visualization": "7.3.1"
            },
            "references": [
                {
                    "id": "68202a5c-c8f2-432f-8c08-04fbfacb95c8",
                    "name": "search_0",
                    "type": "search"
                }
            ],
            "type": "visualization",
            "updated_at": "2019-10-25T16:30:06.345Z",
            "version": "WzEzMzcsMV0="
        },
        {
            "attributes": {
                "description": "",
                "kibanaSavedObjectMeta": {
                    "searchSourceJSON": "{\"query\": {\"query_string\": {\"query\": \"*\"}}, \"filter\": []}"
                },
                "title": "Network - Event Throughput [Filebeat CEF]",
                "uiStateJSON": "{}",
                "version": 1,
                "visState": "{\"listeners\": {}, \"type\": \"metrics\", \"title\": \"Network - Event Throughput [Filebeat CEF]\", \"aggs\": [], \"params\": {\"index_pattern\": \"filebeat-*\", \"gauge_inner_width\": 10, \"time_field\": \"@timestamp\", \"type\": \"gauge\", \"bar_color_rules\": [{\"id\": \"8d4596c5-49ad-429b-af54-5451b1c2e8d4\"}], \"series\": [{\"fill\": 0.5, \"chart_type\": \"line\", \"seperate_axis\": 0, \"formatter\": \"number\", \"axis_position\": \"right\", \"color\": \"rgba(0,156,224,1)\", \"value_template\": \"{{value}}  / s\", \"stacked\": \"none\", \"metrics\": [{\"id\": \"ba1830b9-9ce3-4bf1-8f4d-f7478b7f1bba\", \"type\": \"count\"}, {\"field\": \"ba1830b9-9ce3-4bf1-8f4d-f7478b7f1bba\", \"id\": \"ca3a65d0-9f3d-42a9-9f4e-16f9e24cba19\", \"type\": \"cumulative_sum\"}, {\"field\": \"ca3a65d0-9f3d-42a9-9f4e-16f9e24cba19\", \"unit\": \"1s\", \"id\": \"6db67bc1-7fff-47e7-a931-f797b1f76732\", \"type\": \"derivative\"}, {\"field\": \"6db67bc1-7fff-47e7-a931-f797b1f76732\", \"model_type\": \"simple\", \"beta\": 0.1, \"id\": \"92bc1447-2b30-498c-ae8a-c67904fc82b2\", \"period\": 1, \"alpha\": 0.3, \"multiplicative\": false, \"type\": \"moving_average\", \"gamma\": 0.3, \"window\": \"10\"}], \"id\": \"90d7621e-3265-4fe8-8882-8df9605ea659\", \"split_mode\": \"everything\", \"point_size\": 1, \"line_width\": 1, \"label\": \"Event Throughput\"}], \"axis_formatter\": \"number\", \"background_color_rules\": [{\"id\": \"3eadd451-5033-423f-88e3-814cc5e50b50\"}], \"show_legend\": 1, \"id\": \"73968651-c41e-473e-a153-a025f49d1a1b\", \"gauge_color_rules\": [{\"gauge\": null, \"value\": 0, \"id\": \"4d957654-cc7e-4ef3-8b29-61c0aeadd51a\"}], \"gauge_max\": \"\", \"gauge_style\": \"half\", \"interval\": \"auto\", \"axis_position\": \"left\", \"gauge_width\": 10, \"filter\": {\"query\": \"cef.extensions.categoryDeviceType:\\\"Firewall\\\" OR cef.extensions.categoryDeviceGroup:\\\"/IDS/Network\\\" OR cef.extensions.categoryDeviceGroup:\\\"/VPN\\\" \", \"language\": \"lucene\"}}}"
            },
            "id": "33747d52-ec4c-4d91-86d8-fbdf9b9c82db",
            "migrationVersion": {
                "visualization": "7.3.1"
            },
            "references": [],
            "type": "visualization",
            "updated_at": "2019-10-25T16:30:06.345Z",
            "version": "WzEzMzgsMV0="
        },
        {
            "attributes": {
                "columns": [
                    "priority",
                    "message",
                    "source.ip",
                    "source.port",
                    "destination.ip",
                    "destination.port",
                    "network.application",
                    "message",
                    "cef.extensions.categoryBehavior",
                    "cef.extensions.categoryOutcome",
                    "deviceAddress",
                    "cef.device.product",
                    "cef.device.vendor",
                    "cef.extensions.categoryDeviceGroup",
                    "cef.extensions.categoryDeviceType"
                ],
                "description": "",
                "hits": 0,
                "kibanaSavedObjectMeta": {
                    "searchSourceJSON": "{\"version\": true, \"query\": {\"query\": \"\", \"language\": \"lucene\"}, \"filter\": [{\"$state\": {\"store\": \"appState\"}, \"query\": {\"terms\": {\"cef.extensions.categoryDeviceGroup\": [\"/VPN\", \"/IDS/Network\", \"/Firewall\"]}}, \"meta\": {\"negate\": false, \"value\": \"{\\\"terms\\\":{\\\"cef.extensions.categoryDeviceGroup\\\":[\\\"/VPN\\\",\\\"/IDS/Network\\\",\\\"/Firewall\\\"]}}\", \"indexRefName\": \"kibanaSavedObjectMeta.searchSourceJSON.filter[0].meta.index\", \"disabled\": false, \"type\": \"custom\", \"key\": \"query\", \"alias\": null}}], \"highlightAll\": true, \"indexRefName\": \"kibanaSavedObjectMeta.searchSourceJSON.index\"}"
                },
                "sort": [
                    [
                        "@timestamp",
                        "desc"
                    ]
                ],
                "title": "Network Events [Filebeat CEF]",
                "version": 1
            },
            "id": "68202a5c-c8f2-432f-8c08-04fbfacb95c8",
            "migrationVersion": {
                "search": "7.4.0"
            },
            "references": [
                {
                    "id": "filebeat-*",
                    "name": "kibanaSavedObjectMeta.searchSourceJSON.index",
                    "type": "index-pattern"
                },
                {
                    "id": "filebeat-*",
                    "name": "kibanaSavedObjectMeta.searchSourceJSON.filter[0].meta.index",
                    "type": "index-pattern"
                }
            ],
            "type": "search",
            "updated_at": "2019-10-25T16:31:42.748Z",
            "version": "WzE0NzMsMV0="
        }
    ],
    "version": "7.4.1"
}