{
    "objects": [
        {
            "attributes": {
                "description": "",
                "kibanaSavedObjectMeta": {
                    "searchSourceJSON": "{\"query\": {\"query\": \"\", \"language\": \"kuery\"}, \"filter\": [], \"index\": \"filebeat-*\"}"
                },
                "title": "Browsers breakdown [Filebeat Nginx] ECS",
                "uiStateJSON": "{}",
                "version": 1,
                "visState": "{\"listeners\": {}, \"type\": \"pie\", \"title\": \"Nginx Access Browsers ECS\", \"aggs\": [{\"schema\": \"metric\", \"type\": \"count\", \"enabled\": true, \"id\": \"1\", \"params\": {}}, {\"schema\": \"segment\", \"type\": \"terms\", \"enabled\": true, \"id\": \"2\", \"params\": {\"field\": \"user_agent.name\", \"orderBy\": \"1\", \"size\": 5, \"order\": \"desc\"}}, {\"schema\": \"segment\", \"type\": \"terms\", \"enabled\": true, \"id\": \"3\", \"params\": {\"field\": \"user_agent.version\", \"orderBy\": \"1\", \"size\": 5, \"order\": \"desc\"}}], \"params\": {\"addTooltip\": true, \"isDonut\": true, \"shareYAxis\": true, \"addLegend\": true, \"legendPosition\": \"bottom\"}}"
            },
            "id": "Nginx-Access-Browsers-ecs",
            "type": "visualization",
            "version": 1
        },
        {
            "attributes": {
                "description": "",
                "kibanaSavedObjectMeta": {
                    "searchSourceJSON": "{\"query\": {\"query\": \"\", \"language\": \"kuery\"}, \"filter\": [], \"index\": \"filebeat-*\"}"
                },
                "title": "Operating systems breakdown [Filebeat Nginx] ECS",
                "uiStateJSON": "{}",
                "version": 1,
                "visState": "{\"listeners\": {}, \"type\": \"pie\", \"title\": \"Nginx Access OSes ECS\", \"aggs\": [{\"schema\": \"metric\", \"type\": \"count\", \"enabled\": true, \"id\": \"1\", \"params\": {}}, {\"schema\": \"segment\", \"type\": \"terms\", \"enabled\": true, \"id\": \"2\", \"params\": {\"field\": \"user_agent.os.name\", \"orderBy\": \"1\", \"size\": 5, \"order\": \"desc\"}}, {\"schema\": \"segment\", \"type\": \"terms\", \"enabled\": true, \"id\": \"3\", \"params\": {\"field\": \"user_agent.os.version\", \"orderBy\": \"1\", \"size\": 5, \"order\": \"desc\"}}], \"params\": {\"addTooltip\": true, \"isDonut\": true, \"shareYAxis\": true, \"addLegend\": true, \"legendPosition\": \"bottom\"}}"
            },
            "id": "Nginx-Access-OSes-ecs",
            "type": "visualization",
            "version": 1
        },
        {
            "attributes": {
                "description": "",
                "kibanaSavedObjectMeta": {
                    "searchSourceJSON": "{\"filter\": []}"
                },
                "savedSearchId": "Filebeat-Nginx-module-ecs",
                "title": "Access Map [Filebeat Nginx] ECS",
                "uiStateJSON": "{\"mapCenter\": [12.039320557540572, -0.17578125]}",
                "version": 1,
                "visState": "{\"listeners\": {}, \"type\": \"tile_map\", \"title\": \"Nginx Access Map ECS\", \"aggs\": [{\"schema\": \"metric\", \"type\": \"count\", \"enabled\": true, \"id\": \"1\", \"params\": {}}, {\"schema\": \"segment\", \"type\": \"geohash_grid\", \"enabled\": true, \"id\": \"2\", \"params\": {\"field\": \"source.geo.location\", \"autoPrecision\": true}}], \"params\": {\"heatNormalizeData\": true, \"wms\": {\"options\": {\"layers\": \"0\", \"transparent\": true, \"version\": \"1.3.0\", \"attribution\": \"Maps provided by USGS\", \"format\": \"image/png\", \"styles\": \"\"}, \"url\": \"https://basemap.nationalmap.gov/arcgis/services/USGSTopo/MapServer/WMSServer\", \"enabled\": false}, \"addTooltip\": true, \"heatMinOpacity\": 0.1, \"mapType\": \"Scaled Circle Markers\", \"mapCenter\": [15, 5], \"heatBlur\": 15, \"mapZoom\": 2, \"isDesaturated\": true, \"heatRadius\": 25, \"heatMaxZoom\": 16, \"legendPosition\": \"bottomright\"}}"
            },
            "id": "Nginx-Access-Map-ecs",
            "type": "visualization",
            "version": 1
        },
        {
            "attributes": {
                "description": "",
                "kibanaSavedObjectMeta": {
                    "searchSourceJSON": "{}"
                },
                "title": "Response codes over time [Filebeat Nginx] ECS",
                "uiStateJSON": "{}",
                "version": 1,
                "visState": "{\"type\": \"metrics\", \"title\": \"Response codes over time [Filebeat Nginx] ECS\", \"aggs\": [], \"params\": {\"filter\": \"event.module:nginx AND fileset.name:access\", \"type\": \"timeseries\", \"series\": [{\"fill\": 0.5, \"chart_type\": \"bar\", \"seperate_axis\": 0, \"formatter\": \"number\", \"axis_position\": \"right\", \"split_filters\": [{\"color\": \"#68BC00\", \"filter\": \"http.response.status_code:[200 TO 299]\", \"id\": \"5acdc750-a29d-11e7-a062-a1c3587f4874\", \"label\": \"200s\"}, {\"color\": \"rgba(252,196,0,1)\", \"filter\": \"http.response.status_code:[300 TO 399]\", \"id\": \"6efd2ae0-a29d-11e7-a062-a1c3587f4874\", \"label\": \"300s\"}, {\"color\": \"rgba(211,49,21,1)\", \"filter\": \"http.response.status_code:[400 TO 499]\", \"id\": \"76089a90-a29d-11e7-a062-a1c3587f4874\", \"label\": \"400s\"}, {\"color\": \"rgba(171,20,158,1)\", \"filter\": \"http.response.status_code:[500 TO 599]\", \"id\": \"7c7929d0-a29d-11e7-a062-a1c3587f4874\", \"label\": \"500s\"}], \"terms_field\": \"http.response.status_code\", \"color\": \"#68BC00\", \"stacked\": \"stacked\", \"metrics\": [{\"id\": \"61ca57f2-469d-11e7-af02-69e470af7417\", \"type\": \"count\"}], \"id\": \"61ca57f1-469d-11e7-af02-69e470af7417\", \"terms_order_by\": \"61ca57f2-469d-11e7-af02-69e470af7417\", \"split_mode\": \"filters\", \"point_size\": 1, \"line_width\": 1, \"label\": \"\"}], \"axis_formatter\": \"number\", \"time_field\": \"@timestamp\", \"interval\": \"auto\", \"id\": \"61ca57f0-469d-11e7-af02-69e470af7417\", \"index_pattern\": \"filebeat-*\", \"legend_position\": \"bottom\", \"show_grid\": 1, \"show_legend\": 1, \"axis_position\": \"left\"}}"
            },
            "id": "b70b1b20-a1f4-11e7-928f-5dbe6f6f5519-ecs",
            "type": "visualization",
            "version": 7
        },
        {
            "attributes": {
                "description": "",
                "kibanaSavedObjectMeta": {
                    "searchSourceJSON": "{}"
                },
                "title": "Top pages [Filebeat Nginx] ECS",
                "uiStateJSON": "{}",
                "version": 1,
                "visState": "{\"type\": \"metrics\", \"title\": \"Top pages [Filebeat Nginx] ECS\", \"aggs\": [], \"params\": {\"filter\": \"event.module:nginx AND fileset.name:access\", \"type\": \"top_n\", \"show_legend\": 1, \"axis_formatter\": \"number\", \"time_field\": \"@timestamp\", \"interval\": \"auto\", \"id\": \"61ca57f0-469d-11e7-af02-69e470af7417\", \"index_pattern\": \"filebeat-*\", \"bar_color_rules\": [{\"id\": \"6252c320-a1f5-11e7-92ba-5d0b8663aece\"}], \"show_grid\": 1, \"series\": [{\"fill\": 0.5, \"chart_type\": \"line\", \"seperate_axis\": 0, \"formatter\": \"number\", \"axis_position\": \"right\", \"color\": \"#68BC00\", \"value_template\": \"\", \"stacked\": \"none\", \"metrics\": [{\"id\": \"61ca57f2-469d-11e7-af02-69e470af7417\", \"type\": \"count\"}], \"id\": \"61ca57f1-469d-11e7-af02-69e470af7417\", \"terms_order_by\": \"61ca57f2-469d-11e7-af02-69e470af7417\", \"split_mode\": \"terms\", \"point_size\": 1, \"line_width\": 1, \"terms_field\": \"url.original\"}], \"axis_position\": \"left\"}}"
            },
            "id": "9184fa00-a1f5-11e7-928f-5dbe6f6f5519-ecs",
            "type": "visualization",
            "version": 3
        },
        {
            "attributes": {
                "description": "",
                "kibanaSavedObjectMeta": {
                    "searchSourceJSON": "{}"
                },
                "title": "Errors over time [Filebeat Nginx] ECS",
                "uiStateJSON": "{}",
                "version": 1,
                "visState": "{\"type\": \"metrics\", \"title\": \"Errors over time [Filebeat Nginx] ECS\", \"aggs\": [], \"params\": {\"filter\": \"event.module:nginx AND fileset.name:error\", \"type\": \"timeseries\", \"series\": [{\"fill\": 0.5, \"chart_type\": \"bar\", \"seperate_axis\": 0, \"formatter\": \"number\", \"axis_position\": \"right\", \"color\": \"rgba(211,49,21,1)\", \"stacked\": \"none\", \"metrics\": [{\"id\": \"61ca57f2-469d-11e7-af02-69e470af7417\", \"type\": \"count\"}], \"id\": \"61ca57f1-469d-11e7-af02-69e470af7417\", \"terms_order_by\": \"61ca57f2-469d-11e7-af02-69e470af7417\", \"split_mode\": \"terms\", \"point_size\": 1, \"line_width\": 1, \"terms_field\": \"log.level\"}], \"axis_formatter\": \"number\", \"time_field\": \"@timestamp\", \"interval\": \"auto\", \"id\": \"61ca57f0-469d-11e7-af02-69e470af7417\", \"index_pattern\": \"filebeat-*\", \"legend_position\": \"bottom\", \"show_grid\": 1, \"show_legend\": 1, \"axis_position\": \"left\"}}"
            },
            "id": "46322e50-a1f6-11e7-928f-5dbe6f6f5519-ecs",
            "type": "visualization",
            "version": 5
        },
        {
            "attributes": {
                "description": "",
                "kibanaSavedObjectMeta": {
                    "searchSourceJSON": "{}"
                },
                "title": "Data Volume [Filebeat Nginx] ECS",
                "uiStateJSON": "{}",
                "version": 1,
                "visState": "{\"type\": \"metrics\", \"title\": \"Data Volume [Filebeat Nginx] ECS\", \"aggs\": [], \"params\": {\"filter\": \"event.module: nginx AND fileset.name: access\", \"type\": \"timeseries\", \"series\": [{\"fill\": 0.5, \"chart_type\": \"line\", \"seperate_axis\": 0, \"formatter\": \"bytes\", \"axis_position\": \"right\", \"split_filters\": [{\"color\": \"#68BC00\", \"filter\": \"http.response.status_code:[200 TO 299]\", \"id\": \"7c343c20-a29e-11e7-a062-a1c3587f4874\", \"label\": \"200s\"}], \"terms_field\": null, \"color\": \"#68BC00\", \"stacked\": \"none\", \"metrics\": [{\"field\": \"http.response.body.bytes\", \"id\": \"61ca57f2-469d-11e7-af02-69e470af7417\", \"type\": \"sum\"}], \"id\": \"61ca57f1-469d-11e7-af02-69e470af7417\", \"split_mode\": \"everything\", \"point_size\": 1, \"line_width\": 1, \"label\": \"\"}], \"axis_formatter\": \"number\", \"time_field\": \"@timestamp\", \"interval\": \"auto\", \"id\": \"61ca57f0-469d-11e7-af02-69e470af7417\", \"index_pattern\": \"filebeat-*\", \"legend_position\": \"bottom\", \"show_grid\": 1, \"show_legend\": 1, \"axis_position\": \"left\"}}"
            },
            "id": "0dd6f320-a29f-11e7-928f-5dbe6f6f5519-ecs",
            "type": "visualization",
            "version": 2
        },
        {
            "attributes": {
                "description": "",
                "kibanaSavedObjectMeta": {
                    "searchSourceJSON": "{}"
                },
                "title": "Dashboards [Filebeat Nginx] ECS",
                "uiStateJSON": "{}",
                "version": 1,
                "visState": "{\"type\": \"markdown\", \"title\": \"Dashboards [Filebeat Nginx] ECS\", \"aggs\": [], \"params\": {\"fontSize\": 12, \"markdown\": \"[Nginx logs overview](#/dashboard/55a9e6e0-a29e-11e7-928f-5dbe6f6f5519-ecs) | [Nginx access and error logs](#/dashboard/046212a0-a2a1-11e7-928f-5dbe6f6f5519-ecs)\"}}"
            },
            "id": "97109780-a2a5-11e7-928f-5dbe6f6f5519-ecs",
            "type": "visualization",
            "version": 1
        },
        {
            "attributes": {
                "columns": [
                    "url.original",
                    "http.request.method",
                    "http.response.status_code",
                    "http.request.referrer",
                    "http.response.body.bytes"
                ],
                "description": "",
                "hits": 0,
                "kibanaSavedObjectMeta": {
                    "searchSourceJSON": "{\"highlight\": {\"fragment_size\": 2147483647, \"pre_tags\": [\"@kibana-highlighted-field@\"], \"fields\": {\"*\": {}}, \"require_field_match\": false, \"post_tags\": [\"@/kibana-highlighted-field@\"]}, \"filter\": [], \"highlightAll\": true, \"query\": {\"query\": \"event.module:nginx\", \"language\": \"kuery\"}, \"version\": true, \"index\": \"filebeat-*\"}"
                },
                "sort": [
                    "@timestamp",
                    "desc"
                ],
                "title": "Nginx logs [Filebeat Nginx] ECS",
                "version": 1
            },
            "id": "Filebeat-Nginx-module-ecs",
            "type": "search",
            "version": 2
        },
        {
            "attributes": {
                "description": "Dashboard for the Filebeat Nginx module",
                "hits": 0,
                "kibanaSavedObjectMeta": {
                    "searchSourceJSON": "{\"query\": {\"query\": \"\", \"language\": \"kuery\"}, \"filter\": [], \"highlightAll\": true, \"version\": true}"
                },
                "optionsJSON": "{\"darkTheme\": false}",
                "panelsJSON": "[{\"size_y\": 3, \"id\": \"Nginx-Access-Browsers-ecs\", \"type\": \"visualization\", \"size_x\": 3, \"panelIndex\": 3, \"col\": 10, \"row\": 12}, {\"size_y\": 3, \"id\": \"Nginx-Access-OSes-ecs\", \"type\": \"visualization\", \"size_x\": 3, \"panelIndex\": 4, \"col\": 7, \"row\": 12}, {\"size_y\": 4, \"id\": \"Nginx-Access-Map-ecs\", \"type\": \"visualization\", \"size_x\": 12, \"panelIndex\": 8, \"col\": 1, \"row\": 2}, {\"size_y\": 3, \"id\": \"b70b1b20-a1f4-11e7-928f-5dbe6f6f5519-ecs\", \"type\": \"visualization\", \"size_x\": 12, \"panelIndex\": 13, \"col\": 1, \"row\": 6}, {\"size_y\": 3, \"id\": \"9184fa00-a1f5-11e7-928f-5dbe6f6f5519-ecs\", \"type\": \"visualization\", \"size_x\": 6, \"panelIndex\": 14, \"col\": 7, \"row\": 9}, {\"size_y\": 3, \"id\": \"46322e50-a1f6-11e7-928f-5dbe6f6f5519-ecs\", \"type\": \"visualization\", \"size_x\": 6, \"panelIndex\": 15, \"col\": 1, \"row\": 9}, {\"size_y\": 3, \"id\": \"0dd6f320-a29f-11e7-928f-5dbe6f6f5519-ecs\", \"type\": \"visualization\", \"size_x\": 6, \"panelIndex\": 16, \"col\": 1, \"row\": 12}, {\"size_y\": 1, \"id\": \"97109780-a2a5-11e7-928f-5dbe6f6f5519-ecs\", \"type\": \"visualization\", \"size_x\": 12, \"panelIndex\": 17, \"col\": 1, \"row\": 1}]",
                "timeRestore": false,
                "title": "[Filebeat Nginx] Overview ECS",
                "uiStateJSON": "{\"P-8\": {\"mapBounds\": {\"top_left\": {\"lon\": -245.74218750000003, \"lat\": 77.07878389624943}, \"bottom_right\": {\"lon\": 245.39062500000003, \"lat\": -7.362466865535738}}, \"mapCollar\": {\"zoom\": 2, \"top_left\": {\"lon\": -180, \"lat\": 90}, \"bottom_right\": {\"lon\": 180, \"lat\": -49.583095}}, \"mapZoom\": 2, \"mapCenter\": [50.51342652633956, -0.17578125]}, \"P-4\": {\"vis\": {\"legendOpen\": true}}}",
                "version": 1
            },
            "id": "55a9e6e0-a29e-11e7-928f-5dbe6f6f5519-ecs",
            "type": "dashboard",
            "version": 6
        }
    ],
    "version": "6.0.0-beta2"
}