{
    "objects": [
        {
            "attributes": {
                "description": "",
                "kibanaSavedObjectMeta": {
                    "searchSourceJSON": "{\"query\": {\"query\": \"\", \"language\": \"kuery\"}, \"filter\": []}"
                },
                "savedSearchId": "c4e80aa0-1fd4-11e9-ae2a-939083c6a64e-ecs",
                "title": "Ubiquiti Firewall Event Timeline [Filebeat Iptables] ECS",
                "uiStateJSON": "{\"vis\": {\"colors\": {\"deny\": \"#E24D42\", \"allow\": \"#64B0C8\"}}}",
                "version": 1,
                "visState": "{\"type\": \"histogram\", \"title\": \"Ubiquiti Firewall Event Timeline [Filebeat Iptables] ECS\", \"aggs\": [{\"schema\": \"metric\", \"type\": \"count\", \"enabled\": true, \"id\": \"1\", \"params\": {}}, {\"schema\": \"segment\", \"type\": \"date_histogram\", \"enabled\": true, \"id\": \"2\", \"params\": {\"field\": \"@timestamp\", \"timeRange\": {\"to\": \"2019-01-24T15:47:52.785Z\", \"from\": \"2019-01-24T15:47:12.171Z\", \"mode\": \"absolute\"}, \"drop_partials\": false, \"time_zone\": \"Europe/Berlin\", \"customInterval\": \"2h\", \"useNormalizedEsInterval\": true, \"extended_bounds\": {}, \"interval\": \"auto\", \"min_doc_count\": 1}}, {\"schema\": \"group\", \"type\": \"terms\", \"enabled\": true, \"id\": \"3\", \"params\": {\"field\": \"event.outcome\", \"orderBy\": \"_key\", \"order\": \"desc\", \"missingBucket\": true, \"missingBucketLabel\": \"Missing\", \"otherBucket\": true, \"size\": 5, \"otherBucketLabel\": \"Other\"}}], \"params\": {\"valueAxes\": [{\"name\": \"LeftAxis-1\", \"id\": \"ValueAxis-1\", \"scale\": {\"mode\": \"normal\", \"type\": \"linear\"}, \"type\": \"value\", \"position\": \"left\", \"labels\": {\"show\": true, \"filter\": false, \"truncate\": 100, \"rotate\": 0}, \"show\": true, \"title\": {\"text\": \"Count\"}, \"style\": {}}], \"seriesParams\": [{\"data\": {\"id\": \"1\", \"label\": \"Count\"}, \"showCircles\": true, \"drawLinesBetweenPoints\": true, \"mode\": \"stacked\", \"type\": \"histogram\", \"valueAxis\": \"ValueAxis-1\", \"show\": \"true\"}], \"grid\": {\"categoryLines\": false, \"style\": {\"color\": \"#eee\"}}, \"legendPosition\": \"top\", \"addTooltip\": true, \"times\": [], \"categoryAxes\": [{\"id\": \"CategoryAxis-1\", \"scale\": {\"type\": \"linear\"}, \"type\": \"category\", \"position\": \"bottom\", \"labels\": {\"show\": true, \"truncate\": 100}, \"show\": true, \"title\": {}, \"style\": {}}], \"addLegend\": true, \"type\": \"histogram\", \"addTimeMarker\": false}}"
            },
            "id": "758b3620-1fda-11e9-ae2a-939083c6a64e-ecs",
            "type": "visualization",
            "updated_at": "2019-01-24T16:37:11.788Z",
            "version": 2
        },
        {
            "attributes": {
                "description": "",
                "kibanaSavedObjectMeta": {
                    "searchSourceJSON": "{\"query\": {\"query\": \"\", \"language\": \"kuery\"}, \"filter\": []}"
                },
                "savedSearchId": "9f7d97c0-1fe9-11e9-ae2a-939083c6a64e-ecs",
                "title": "Ubiquiti Firewall Top Blocked IPs [Filebeat Iptables] ECS",
                "uiStateJSON": "{\"vis\": {\"params\": {\"sort\": {\"columnIndex\": null, \"direction\": null}}}}",
                "version": 1,
                "visState": "{\"type\": \"table\", \"title\": \"Ubiquiti Firewall Top Blocked IPs [Filebeat Iptables] ECS\", \"aggs\": [{\"schema\": \"metric\", \"type\": \"count\", \"enabled\": true, \"id\": \"1\", \"params\": {}}, {\"schema\": \"bucket\", \"type\": \"terms\", \"enabled\": true, \"id\": \"2\", \"params\": {\"field\": \"source.ip\", \"orderBy\": \"1\", \"size\": 5, \"order\": \"desc\", \"missingBucket\": false, \"customLabel\": \"Source IP\", \"otherBucket\": false, \"missingBucketLabel\": \"Missing\", \"otherBucketLabel\": \"Other\"}}], \"params\": {\"totalFunc\": \"sum\", \"perPage\": 10, \"showMetricsAtAllLevels\": false, \"showTotal\": false, \"showPartialRows\": false, \"sort\": {\"columnIndex\": null, \"direction\": null}}}"
            },
            "id": "1ba82fd0-1ff0-11e9-ae2a-939083c6a64e-ecs",
            "type": "visualization",
            "updated_at": "2019-01-24T16:06:20.635Z",
            "version": 2
        },
        {
            "attributes": {
                "description": "",
                "kibanaSavedObjectMeta": {
                    "searchSourceJSON": "{\"query\": {\"query\": \"\", \"language\": \"kuery\"}, \"filter\": []}"
                },
                "savedSearchId": "7862cab0-1fdb-11e9-ae2a-939083c6a64e-ecs",
                "title": "Ubiquiti Firewall Allowed Traffic Map [Filebeat Iptables] ECS",
                "uiStateJSON": "{}",
                "version": 1,
                "visState": "{\"type\": \"tile_map\", \"title\": \"Ubiquiti Firewall Allowed Traffic Map [Filebeat Iptables] ECS\", \"aggs\": [{\"schema\": \"metric\", \"type\": \"count\", \"enabled\": true, \"id\": \"1\", \"params\": {}}, {\"schema\": \"segment\", \"type\": \"geohash_grid\", \"enabled\": true, \"id\": \"2\", \"params\": {\"field\": \"source.geo.location\", \"isFilteredByCollar\": true, \"mapZoom\": 2, \"precision\": 2, \"useGeocentroid\": true, \"autoPrecision\": true, \"mapCenter\": [0, 0]}}], \"params\": {\"heatClusterSize\": 1.5, \"isDesaturated\": true, \"colorSchema\": \"Yellow to Red\", \"legendPosition\": \"bottomright\", \"mapZoom\": 2, \"wms\": {\"options\": {\"format\": \"image/png\", \"transparent\": true}, \"selectedTmsLayer\": {\"maxZoom\": 18, \"origin\": \"elastic_maps_service\", \"minZoom\": 0, \"id\": \"road_map\", \"attribution\": \"<p>&#169; <a href=\\\"http://www.openstreetmap.org/copyright\\\">OpenStreetMap</a> contributors | <a href=\\\"https://www.elastic.co/elastic-maps-service\\\">Elastic Maps Service</a></p>&#10;\"}, \"enabled\": false}, \"addTooltip\": true, \"mapType\": \"Scaled Circle Markers\", \"mapCenter\": [0, 0]}}"
            },
            "id": "5bd53050-1fe9-11e9-ae2a-939083c6a64e-ecs",
            "type": "visualization",
            "updated_at": "2019-01-24T15:04:34.005Z",
            "version": 1
        },
        {
            "attributes": {
                "description": "",
                "kibanaSavedObjectMeta": {
                    "searchSourceJSON": "{\"query\": {\"query\": \"\", \"language\": \"kuery\"}, \"filter\": []}"
                },
                "savedSearchId": "9f7d97c0-1fe9-11e9-ae2a-939083c6a64e-ecs",
                "title": "Ubiquiti Firewall Blocked Traffic Map [Filebeat Iptables] ECS",
                "uiStateJSON": "{\"mapZoom\": 3, \"mapCenter\": [19.228176737766262, -22.851562500000004]}",
                "version": 1,
                "visState": "{\"type\": \"tile_map\", \"title\": \"Ubiquiti Firewall Blocked Traffic Map [Filebeat Iptables] ECS\", \"aggs\": [{\"schema\": \"metric\", \"type\": \"count\", \"enabled\": true, \"id\": \"1\", \"params\": {}}, {\"schema\": \"segment\", \"type\": \"geohash_grid\", \"enabled\": true, \"id\": \"2\", \"params\": {\"field\": \"source.geo.location\", \"isFilteredByCollar\": true, \"mapZoom\": 2, \"precision\": 2, \"useGeocentroid\": true, \"autoPrecision\": true, \"mapCenter\": [0, 0]}}], \"params\": {\"heatClusterSize\": 1.5, \"isDesaturated\": true, \"colorSchema\": \"Yellow to Red\", \"legendPosition\": \"bottomright\", \"mapZoom\": 2, \"wms\": {\"options\": {\"format\": \"image/png\", \"transparent\": true}, \"selectedTmsLayer\": {\"maxZoom\": 18, \"origin\": \"elastic_maps_service\", \"minZoom\": 0, \"id\": \"road_map\", \"attribution\": \"<p>&#169; <a href=\\\"http://www.openstreetmap.org/copyright\\\">OpenStreetMap</a> contributors | <a href=\\\"https://www.elastic.co/elastic-maps-service\\\">Elastic Maps Service</a></p>&#10;\"}, \"enabled\": false}, \"addTooltip\": true, \"mapType\": \"Scaled Circle Markers\", \"mapCenter\": [0, 0]}}"
            },
            "id": "8853aa20-1fef-11e9-ae2a-939083c6a64e-ecs",
            "type": "visualization",
            "updated_at": "2019-01-24T15:50:31.689Z",
            "version": 2
        },
        {
            "attributes": {
                "description": "",
                "kibanaSavedObjectMeta": {
                    "searchSourceJSON": "{\"query\": {\"query\": \"\", \"language\": \"kuery\"}, \"filter\": []}"
                },
                "savedSearchId": "c4e80aa0-1fd4-11e9-ae2a-939083c6a64e-ecs",
                "title": "Ubiquiti Firewall Traffic Breakdown [Filebeat Iptables] ECS",
                "uiStateJSON": "{\"vis\": {\"colors\": {\"ipv6-icmp\": \"#EA6460\", \"icmp\": \"#F29191\", \"tcp\": \"#447EBC\", \"ipv4\": \"#65C5DB\", \"deny\": \"#E24D42\", \"udp\": \"#F2C96D\", \"ipv6\": \"#D683CE\"}}}",
                "version": 1,
                "visState": "{\"type\": \"pie\", \"title\": \"Ubiquiti Firewall Traffic Breakdown [Filebeat Iptables] ECS\", \"aggs\": [{\"schema\": \"metric\", \"type\": \"count\", \"enabled\": true, \"id\": \"1\", \"params\": {}}, {\"schema\": \"segment\", \"type\": \"terms\", \"enabled\": true, \"id\": \"2\", \"params\": {\"field\": \"event.outcome\", \"orderBy\": \"1\", \"order\": \"desc\", \"missingBucket\": true, \"missingBucketLabel\": \"Missing\", \"otherBucket\": true, \"size\": 5, \"otherBucketLabel\": \"Other\"}}, {\"schema\": \"segment\", \"type\": \"terms\", \"enabled\": true, \"id\": \"3\", \"params\": {\"field\": \"network.type\", \"orderBy\": \"1\", \"order\": \"desc\", \"missingBucket\": true, \"missingBucketLabel\": \"Missing\", \"otherBucket\": true, \"size\": 5, \"otherBucketLabel\": \"Other\"}}, {\"schema\": \"segment\", \"type\": \"terms\", \"enabled\": true, \"id\": \"4\", \"params\": {\"field\": \"network.transport\", \"orderBy\": \"1\", \"order\": \"desc\", \"missingBucket\": true, \"missingBucketLabel\": \"Missing\", \"otherBucket\": true, \"size\": 5, \"otherBucketLabel\": \"Other\"}}], \"params\": {\"isDonut\": true, \"legendPosition\": \"top\", \"type\": \"pie\", \"addTooltip\": true, \"labels\": {\"last_level\": false, \"show\": true, \"values\": false, \"truncate\": 100}, \"addLegend\": true}}"
            },
            "id": "fdea1ad0-1ff4-11e9-ae2a-939083c6a64e-ecs",
            "type": "visualization",
            "updated_at": "2019-01-24T16:27:50.397Z",
            "version": 1
        },
        {
            "attributes": {
                "columns": [
                    "_source"
                ],
                "description": "",
                "hits": 0,
                "kibanaSavedObjectMeta": {
                    "searchSourceJSON": "{\"version\": true, \"query\": {\"query\": \"iptables.ubiquiti.rule_set :*\", \"language\": \"kuery\"}, \"filter\": [], \"highlightAll\": true, \"index\": \"filebeat-*\"}"
                },
                "sort": [
                    "@timestamp",
                    "desc"
                ],
                "title": "Ubiquiti Firewall Events [Filebeat Iptables] ECS",
                "version": 1
            },
            "id": "c4e80aa0-1fd4-11e9-ae2a-939083c6a64e-ecs",
            "type": "search",
            "updated_at": "2019-01-24T12:37:10.858Z",
            "version": 1
        },
        {
            "attributes": {
                "description": "",
                "kibanaSavedObjectMeta": {
                    "searchSourceJSON": "{\"query\": {\"query\": \"\", \"language\": \"kuery\"}, \"filter\": []}"
                },
                "savedSearchId": "c4e80aa0-1fd4-11e9-ae2a-939083c6a64e-ecs",
                "title": "Ubiquiti Firewall Traffic by Port [Filebeat Iptables] ECS",
                "uiStateJSON": "{\"vis\": {\"params\": {\"sort\": {\"columnIndex\": null, \"direction\": null}}}}",
                "version": 1,
                "visState": "{\"type\": \"table\", \"title\": \"Ubiquiti Firewall Traffic by Port [Filebeat Iptables] ECS\", \"aggs\": [{\"schema\": \"metric\", \"type\": \"count\", \"enabled\": true, \"id\": \"1\", \"params\": {}}, {\"schema\": \"split\", \"type\": \"terms\", \"enabled\": true, \"id\": \"2\", \"params\": {\"field\": \"event.outcome\", \"orderBy\": \"1\", \"size\": 5, \"order\": \"desc\", \"missingBucket\": false, \"customLabel\": \"event.outcome\", \"otherBucket\": false, \"missingBucketLabel\": \"Missing\", \"otherBucketLabel\": \"Other\", \"row\": false}}, {\"schema\": \"bucket\", \"type\": \"terms\", \"enabled\": true, \"id\": \"3\", \"params\": {\"field\": \"destination.port\", \"orderBy\": \"1\", \"size\": 5, \"order\": \"desc\", \"missingBucket\": false, \"customLabel\": \"Destination port\", \"otherBucket\": false, \"missingBucketLabel\": \"Missing\", \"otherBucketLabel\": \"Other\"}}], \"params\": {\"totalFunc\": \"sum\", \"perPage\": 10, \"showMetricsAtAllLevels\": false, \"showTotal\": false, \"showPartialRows\": false, \"sort\": {\"columnIndex\": null, \"direction\": null}}}"
            },
            "id": "190bcb50-1ff6-11e9-ae2a-939083c6a64e-ecs",
            "type": "visualization",
            "updated_at": "2019-01-24T16:35:45.413Z",
            "version": 1
        },
        {
            "attributes": {
                "columns": [
                    "_source"
                ],
                "description": "",
                "hits": 0,
                "kibanaSavedObjectMeta": {
                    "searchSourceJSON": "{\"version\": true, \"query\": {\"query\": \"iptables.ubiquiti.rule_set :* and event.outcome : \\\"deny\\\"\", \"language\": \"kuery\"}, \"filter\": [], \"highlightAll\": true, \"index\": \"filebeat-*\"}"
                },
                "sort": [
                    "@timestamp",
                    "desc"
                ],
                "title": "Ubiquiti Firewall Blocked Events [Filebeat Iptables] ECS",
                "version": 1
            },
            "id": "9f7d97c0-1fe9-11e9-ae2a-939083c6a64e-ecs",
            "type": "search",
            "updated_at": "2019-01-24T15:35:33.942Z",
            "version": 2
        },
        {
            "attributes": {
                "columns": [
                    "_source"
                ],
                "description": "",
                "hits": 0,
                "kibanaSavedObjectMeta": {
                    "searchSourceJSON": "{\"version\": true, \"query\": {\"query\": \"iptables.ubiquiti.rule_set :* and event.outcome : \\\"allow\\\"\", \"language\": \"kuery\"}, \"filter\": [], \"highlightAll\": true, \"index\": \"filebeat-*\"}"
                },
                "sort": [
                    "@timestamp",
                    "desc"
                ],
                "title": "Ubiquiti Firewall Allowed Events [Filebeat Iptables] ECS",
                "version": 1
            },
            "id": "7862cab0-1fdb-11e9-ae2a-939083c6a64e-ecs",
            "type": "search",
            "updated_at": "2019-01-24T15:04:12.010Z",
            "version": 3
        },
        {
            "attributes": {
                "description": "Overview of the Ubiquiti Firewall iptables events dashboard.",
                "hits": 0,
                "kibanaSavedObjectMeta": {
                    "searchSourceJSON": "{\"query\": {\"query\": \"\", \"language\": \"kuery\"}, \"filter\": []}"
                },
                "optionsJSON": "{\"darkTheme\": false, \"useMargins\": true, \"hidePanelTitles\": false}",
                "panelsJSON": "[{\"id\": \"758b3620-1fda-11e9-ae2a-939083c6a64e-ecs\", \"gridData\": {\"w\": 33, \"i\": \"1\", \"h\": 15, \"y\": 0, \"x\": 0}, \"type\": \"visualization\", \"panelIndex\": \"1\", \"title\": \"Event Timeline\", \"embeddableConfig\": {\"vis\": {\"legendOpen\": true, \"colors\": {\"deny\": \"#E24D42\", \"allow\": \"#64B0C8\"}}}, \"version\": \"6.6.0\"}, {\"id\": \"1ba82fd0-1ff0-11e9-ae2a-939083c6a64e-ecs\", \"gridData\": {\"w\": 15, \"i\": \"2\", \"h\": 15, \"y\": 0, \"x\": 33}, \"type\": \"visualization\", \"panelIndex\": \"2\", \"title\": \"Top Blocked by source IP\", \"embeddableConfig\": {}, \"version\": \"6.6.0\"}, {\"id\": \"5bd53050-1fe9-11e9-ae2a-939083c6a64e-ecs\", \"gridData\": {\"w\": 24, \"i\": \"3\", \"h\": 15, \"y\": 15, \"x\": 0}, \"type\": \"visualization\", \"panelIndex\": \"3\", \"title\": \"Allowed Traffic Map\", \"embeddableConfig\": {\"mapZoom\": 2, \"mapCenter\": [39.095962936305476, -22.148437500000004]}, \"version\": \"6.6.0\"}, {\"id\": \"8853aa20-1fef-11e9-ae2a-939083c6a64e-ecs\", \"gridData\": {\"w\": 24, \"i\": \"4\", \"h\": 15, \"y\": 15, \"x\": 24}, \"type\": \"visualization\", \"panelIndex\": \"4\", \"title\": \"Blocked Traffic Map\", \"embeddableConfig\": {\"mapZoom\": 2, \"mapCenter\": [46.31658418182218, -34.10156250000001]}, \"version\": \"6.6.0\"}, {\"id\": \"fdea1ad0-1ff4-11e9-ae2a-939083c6a64e-ecs\", \"gridData\": {\"w\": 24, \"i\": \"5\", \"h\": 18, \"y\": 30, \"x\": 0}, \"type\": \"visualization\", \"panelIndex\": \"5\", \"title\": \"Traffic Breakdown by Protocol\", \"embeddableConfig\": {\"vis\": {\"colors\": {\"ipv6-icmp\": \"#EA6460\", \"icmp\": \"#F29191\", \"tcp\": \"#447EBC\", \"allow\": \"#7EB26D\", \"deny\": \"#E24D42\", \"udp\": \"#F2C96D\", \"ipv6\": \"#D683CE\", \"ipv4\": \"#65C5DB\"}}}, \"version\": \"6.6.0\"}, {\"id\": \"c4e80aa0-1fd4-11e9-ae2a-939083c6a64e-ecs\", \"gridData\": {\"w\": 48, \"i\": \"6\", \"h\": 27, \"y\": 48, \"x\": 0}, \"type\": \"search\", \"panelIndex\": \"6\", \"title\": \"Event View\", \"embeddableConfig\": {}, \"version\": \"6.6.0\"}, {\"id\": \"190bcb50-1ff6-11e9-ae2a-939083c6a64e-ecs\", \"gridData\": {\"w\": 24, \"i\": \"7\", \"h\": 18, \"y\": 30, \"x\": 24}, \"type\": \"visualization\", \"panelIndex\": \"7\", \"title\": \"Traffic Breakdown by Port\", \"embeddableConfig\": {}, \"version\": \"6.6.0\"}]",
                "timeRestore": false,
                "title": "[Filebeat Iptables] Ubiquiti Firewall Overview ECS",
                "version": 1
            },
            "id": "d39f0980-1ff3-11e9-ae2a-939083c6a64e-ecs",
            "type": "dashboard",
            "updated_at": "2019-01-24T16:38:35.174Z",
            "version": 4
        }
    ],
    "version": "6.6.0"
}