{
    "objects": [
        {
            "attributes": {
                "description": "Operating system activity from endpoints.",
                "hits": 0,
                "kibanaSavedObjectMeta": {
                    "searchSourceJSON": "{\"query\": {\"query\": \"*\", \"language\": \"lucene\"}, \"filter\": [], \"highlightAll\": true, \"version\": true}"
                },
                "optionsJSON": "{\"darkTheme\": false}",
                "panelsJSON": "[{\"panelIndex\": \"3\", \"panelRefName\": \"panel_0\", \"embeddableConfig\": {\"vis\": {\"legendOpen\": true, \"colors\": {\"Destination User Names\": \"#E24D42\", \"Event Types\": \"#EF843C\", \"Count\": \"#64B0C8\"}}}, \"gridData\": {\"w\": 24, \"i\": \"3\", \"h\": 12, \"y\": 28, \"x\": 0}, \"version\": \"7.3.0\"}, {\"panelIndex\": \"4\", \"panelRefName\": \"panel_1\", \"embeddableConfig\": {\"vis\": {\"defaultColors\": {\"0 - 100\": \"rgb(0,104,55)\"}}}, \"gridData\": {\"w\": 40, \"i\": \"4\", \"h\": 8, \"y\": 4, \"x\": 0}, \"version\": \"7.3.0\"}, {\"panelIndex\": \"5\", \"panelRefName\": \"panel_2\", \"embeddableConfig\": {\"vis\": {\"legendOpen\": false, \"defaultColors\": {\"110k - 165k\": \"rgb(254,225,135)\", \"275k - 330k\": \"rgb(253,141,60)\", \"220k - 275k\": \"rgb(254,171,73)\", \"0 - 55k\": \"rgb(255,255,204)\", \"440k - 495k\": \"rgb(212,16,32)\", \"330k - 385k\": \"rgb(252,91,46)\", \"165k - 220k\": \"rgb(254,201,101)\", \"55k - 110k\": \"rgb(255,241,170)\", \"495k - 550k\": \"rgb(176,0,38)\", \"385k - 440k\": \"rgb(237,47,34)\"}}}, \"gridData\": {\"w\": 24, \"i\": \"5\", \"h\": 12, \"y\": 28, \"x\": 24}, \"version\": \"7.3.0\"}, {\"panelIndex\": \"7\", \"panelRefName\": \"panel_3\", \"embeddableConfig\": {}, \"gridData\": {\"w\": 48, \"i\": \"7\", \"h\": 8, \"y\": 20, \"x\": 0}, \"version\": \"7.3.0\"}, {\"panelIndex\": \"8\", \"panelRefName\": \"panel_4\", \"embeddableConfig\": {\"vis\": {\"colors\": {\"/Success\": \"#7EB26D\", \"/Attempt\": \"#447EBC\", \"/Failure\": \"#E24D42\"}}}, \"gridData\": {\"w\": 24, \"i\": \"8\", \"h\": 12, \"y\": 52, \"x\": 24}, \"version\": \"7.3.0\"}, {\"panelIndex\": \"9\", \"panelRefName\": \"panel_5\", \"embeddableConfig\": {\"vis\": {\"params\": {\"sort\": {\"columnIndex\": null, \"direction\": null}}}}, \"gridData\": {\"w\": 24, \"i\": \"9\", \"h\": 24, \"y\": 40, \"x\": 0}, \"version\": \"7.3.0\"}, {\"panelIndex\": \"10\", \"panelRefName\": \"panel_6\", \"embeddableConfig\": {}, \"gridData\": {\"w\": 24, \"i\": \"10\", \"h\": 12, \"y\": 40, \"x\": 24}, \"version\": \"7.3.0\"}, {\"panelIndex\": \"11\", \"panelRefName\": \"panel_7\", \"embeddableConfig\": {}, \"gridData\": {\"w\": 48, \"i\": \"11\", \"h\": 4, \"y\": 0, \"x\": 0}, \"version\": \"7.3.0\"}, {\"panelIndex\": \"12\", \"panelRefName\": \"panel_8\", \"embeddableConfig\": {}, \"gridData\": {\"w\": 8, \"i\": \"12\", \"h\": 8, \"y\": 4, \"x\": 40}, \"version\": \"7.3.0\"}, {\"panelIndex\": \"13\", \"panelRefName\": \"panel_9\", \"embeddableConfig\": {\"vis\": {\"colors\": {\"Event Count\": \"#64B0C8\", \"Destination Users\": \"#E24D42\"}}}, \"gridData\": {\"w\": 48, \"i\": \"13\", \"h\": 8, \"y\": 12, \"x\": 0}, \"version\": \"7.3.0\"}, {\"panelIndex\": \"14\", \"panelRefName\": \"panel_10\", \"embeddableConfig\": {\"vis\": {\"legendOpen\": false}}, \"gridData\": {\"w\": 16, \"i\": \"14\", \"h\": 20, \"y\": 64, \"x\": 32}, \"version\": \"7.3.0\"}, {\"panelIndex\": \"15\", \"panelRefName\": \"panel_11\", \"embeddableConfig\": {\"vis\": {\"legendOpen\": false}}, \"gridData\": {\"w\": 16, \"i\": \"15\", \"h\": 24, \"y\": 84, \"x\": 32}, \"version\": \"7.3.0\"}, {\"panelIndex\": \"16\", \"panelRefName\": \"panel_12\", \"embeddableConfig\": {}, \"gridData\": {\"w\": 32, \"i\": \"16\", \"h\": 12, \"y\": 80, \"x\": 0}, \"version\": \"7.3.0\"}, {\"panelIndex\": \"17\", \"panelRefName\": \"panel_13\", \"embeddableConfig\": {}, \"gridData\": {\"w\": 32, \"i\": \"17\", \"h\": 8, \"y\": 100, \"x\": 0}, \"version\": \"7.3.0\"}, {\"panelIndex\": \"18\", \"panelRefName\": \"panel_14\", \"embeddableConfig\": {}, \"gridData\": {\"w\": 32, \"i\": \"18\", \"h\": 16, \"y\": 64, \"x\": 0}, \"version\": \"7.3.0\"}, {\"panelIndex\": \"19\", \"panelRefName\": \"panel_15\", \"embeddableConfig\": {}, \"gridData\": {\"w\": 32, \"i\": \"19\", \"h\": 8, \"y\": 92, \"x\": 0}, \"version\": \"7.3.0\"}]",
                "refreshInterval": {
                    "display": "Off",
                    "pause": false,
                    "value": 0
                },
                "timeFrom": "now-24h",
                "timeRestore": true,
                "timeTo": "now",
                "title": "[Filebeat CEF] Endpoint OS Activity Dashboard",
                "version": 1
            },
            "id": "9e352900-89c3-4c1b-863e-249e24d0dac9",
            "migrationVersion": {
                "dashboard": "7.3.0"
            },
            "references": [
                {
                    "id": "59ad829b-12b8-4256-95a5-e7078eda628b",
                    "name": "panel_0",
                    "type": "visualization"
                },
                {
                    "id": "158d809a-89db-4ffa-88a1-eb5c4bf58d50",
                    "name": "panel_1",
                    "type": "visualization"
                },
                {
                    "id": "77ee0e91-010b-4897-b483-7e9a907d2afe",
                    "name": "panel_2",
                    "type": "visualization"
                },
                {
                    "id": "0f4028b2-3dc2-4cb6-80d8-285c847a02a1",
                    "name": "panel_3",
                    "type": "visualization"
                },
                {
                    "id": "e06d85f2-2da4-41e2-b2ab-f685b64bb3f9",
                    "name": "panel_4",
                    "type": "visualization"
                },
                {
                    "id": "2726382e-638a-4dcc-94fc-0ffdc0f92048",
                    "name": "panel_5",
                    "type": "visualization"
                },
                {
                    "id": "92aecea0-a632-4a55-bb56-50e4cdaca036",
                    "name": "panel_6",
                    "type": "visualization"
                },
                {
                    "id": "677891a1-90c4-4273-b126-f0e54689bd76",
                    "name": "panel_7",
                    "type": "visualization"
                },
                {
                    "id": "76c088c3-486e-4420-8840-5ede667edffe",
                    "name": "panel_8",
                    "type": "visualization"
                },
                {
                    "id": "5f187dc8-aa7e-4f91-a2d8-1186ce254d00",
                    "name": "panel_9",
                    "type": "visualization"
                },
                {
                    "id": "316fdc75-7215-4c6b-8e1b-70a097b34e28",
                    "name": "panel_10",
                    "type": "visualization"
                },
                {
                    "id": "6437e9bb-9ed1-4e2d-bb10-e63ccd35c409",
                    "name": "panel_11",
                    "type": "visualization"
                },
                {
                    "id": "4a7c10c7-4abd-47b4-b4c3-dee33377fbdf",
                    "name": "panel_12",
                    "type": "visualization"
                },
                {
                    "id": "acc915fe-b971-4795-9040-3fbfdf62abe1",
                    "name": "panel_13",
                    "type": "visualization"
                },
                {
                    "id": "4e25b5ce-53c3-46fc-b5e5-71d3c52f1956",
                    "name": "panel_14",
                    "type": "visualization"
                },
                {
                    "id": "8cd00d20-957d-4663-be4d-ea80b1609586",
                    "name": "panel_15",
                    "type": "visualization"
                }
            ],
            "type": "dashboard",
            "updated_at": "2019-10-25T16:30:02.301Z",
            "version": "WzEyNTksMV0="
        },
        {
            "attributes": {
                "description": "",
                "kibanaSavedObjectMeta": {
                    "searchSourceJSON": "{\"filter\": []}"
                },
                "savedSearchRefName": "search_0",
                "title": "Source Users by Event Type and Destination Users [Filebeat CEF]",
                "uiStateJSON": "{}",
                "version": 1,
                "visState": "{\"listeners\": {}, \"type\": \"histogram\", \"title\": \"Source Users by Event Type and Destination Users [Filebeat CEF]\", \"aggs\": [{\"schema\": \"metric\", \"type\": \"count\", \"enabled\": true, \"id\": \"1\", \"params\": {}}, {\"schema\": \"segment\", \"type\": \"terms\", \"enabled\": true, \"id\": \"2\", \"params\": {\"field\": \"source.user.name\", \"customLabel\": \"Source Users\", \"size\": 20, \"order\": \"desc\", \"orderBy\": \"1\"}}, {\"schema\": \"metric\", \"type\": \"cardinality\", \"enabled\": true, \"id\": \"3\", \"params\": {\"field\": \"cef.extensions.categoryBehavior\", \"customLabel\": \"Event Types\"}}, {\"schema\": \"metric\", \"type\": \"cardinality\", \"enabled\": true, \"id\": \"4\", \"params\": {\"field\": \"destination.user.name\", \"customLabel\": \"Destination User Names\"}}], \"params\": {\"interpolate\": \"linear\", \"defaultYExtents\": false, \"seriesParams\": [{\"data\": {\"id\": \"1\", \"label\": \"Count\"}, \"showCircles\": true, \"drawLinesBetweenPoints\": true, \"mode\": \"stacked\", \"type\": \"histogram\", \"valueAxis\": \"ValueAxis-1\", \"show\": \"true\"}, {\"data\": {\"id\": \"3\", \"label\": \"Event Types\"}, \"interpolate\": \"linear\", \"showCircles\": true, \"drawLinesBetweenPoints\": true, \"mode\": \"stacked\", \"type\": \"line\", \"valueAxis\": \"ValueAxis-2\", \"lineWidth\": 2, \"show\": true}, {\"data\": {\"id\": \"4\", \"label\": \"Destination User Names\"}, \"interpolate\": \"linear\", \"showCircles\": true, \"drawLinesBetweenPoints\": true, \"mode\": \"stacked\", \"type\": \"line\", \"valueAxis\": \"ValueAxis-2\", \"lineWidth\": 2, \"show\": true}], \"legendPosition\": \"right\", \"drawLinesBetweenPoints\": true, \"addTooltip\": true, \"times\": [], \"categoryAxes\": [{\"id\": \"CategoryAxis-1\", \"scale\": {\"type\": \"linear\"}, \"type\": \"category\", \"position\": \"bottom\", \"labels\": {\"show\": true, \"truncate\": 100}, \"show\": true, \"title\": {\"text\": \"Source Users\"}, \"style\": {}}], \"radiusRatio\": 9, \"addLegend\": true, \"showCircles\": true, \"valueAxes\": [{\"name\": \"LeftAxis-1\", \"id\": \"ValueAxis-1\", \"scale\": {\"mode\": \"normal\", \"type\": \"square root\"}, \"type\": \"value\", \"position\": \"left\", \"labels\": {\"show\": true, \"filter\": false, \"truncate\": 100, \"rotate\": 0}, \"show\": true, \"title\": {\"text\": \"Count\"}, \"style\": {}}, {\"name\": \"RightAxis-1\", \"id\": \"ValueAxis-2\", \"scale\": {\"mode\": \"normal\", \"type\": \"square root\"}, \"type\": \"value\", \"position\": \"right\", \"labels\": {\"show\": true, \"filter\": false, \"truncate\": 100, \"rotate\": 0}, \"show\": true, \"title\": {\"text\": \"\"}, \"style\": {}}], \"addTimeMarker\": false, \"grid\": {\"categoryLines\": false, \"style\": {\"color\": \"#eee\"}}, \"scale\": \"linear\", \"setYExtents\": false}}"
            },
            "id": "59ad829b-12b8-4256-95a5-e7078eda628b",
            "migrationVersion": {
                "visualization": "7.3.1"
            },
            "references": [
                {
                    "id": "e6cf2383-71f4-4db1-a791-1a7d4f110194",
                    "name": "search_0",
                    "type": "search"
                }
            ],
            "type": "visualization",
            "updated_at": "2019-10-25T16:30:02.301Z",
            "version": "WzEyNjAsMV0="
        },
        {
            "attributes": {
                "description": "",
                "kibanaSavedObjectMeta": {
                    "searchSourceJSON": "{\"filter\": []}"
                },
                "savedSearchRefName": "search_0",
                "title": "Endpoint OS Metrics Overview [Filebeat CEF]",
                "uiStateJSON": "{\"vis\": {\"defaultColors\": {\"0 - 100\": \"rgb(0,104,55)\"}}}",
                "version": 1,
                "visState": "{\"listeners\": {}, \"type\": \"metric\", \"title\": \"Endpoint OS Metrics Overview [Filebeat CEF]\", \"aggs\": [{\"schema\": \"metric\", \"type\": \"count\", \"enabled\": true, \"id\": \"1\", \"params\": {\"customLabel\": \"Total Events\"}}, {\"schema\": \"metric\", \"type\": \"cardinality\", \"enabled\": true, \"id\": \"6\", \"params\": {\"field\": \"observer.hostname\", \"customLabel\": \"Devices\"}}, {\"schema\": \"metric\", \"type\": \"cardinality\", \"enabled\": true, \"id\": \"7\", \"params\": {\"field\": \"cef.extensions.categoryBehavior\", \"customLabel\": \"Event Types\"}}, {\"schema\": \"metric\", \"type\": \"cardinality\", \"enabled\": true, \"id\": \"8\", \"params\": {\"field\": \"cef.extensions.categoryOutcome\", \"customLabel\": \"Event Outcomes\"}}], \"params\": {\"gauge\": {\"style\": {\"fontSize\": \"20\", \"bgFill\": \"#000\", \"bgColor\": false, \"labelColor\": false, \"subText\": \"\"}, \"colorSchema\": \"Green to Red\", \"autoExtend\": false, \"gaugeType\": \"Metric\", \"backStyle\": \"Full\", \"type\": \"simple\", \"gaugeColorMode\": \"None\", \"gaugeStyle\": \"Full\", \"percentageMode\": false, \"colorsRange\": [{\"to\": 100, \"from\": 0}], \"scale\": {\"color\": \"#333\", \"labels\": false, \"show\": false, \"width\": 2}, \"labels\": {\"color\": \"black\", \"show\": true}, \"verticalSplit\": false, \"orientation\": \"vertical\", \"useRange\": false, \"invertColors\": false}, \"type\": \"gauge\", \"addTooltip\": true, \"handleNoResults\": true, \"fontSize\": \"30\", \"addLegend\": false}}"
            },
            "id": "158d809a-89db-4ffa-88a1-eb5c4bf58d50",
            "migrationVersion": {
                "visualization": "7.3.1"
            },
            "references": [
                {
                    "id": "e6cf2383-71f4-4db1-a791-1a7d4f110194",
                    "name": "search_0",
                    "type": "search"
                }
            ],
            "type": "visualization",
            "updated_at": "2019-10-25T16:30:02.301Z",
            "version": "WzEyNjEsMV0="
        },
        {
            "attributes": {
                "description": "",
                "kibanaSavedObjectMeta": {
                    "searchSourceJSON": "{\"filter\": []}"
                },
                "savedSearchRefName": "search_0",
                "title": "Top 10 Behaviors by Outcome [Filebeat CEF]",
                "uiStateJSON": "{\"vis\": {\"defaultColors\": {\"72,000 - 81,000\": \"rgb(212,16,32)\", \"81,000 - 90,000\": \"rgb(176,0,38)\", \"27,000 - 36,000\": \"rgb(254,201,101)\", \"63,000 - 72,000\": \"rgb(237,47,34)\", \"54,000 - 63,000\": \"rgb(252,91,46)\", \"45,000 - 54,000\": \"rgb(253,141,60)\", \"9,000 - 18,000\": \"rgb(255,241,170)\", \"0 - 9,000\": \"rgb(255,255,204)\", \"18,000 - 27,000\": \"rgb(254,225,135)\", \"36,000 - 45,000\": \"rgb(254,171,73)\"}}}",
                "version": 1,
                "visState": "{\"listeners\": {}, \"type\": \"heatmap\", \"title\": \"Top 10 Behaviors by Outcome [Filebeat CEF]\", \"aggs\": [{\"schema\": \"metric\", \"type\": \"count\", \"enabled\": true, \"id\": \"1\", \"params\": {}}, {\"schema\": \"segment\", \"type\": \"terms\", \"enabled\": true, \"id\": \"2\", \"params\": {\"field\": \"cef.extensions.categoryBehavior\", \"customLabel\": \"Event Type\", \"size\": 10, \"order\": \"desc\", \"orderBy\": \"1\"}}, {\"schema\": \"group\", \"type\": \"terms\", \"enabled\": true, \"id\": \"3\", \"params\": {\"field\": \"cef.extensions.categoryOutcome\", \"customLabel\": \"Event Outcome\", \"size\": 5, \"order\": \"desc\", \"orderBy\": \"1\"}}], \"params\": {\"colorsNumber\": 10, \"colorSchema\": \"Yellow to Red\", \"legendPosition\": \"right\", \"addTooltip\": true, \"times\": [], \"addLegend\": true, \"valueAxes\": [{\"labels\": {\"color\": \"#555\", \"show\": false, \"rotate\": 0}, \"show\": false, \"scale\": {\"defaultYExtents\": false, \"type\": \"linear\"}, \"id\": \"ValueAxis-1\", \"type\": \"value\"}], \"enableHover\": true, \"colorsRange\": [], \"percentageMode\": false, \"setColorRange\": false, \"invertColors\": false}}"
            },
            "id": "77ee0e91-010b-4897-b483-7e9a907d2afe",
            "migrationVersion": {
                "visualization": "7.3.1"
            },
            "references": [
                {
                    "id": "e6cf2383-71f4-4db1-a791-1a7d4f110194",
                    "name": "search_0",
                    "type": "search"
                }
            ],
            "type": "visualization",
            "updated_at": "2019-10-25T16:30:02.301Z",
            "version": "WzEyNjIsMV0="
        },
        {
            "attributes": {
                "description": "",
                "kibanaSavedObjectMeta": {
                    "searchSourceJSON": "{\"query\": {\"query_string\": {\"query\": \"*\"}}, \"filter\": []}"
                },
                "title": "Events by Outcomes [Filebeat CEF]",
                "uiStateJSON": "{}",
                "version": 1,
                "visState": "{\"listeners\": {}, \"type\": \"metrics\", \"title\": \"Events by Outcomes [Filebeat CEF]\", \"aggs\": [], \"params\": {\"filter\": {\"query\": \"cef.extensions.categoryDeviceGroup:\\\"/Operating System\\\"\", \"language\": \"lucene\"}, \"id\": \"74716d29-91c6-4095-bc7d-7f6700f12b1f\", \"index_pattern\": \"filebeat-*\", \"show_legend\": 1, \"series\": [{\"fill\": \"0\", \"chart_type\": \"line\", \"seperate_axis\": 1, \"formatter\": \"number\", \"axis_position\": \"right\", \"split_filters\": [{\"color\": \"rgba(244,78,59,1)\", \"filter\": \"cef.extensions.categoryOutcome:\\\"/Failure\\\"\", \"id\": \"94371b84-a7aa-4824-b4d1-217ecbe725a5\", \"label\": \"Failure\"}, {\"color\": \"rgba(104,188,0,1)\", \"filter\": \"cef.extensions.categoryOutcome:\\\"/Success\\\"\", \"id\": \"31564794-9278-4f2e-bb20-557f5cfbea79\", \"label\": \"Success\"}, {\"color\": \"rgba(251,158,0,1)\", \"filter\": \"cef.extensions.categoryOutcome:\\\"/Attempt\\\"\", \"id\": \"10c0f919-0853-41b5-94b4-2e39932e7aa0\", \"label\": \"Attempt\"}], \"terms_field\": \"cef.extensions.categoryOutcome\", \"terms_size\": \"3\", \"color\": \"rgba(244,78,59,1)\", \"stacked\": \"none\", \"metrics\": [{\"id\": \"4c263b6d-8117-43c6-b83f-5c4145f43cfc\", \"type\": \"count\"}], \"id\": \"932c5de4-f841-4f27-99e4-60d95d3aa16c\", \"split_mode\": \"filters\", \"label\": \"Event Outcomes\", \"point_size\": 1, \"line_width\": \"3\", \"hide_in_legend\": 0}, {\"fill\": 0.5, \"chart_type\": \"bar\", \"seperate_axis\": 1, \"formatter\": \"number\", \"axis_position\": \"left\", \"color\": \"rgba(104,182,204,1)\", \"stacked\": \"none\", \"metrics\": [{\"id\": \"6d8513ca-cc72-4b27-91b6-6b689558cdcb\", \"type\": \"count\"}], \"id\": \"c9eca9d0-c2e0-45e6-a3ce-f158c40fdd74\", \"split_mode\": \"everything\", \"point_size\": 1, \"line_width\": 1, \"label\": \"Event Count\"}], \"axis_formatter\": \"number\", \"time_field\": \"@timestamp\", \"interval\": \"auto\", \"axis_position\": \"left\", \"type\": \"timeseries\"}}"
            },
            "id": "0f4028b2-3dc2-4cb6-80d8-285c847a02a1",
            "migrationVersion": {
                "visualization": "7.3.1"
            },
            "references": [],
            "type": "visualization",
            "updated_at": "2019-10-25T16:30:02.301Z",
            "version": "WzEyNjMsMV0="
        },
        {
            "attributes": {
                "description": "",
                "kibanaSavedObjectMeta": {
                    "searchSourceJSON": "{\"filter\": []}"
                },
                "savedSearchRefName": "search_0",
                "title": "Top 20 Behaviors by Outcome [Filebeat CEF]",
                "uiStateJSON": "{}",
                "version": 1,
                "visState": "{\"listeners\": {}, \"type\": \"pie\", \"title\": \"Top 20 Behaviors by Outcome [Filebeat CEF]\", \"aggs\": [{\"schema\": \"metric\", \"type\": \"count\", \"enabled\": true, \"id\": \"1\", \"params\": {}}, {\"schema\": \"segment\", \"type\": \"terms\", \"enabled\": true, \"id\": \"2\", \"params\": {\"field\": \"cef.extensions.categoryBehavior\", \"customLabel\": \"Event Behavior\", \"size\": 20, \"order\": \"desc\", \"orderBy\": \"1\"}}, {\"schema\": \"segment\", \"type\": \"terms\", \"enabled\": true, \"id\": \"3\", \"params\": {\"field\": \"cef.extensions.categoryOutcome\", \"customLabel\": \"Event Outcome\", \"size\": 3, \"order\": \"desc\", \"orderBy\": \"1\"}}], \"params\": {\"addTooltip\": true, \"isDonut\": true, \"addLegend\": true, \"legendPosition\": \"right\"}}"
            },
            "id": "e06d85f2-2da4-41e2-b2ab-f685b64bb3f9",
            "migrationVersion": {
                "visualization": "7.3.1"
            },
            "references": [
                {
                    "id": "e6cf2383-71f4-4db1-a791-1a7d4f110194",
                    "name": "search_0",
                    "type": "search"
                }
            ],
            "type": "visualization",
            "updated_at": "2019-10-25T16:30:02.301Z",
            "version": "WzEyNjQsMV0="
        },
        {
            "attributes": {
                "description": "",
                "kibanaSavedObjectMeta": {
                    "searchSourceJSON": "{\"filter\": []}"
                },
                "savedSearchRefName": "search_0",
                "title": "Top 15 Event Types by Events [Filebeat CEF]",
                "uiStateJSON": "{\"vis\": {\"params\": {\"sort\": {\"columnIndex\": null, \"direction\": null}}}}",
                "version": 1,
                "visState": "{\"listeners\": {}, \"type\": \"table\", \"title\": \"Top 15 Event Types by Events [Filebeat CEF]\", \"aggs\": [{\"schema\": \"bucket\", \"type\": \"terms\", \"enabled\": true, \"id\": \"2\", \"params\": {\"field\": \"cef.extensions.categoryBehavior\", \"customLabel\": \"Event Types\", \"size\": 15, \"order\": \"desc\", \"orderBy\": \"1\"}}, {\"schema\": \"metric\", \"type\": \"cardinality\", \"enabled\": true, \"id\": \"3\", \"params\": {\"field\": \"source.user.name\", \"customLabel\": \"Source Users\"}}, {\"schema\": \"metric\", \"type\": \"cardinality\", \"enabled\": true, \"id\": \"4\", \"params\": {\"field\": \"destination.user.name\", \"customLabel\": \"Destination Users\"}}, {\"schema\": \"metric\", \"type\": \"cardinality\", \"enabled\": true, \"id\": \"5\", \"params\": {\"field\": \"source.domain\", \"customLabel\": \"Source Hosts\"}}, {\"schema\": \"metric\", \"type\": \"cardinality\", \"enabled\": true, \"id\": \"6\", \"params\": {\"field\": \"destination.domain\", \"customLabel\": \"Destination Hosts\"}}, {\"schema\": \"metric\", \"type\": \"count\", \"enabled\": true, \"id\": \"1\", \"params\": {}}], \"params\": {\"totalFunc\": \"sum\", \"perPage\": 15, \"showMeticsAtAllLevels\": false, \"showTotal\": false, \"showPartialRows\": false, \"sort\": {\"columnIndex\": null, \"direction\": null}}}"
            },
            "id": "2726382e-638a-4dcc-94fc-0ffdc0f92048",
            "migrationVersion": {
                "visualization": "7.3.1"
            },
            "references": [
                {
                    "id": "e6cf2383-71f4-4db1-a791-1a7d4f110194",
                    "name": "search_0",
                    "type": "search"
                }
            ],
            "type": "visualization",
            "updated_at": "2019-10-25T16:30:02.301Z",
            "version": "WzEyNjUsMV0="
        },
        {
            "attributes": {
                "description": "",
                "kibanaSavedObjectMeta": {
                    "searchSourceJSON": "{\"filter\": []}"
                },
                "savedSearchRefName": "search_0",
                "title": "Top 5 Vendors by Product [Filebeat CEF]",
                "uiStateJSON": "{}",
                "version": 1,
                "visState": "{\"listeners\": {}, \"type\": \"pie\", \"title\": \"Top 5 Vendors by Product [Filebeat CEF]\", \"aggs\": [{\"schema\": \"metric\", \"type\": \"count\", \"enabled\": true, \"id\": \"1\", \"params\": {}}, {\"schema\": \"segment\", \"type\": \"terms\", \"enabled\": true, \"id\": \"2\", \"params\": {\"field\": \"cef.device.vendor\", \"customLabel\": \"OS Vendor\", \"size\": 5, \"order\": \"desc\", \"orderBy\": \"1\"}}, {\"schema\": \"segment\", \"type\": \"terms\", \"enabled\": true, \"id\": \"3\", \"params\": {\"field\": \"cef.device.product\", \"customLabel\": \"OS Product\", \"size\": 5, \"order\": \"desc\", \"orderBy\": \"1\"}}], \"params\": {\"addTooltip\": true, \"isDonut\": true, \"addLegend\": true, \"legendPosition\": \"right\"}}"
            },
            "id": "92aecea0-a632-4a55-bb56-50e4cdaca036",
            "migrationVersion": {
                "visualization": "7.3.1"
            },
            "references": [
                {
                    "id": "e6cf2383-71f4-4db1-a791-1a7d4f110194",
                    "name": "search_0",
                    "type": "search"
                }
            ],
            "type": "visualization",
            "updated_at": "2019-10-25T16:30:02.301Z",
            "version": "WzEyNjYsMV0="
        },
        {
            "attributes": {
                "description": "",
                "kibanaSavedObjectMeta": {
                    "searchSourceJSON": "{\"query\": {\"query_string\": {\"query\": \"*\"}}, \"filter\": []}"
                },
                "title": " Dashboard Navigation [Filebeat CEF]",
                "uiStateJSON": "{}",
                "version": 1,
                "visState": "{\"listeners\": {}, \"type\": \"markdown\", \"title\": \" Dashboard Navigation [Filebeat CEF]\", \"aggs\": [], \"params\": {\"markdown\": \"[Network Overview](#/dashboard/dd0bc9af-2e89-4150-9b42-62517ea56b71) | [Network Suspicious Activity](#/dashboard/db1e1aca-279e-4ecc-b84e-fe58644f7619) | [Endpoint Overview](#dashboard/c10ce1cf-f6b8-4de4-8715-2cb5f6770b3b) | [Endpoint OS Activity](#/dashboard/9e352900-89c3-4c1b-863e-249e24d0dac9) | [Microsoft DNS Overview](#/dashboard/56428e01-0c47-4770-8ba4-9345a029ea41)\"}}"
            },
            "id": "677891a1-90c4-4273-b126-f0e54689bd76",
            "migrationVersion": {
                "visualization": "7.3.1"
            },
            "references": [],
            "type": "visualization",
            "updated_at": "2019-10-25T16:30:06.345Z",
            "version": "WzEzMzYsMV0="
        },
        {
            "attributes": {
                "description": "",
                "kibanaSavedObjectMeta": {
                    "searchSourceJSON": "{\"query\": {\"query_string\": {\"query\": \"*\"}}, \"filter\": []}"
                },
                "title": "Endpoint - OS Average EPS [Filebeat CEF]",
                "uiStateJSON": "{}",
                "version": 1,
                "visState": "{\"listeners\": {}, \"type\": \"metrics\", \"title\": \"Endpoint - OS Average EPS [Filebeat CEF]\", \"aggs\": [], \"params\": {\"filter\": {\"query\": \"cef.extensions.categoryDeviceGroup:\\\"/Operating System\\\"\", \"language\": \"lucene\"}, \"time_field\": \"@timestamp\", \"type\": \"gauge\", \"bar_color_rules\": [{\"id\": \"ce9549a0-3af0-4070-b169-4b6d145d4c39\"}], \"series\": [{\"fill\": 0.5, \"chart_type\": \"line\", \"seperate_axis\": 0, \"formatter\": \"number\", \"axis_position\": \"right\", \"color\": \"rgba(0,156,224,1)\", \"value_template\": \"{{value}} / s\", \"stacked\": \"none\", \"metrics\": [{\"id\": \"b1a48389-d799-4eba-8b98-7ee8ef0bb440\", \"type\": \"count\"}, {\"field\": \"b1a48389-d799-4eba-8b98-7ee8ef0bb440\", \"id\": \"89f8286e-4aec-4cb4-83ad-b139692edf3d\", \"type\": \"cumulative_sum\"}, {\"field\": \"89f8286e-4aec-4cb4-83ad-b139692edf3d\", \"unit\": \"1s\", \"id\": \"1df39e5f-3e98-4ed7-ab08-47f3ca2ee915\", \"type\": \"derivative\"}, {\"field\": \"1df39e5f-3e98-4ed7-ab08-47f3ca2ee915\", \"model_type\": \"simple\", \"beta\": 0.1, \"id\": \"f46a6e6e-444f-4c7e-b5eb-e1a59568f2eb\", \"period\": 1, \"alpha\": 0.3, \"multiplicative\": false, \"type\": \"moving_average\", \"gamma\": 0.3, \"window\": \"10\"}], \"id\": \"b4373ffd-9660-4206-afd6-d4867ac7dbdf\", \"offset_time\": \"1m\", \"split_mode\": \"everything\", \"point_size\": 1, \"line_width\": 1, \"label\": \"Event Throughput\"}], \"axis_formatter\": \"number\", \"index_pattern\": \"filebeat-*\", \"show_legend\": 1, \"id\": \"94161c6c-4f48-4beb-9d78-f79f29c02a34\", \"gauge_color_rules\": [{\"id\": \"03a2fd72-fc9c-4582-9133-20af36217180\"}], \"gauge_style\": \"half\", \"interval\": \"auto\", \"axis_position\": \"left\", \"gauge_width\": 10, \"gauge_inner_width\": 10}}"
            },
            "id": "76c088c3-486e-4420-8840-5ede667edffe",
            "migrationVersion": {
                "visualization": "7.3.1"
            },
            "references": [],
            "type": "visualization",
            "updated_at": "2019-10-25T16:30:02.301Z",
            "version": "WzEyNjgsMV0="
        },
        {
            "attributes": {
                "description": "",
                "kibanaSavedObjectMeta": {
                    "searchSourceJSON": "{\"filter\": []}"
                },
                "savedSearchRefName": "search_0",
                "title": "Events by Source and Destination Users [Filebeat CEF]",
                "uiStateJSON": "{}",
                "version": 1,
                "visState": "{\"listeners\": {}, \"type\": \"histogram\", \"title\": \"Events by Source and Destination Users [Filebeat CEF]\", \"aggs\": [{\"schema\": \"metric\", \"type\": \"count\", \"enabled\": true, \"id\": \"1\", \"params\": {\"customLabel\": \"Event Count\"}}, {\"schema\": \"segment\", \"type\": \"date_histogram\", \"enabled\": true, \"id\": \"2\", \"params\": {\"field\": \"@timestamp\", \"customLabel\": \"Timestamp\", \"extended_bounds\": {}, \"interval\": \"auto\", \"min_doc_count\": 1}}, {\"schema\": \"metric\", \"type\": \"cardinality\", \"enabled\": true, \"id\": \"3\", \"params\": {\"field\": \"source.user.name\", \"customLabel\": \"Source Users\"}}, {\"schema\": \"metric\", \"type\": \"cardinality\", \"enabled\": true, \"id\": \"4\", \"params\": {\"field\": \"destination.user.name\", \"customLabel\": \"Destination Users\"}}], \"params\": {\"interpolate\": \"linear\", \"defaultYExtents\": false, \"seriesParams\": [{\"data\": {\"id\": \"1\", \"label\": \"Event Count\"}, \"showCircles\": true, \"drawLinesBetweenPoints\": true, \"mode\": \"stacked\", \"type\": \"histogram\", \"valueAxis\": \"ValueAxis-1\", \"show\": \"true\"}, {\"data\": {\"id\": \"3\", \"label\": \"Source Users\"}, \"interpolate\": \"linear\", \"showCircles\": true, \"drawLinesBetweenPoints\": true, \"mode\": \"normal\", \"type\": \"line\", \"valueAxis\": \"ValueAxis-2\", \"lineWidth\": 3, \"show\": true}, {\"data\": {\"id\": \"4\", \"label\": \"Destination Users\"}, \"interpolate\": \"linear\", \"showCircles\": true, \"drawLinesBetweenPoints\": true, \"mode\": \"normal\", \"type\": \"line\", \"valueAxis\": \"ValueAxis-2\", \"lineWidth\": 3, \"show\": true}], \"legendPosition\": \"right\", \"drawLinesBetweenPoints\": true, \"addTooltip\": true, \"times\": [], \"categoryAxes\": [{\"id\": \"CategoryAxis-1\", \"scale\": {\"type\": \"linear\"}, \"type\": \"category\", \"position\": \"bottom\", \"labels\": {\"show\": true, \"truncate\": 100}, \"show\": true, \"title\": {\"text\": \"Timestamp\"}, \"style\": {}}], \"radiusRatio\": 9, \"addLegend\": true, \"showCircles\": true, \"valueAxes\": [{\"name\": \"LeftAxis-1\", \"id\": \"ValueAxis-1\", \"scale\": {\"mode\": \"normal\", \"type\": \"linear\"}, \"type\": \"value\", \"position\": \"left\", \"labels\": {\"show\": true, \"filter\": false, \"truncate\": 100, \"rotate\": 0}, \"show\": true, \"title\": {\"text\": \"Event Count\"}, \"style\": {}}, {\"name\": \"RightAxis-1\", \"id\": \"ValueAxis-2\", \"scale\": {\"mode\": \"normal\", \"type\": \"square root\"}, \"type\": \"value\", \"position\": \"right\", \"labels\": {\"show\": true, \"filter\": false, \"truncate\": 100, \"rotate\": 0}, \"show\": true, \"title\": {\"text\": \"\"}, \"style\": {}}], \"addTimeMarker\": false, \"grid\": {\"categoryLines\": false, \"style\": {\"color\": \"#eee\"}}, \"scale\": \"linear\", \"setYExtents\": false}}"
            },
            "id": "5f187dc8-aa7e-4f91-a2d8-1186ce254d00",
            "migrationVersion": {
                "visualization": "7.3.1"
            },
            "references": [
                {
                    "id": "e6cf2383-71f4-4db1-a791-1a7d4f110194",
                    "name": "search_0",
                    "type": "search"
                }
            ],
            "type": "visualization",
            "updated_at": "2019-10-25T16:30:02.301Z",
            "version": "WzEyNjksMV0="
        },
        {
            "attributes": {
                "description": "",
                "kibanaSavedObjectMeta": {
                    "searchSourceJSON": "{\"filter\": []}"
                },
                "savedSearchRefName": "search_0",
                "title": "Top 10 Sources by Destinations [Filebeat CEF]",
                "uiStateJSON": "{}",
                "version": 1,
                "visState": "{\"listeners\": {}, \"type\": \"pie\", \"title\": \"Top 10 Sources by Destinations [Filebeat CEF]\", \"aggs\": [{\"schema\": \"metric\", \"type\": \"count\", \"enabled\": true, \"id\": \"1\", \"params\": {}}, {\"schema\": \"segment\", \"type\": \"terms\", \"enabled\": true, \"id\": \"2\", \"params\": {\"field\": \"source.domain\", \"customLabel\": \"Source Host\", \"size\": 10, \"order\": \"desc\", \"orderBy\": \"1\"}}, {\"schema\": \"segment\", \"type\": \"terms\", \"enabled\": true, \"id\": \"3\", \"params\": {\"field\": \"destination.domain\", \"customLabel\": \"Destination Host\", \"size\": 10, \"order\": \"desc\", \"orderBy\": \"1\"}}], \"params\": {\"addTooltip\": true, \"isDonut\": true, \"addLegend\": true, \"legendPosition\": \"bottom\"}}"
            },
            "id": "316fdc75-7215-4c6b-8e1b-70a097b34e28",
            "migrationVersion": {
                "visualization": "7.3.1"
            },
            "references": [
                {
                    "id": "e6cf2383-71f4-4db1-a791-1a7d4f110194",
                    "name": "search_0",
                    "type": "search"
                }
            ],
            "type": "visualization",
            "updated_at": "2019-10-25T16:30:02.301Z",
            "version": "WzEyNzAsMV0="
        },
        {
            "attributes": {
                "description": "",
                "kibanaSavedObjectMeta": {
                    "searchSourceJSON": "{\"filter\": []}"
                },
                "savedSearchRefName": "search_0",
                "title": "Top 10 Source Users by Destination Users [Filebeat CEF]",
                "uiStateJSON": "{}",
                "version": 1,
                "visState": "{\"listeners\": {}, \"type\": \"pie\", \"title\": \"Top 10 Source Users by Destination Users [Filebeat CEF]\", \"aggs\": [{\"schema\": \"metric\", \"type\": \"count\", \"enabled\": true, \"id\": \"1\", \"params\": {}}, {\"schema\": \"segment\", \"type\": \"terms\", \"enabled\": true, \"id\": \"2\", \"params\": {\"field\": \"source.user.name\", \"customLabel\": \"Source Users\", \"size\": 10, \"order\": \"desc\", \"orderBy\": \"1\"}}, {\"schema\": \"segment\", \"type\": \"terms\", \"enabled\": true, \"id\": \"3\", \"params\": {\"field\": \"destination.user.name\", \"customLabel\": \"Destination Users\", \"size\": 10, \"order\": \"desc\", \"orderBy\": \"1\"}}], \"params\": {\"addTooltip\": true, \"isDonut\": true, \"addLegend\": true, \"legendPosition\": \"bottom\"}}"
            },
            "id": "6437e9bb-9ed1-4e2d-bb10-e63ccd35c409",
            "migrationVersion": {
                "visualization": "7.3.1"
            },
            "references": [
                {
                    "id": "e6cf2383-71f4-4db1-a791-1a7d4f110194",
                    "name": "search_0",
                    "type": "search"
                }
            ],
            "type": "visualization",
            "updated_at": "2019-10-25T16:30:02.301Z",
            "version": "WzEyNzEsMV0="
        },
        {
            "attributes": {
                "description": "",
                "kibanaSavedObjectMeta": {
                    "searchSourceJSON": "{\"filter\": []}"
                },
                "savedSearchRefName": "search_0",
                "title": "Top 10 Destinations [Filebeat CEF]",
                "uiStateJSON": "{}",
                "version": 1,
                "visState": "{\"listeners\": {}, \"type\": \"tagcloud\", \"title\": \"Top 10 Destinations [Filebeat CEF]\", \"aggs\": [{\"schema\": \"metric\", \"type\": \"count\", \"enabled\": true, \"id\": \"1\", \"params\": {}}, {\"schema\": \"segment\", \"type\": \"terms\", \"enabled\": true, \"id\": \"2\", \"params\": {\"field\": \"destination.domain\", \"customLabel\": \"Destination Hosts\", \"size\": 10, \"order\": \"desc\", \"orderBy\": \"1\"}}], \"params\": {\"orientation\": \"single\", \"maxFontSize\": 60, \"scale\": \"linear\", \"minFontSize\": 10}}"
            },
            "id": "4a7c10c7-4abd-47b4-b4c3-dee33377fbdf",
            "migrationVersion": {
                "visualization": "7.3.1"
            },
            "references": [
                {
                    "id": "e6cf2383-71f4-4db1-a791-1a7d4f110194",
                    "name": "search_0",
                    "type": "search"
                }
            ],
            "type": "visualization",
            "updated_at": "2019-10-25T16:30:02.301Z",
            "version": "WzEyNzIsMV0="
        },
        {
            "attributes": {
                "description": "",
                "kibanaSavedObjectMeta": {
                    "searchSourceJSON": "{\"filter\": []}"
                },
                "savedSearchRefName": "search_0",
                "title": "Top 10 Destination Users [Filebeat CEF]",
                "uiStateJSON": "{}",
                "version": 1,
                "visState": "{\"listeners\": {}, \"type\": \"tagcloud\", \"title\": \"Top 10 Destination Users [Filebeat CEF]\", \"aggs\": [{\"schema\": \"metric\", \"type\": \"count\", \"enabled\": true, \"id\": \"1\", \"params\": {}}, {\"schema\": \"segment\", \"type\": \"terms\", \"enabled\": true, \"id\": \"2\", \"params\": {\"field\": \"destination.user.name\", \"customLabel\": \"Destination Users\", \"size\": 10, \"order\": \"desc\", \"orderBy\": \"1\"}}], \"params\": {\"orientation\": \"single\", \"maxFontSize\": 60, \"scale\": \"linear\", \"minFontSize\": 10}}"
            },
            "id": "acc915fe-b971-4795-9040-3fbfdf62abe1",
            "migrationVersion": {
                "visualization": "7.3.1"
            },
            "references": [
                {
                    "id": "e6cf2383-71f4-4db1-a791-1a7d4f110194",
                    "name": "search_0",
                    "type": "search"
                }
            ],
            "type": "visualization",
            "updated_at": "2019-10-25T16:30:02.301Z",
            "version": "WzEyNzMsMV0="
        },
        {
            "attributes": {
                "description": "",
                "kibanaSavedObjectMeta": {
                    "searchSourceJSON": "{\"filter\": []}"
                },
                "savedSearchRefName": "search_0",
                "title": "Top 10 Sources [Filebeat CEF]",
                "uiStateJSON": "{}",
                "version": 1,
                "visState": "{\"listeners\": {}, \"type\": \"tagcloud\", \"title\": \"Top 10 Sources [Filebeat CEF]\", \"aggs\": [{\"schema\": \"metric\", \"type\": \"count\", \"enabled\": true, \"id\": \"1\", \"params\": {}}, {\"schema\": \"segment\", \"type\": \"terms\", \"enabled\": true, \"id\": \"2\", \"params\": {\"field\": \"source.domain\", \"customLabel\": \"Source Hosts\", \"size\": 10, \"order\": \"desc\", \"orderBy\": \"1\"}}], \"params\": {\"orientation\": \"single\", \"maxFontSize\": 60, \"scale\": \"linear\", \"minFontSize\": 10}}"
            },
            "id": "4e25b5ce-53c3-46fc-b5e5-71d3c52f1956",
            "migrationVersion": {
                "visualization": "7.3.1"
            },
            "references": [
                {
                    "id": "e6cf2383-71f4-4db1-a791-1a7d4f110194",
                    "name": "search_0",
                    "type": "search"
                }
            ],
            "type": "visualization",
            "updated_at": "2019-10-25T16:30:02.301Z",
            "version": "WzEyNzQsMV0="
        },
        {
            "attributes": {
                "description": "",
                "kibanaSavedObjectMeta": {
                    "searchSourceJSON": "{\"filter\": []}"
                },
                "savedSearchRefName": "search_0",
                "title": "Top 10 Source Users [Filebeat CEF]",
                "uiStateJSON": "{}",
                "version": 1,
                "visState": "{\"listeners\": {}, \"type\": \"tagcloud\", \"title\": \"Top 10 Source Users [Filebeat CEF]\", \"aggs\": [{\"schema\": \"metric\", \"type\": \"count\", \"enabled\": true, \"id\": \"1\", \"params\": {}}, {\"schema\": \"segment\", \"type\": \"terms\", \"enabled\": true, \"id\": \"2\", \"params\": {\"field\": \"source.user.name\", \"customLabel\": \"Source Users\", \"size\": 10, \"order\": \"desc\", \"orderBy\": \"1\"}}], \"params\": {\"orientation\": \"single\", \"maxFontSize\": 60, \"scale\": \"linear\", \"minFontSize\": 10}}"
            },
            "id": "8cd00d20-957d-4663-be4d-ea80b1609586",
            "migrationVersion": {
                "visualization": "7.3.1"
            },
            "references": [
                {
                    "id": "e6cf2383-71f4-4db1-a791-1a7d4f110194",
                    "name": "search_0",
                    "type": "search"
                }
            ],
            "type": "visualization",
            "updated_at": "2019-10-25T16:30:02.301Z",
            "version": "WzEyNzUsMV0="
        },
        {
            "attributes": {
                "columns": [
                    "cef.device.vendor",
                    "cef.device.product",
                    "message",
                    "cef.device.event_class_id",
                    "cef.extensions.deviceEventCategory",
                    "source.user.name",
                    "destination.user.name",
                    "destination.domain",
                    "cef.extensions.categoryBehavior",
                    "cef.extensions.categoryOutcome",
                    "cef.extensions.sourceNtDomain",
                    "cef.extensions.destinationNtDomain"
                ],
                "description": "",
                "hits": 0,
                "kibanaSavedObjectMeta": {
                    "searchSourceJSON": "{\"version\": true, \"query\": {\"query_string\": {\"query\": \"cef.extensions.categoryDeviceGroup:\\\"/Operating System\\\"\", \"analyze_wildcard\": true}}, \"filter\": [], \"highlightAll\": true, \"indexRefName\": \"kibanaSavedObjectMeta.searchSourceJSON.index\"}"
                },
                "sort": [
                    [
                        "@timestamp",
                        "desc"
                    ]
                ],
                "title": "Endpoint - OS Events [Filebeat CEF]",
                "version": 1
            },
            "id": "e6cf2383-71f4-4db1-a791-1a7d4f110194",
            "migrationVersion": {
                "search": "7.4.0"
            },
            "references": [
                {
                    "id": "filebeat-*",
                    "name": "kibanaSavedObjectMeta.searchSourceJSON.index",
                    "type": "index-pattern"
                }
            ],
            "type": "search",
            "updated_at": "2019-10-25T16:30:02.301Z",
            "version": "WzEyNzYsMV0="
        }
    ],
    "version": "7.4.1"
}