{
    "objects": [
        {
            "attributes": {
                "description": "Netflow geo location",
                "hits": 0,
                "kibanaSavedObjectMeta": {
                    "searchSourceJSON": "{\"filter\": [{\"$state\": {\"store\": \"globalState\"}, \"query\": {\"match\": {\"input.type\": {\"query\": \"netflow\", \"type\": \"phrase\"}}}, \"meta\": {\"negate\": false, \"value\": \"netflow\", \"indexRefName\": \"kibanaSavedObjectMeta.searchSourceJSON.filter[0].meta.index\", \"disabled\": false, \"type\": \"phrase\", \"params\": {\"query\": \"netflow\"}, \"key\": \"input.type\", \"alias\": null}}]}"
                },
                "optionsJSON": "{\"darkTheme\": false}",
                "panelsJSON": "[{\"size_y\": 6, \"size_x\": 8, \"panelIndex\": 16, \"panelRefName\": \"panel_0\", \"col\": 5, \"row\": 2}, {\"size_y\": 2, \"size_x\": 4, \"panelIndex\": 17, \"panelRefName\": \"panel_1\", \"col\": 1, \"row\": 2}, {\"size_y\": 2, \"size_x\": 4, \"panelIndex\": 18, \"panelRefName\": \"panel_2\", \"col\": 1, \"row\": 4}, {\"size_y\": 2, \"size_x\": 4, \"panelIndex\": 19, \"panelRefName\": \"panel_3\", \"col\": 1, \"row\": 6}, {\"size_y\": 1, \"size_x\": 12, \"panelIndex\": 20, \"panelRefName\": \"panel_4\", \"col\": 1, \"row\": 1}]",
                "timeRestore": false,
                "title": "[Filebeat Netflow] Geo Location",
                "uiStateJSON": "{\"P-16\": {\"mapZoom\": 2, \"mapCenter\": [20.632784250388028, 16.69921875]}}",
                "version": 1
            },
            "id": "77326664-23be-4bf1-a126-6d7e60cfc024",
            "migrationVersion": {
                "dashboard": "7.0.0"
            },
            "references": [
                {
                    "id": "filebeat-*",
                    "name": "kibanaSavedObjectMeta.searchSourceJSON.filter[0].meta.index",
                    "type": "index-pattern"
                },
                {
                    "id": "f4c8cb5a-7336-449e-ab99-6e867b435b85",
                    "name": "panel_0",
                    "type": "visualization"
                },
                {
                    "id": "2316bb53-d98a-4f0f-8cd8-51e9fb317823",
                    "name": "panel_1",
                    "type": "visualization"
                },
                {
                    "id": "aed09724-0a69-4331-84f5-3d2067c43930",
                    "name": "panel_2",
                    "type": "visualization"
                },
                {
                    "id": "f531f957-e8c0-497a-ad41-ef39c2d29671",
                    "name": "panel_3",
                    "type": "visualization"
                },
                {
                    "id": "d4e6520a-9ced-47c9-a8f2-7246e8cbd2d3",
                    "name": "panel_4",
                    "type": "visualization"
                }
            ],
            "type": "dashboard",
            "updated_at": "2019-07-11T04:44:35.630Z",
            "version": "WzM0MzIsMV0="
        },
        {
            "attributes": {
                "description": "",
                "kibanaSavedObjectMeta": {
                    "searchSourceJSON": "{\"query\": {\"query_string\": {\"query\": \"*\", \"analyze_wildcard\": true}}, \"filter\": [], \"indexRefName\": \"kibanaSavedObjectMeta.searchSourceJSON.index\"}"
                },
                "title": "Destination Geo Location Heatmap [Filebeat Netflow]",
                "uiStateJSON": "{\"mapCenter\": [8.407168163601076, 9.4921875]}",
                "version": 1,
                "visState": "{\"listeners\": {}, \"type\": \"tile_map\", \"title\": \"Destination Geo Location Heatmap [Filebeat Netflow]\", \"aggs\": [{\"schema\": \"metric\", \"type\": \"count\", \"enabled\": true, \"id\": \"1\", \"params\": {\"customLabel\": \"Records\"}}, {\"schema\": \"segment\", \"type\": \"geohash_grid\", \"enabled\": true, \"id\": \"2\", \"params\": {\"field\": \"destination.geo.location\", \"customLabel\": \"Location\", \"precision\": 2, \"autoPrecision\": true}}], \"params\": {\"heatNormalizeData\": true, \"wms\": {\"options\": {\"layers\": \"0\", \"transparent\": true, \"version\": \"1.3.0\", \"attribution\": \"Maps provided by USGS\", \"format\": \"image/png\", \"styles\": \"\"}, \"url\": \"https://basemap.nationalmap.gov/arcgis/services/USGSTopo/MapServer/WMSServer\", \"enabled\": false}, \"addTooltip\": true, \"heatMinOpacity\": \"0.32\", \"mapType\": \"Heatmap\", \"mapCenter\": [15, 5], \"heatBlur\": \"16\", \"mapZoom\": 2, \"isDesaturated\": true, \"heatRadius\": \"24\", \"heatMaxZoom\": 16, \"legendPosition\": \"bottomright\"}}"
            },
            "id": "f4c8cb5a-7336-449e-ab99-6e867b435b85",
            "migrationVersion": {
                "visualization": "7.2.0"
            },
            "references": [
                {
                    "id": "filebeat-*",
                    "name": "kibanaSavedObjectMeta.searchSourceJSON.index",
                    "type": "index-pattern"
                }
            ],
            "type": "visualization",
            "updated_at": "2019-07-11T04:44:35.630Z",
            "version": "WzM0MzMsMV0="
        },
        {
            "attributes": {
                "description": "",
                "kibanaSavedObjectMeta": {
                    "searchSourceJSON": "{\"query\": {\"query_string\": {\"query\": \"*\", \"analyze_wildcard\": true}}, \"filter\": [], \"indexRefName\": \"kibanaSavedObjectMeta.searchSourceJSON.index\"}"
                },
                "title": "Countries and Cities (flow records) [Filebeat Netflow]",
                "uiStateJSON": "{}",
                "version": 1,
                "visState": "{\"listeners\": {}, \"type\": \"pie\", \"title\": \"Countries and Cities (flow records) [Filebeat Netflow]\", \"aggs\": [{\"schema\": \"metric\", \"type\": \"count\", \"enabled\": true, \"id\": \"1\", \"params\": {\"customLabel\": \"Flow Records\"}}, {\"schema\": \"segment\", \"type\": \"terms\", \"enabled\": true, \"id\": \"2\", \"params\": {\"field\": \"destination.geo.country_name\", \"customLabel\": \"Country\", \"size\": 10, \"order\": \"desc\", \"orderBy\": \"1\"}}, {\"schema\": \"segment\", \"type\": \"terms\", \"enabled\": true, \"id\": \"3\", \"params\": {\"field\": \"destination.geo.city_name\", \"customLabel\": \"City\", \"size\": 10, \"order\": \"desc\", \"orderBy\": \"1\"}}], \"params\": {\"addTooltip\": true, \"isDonut\": true, \"addLegend\": true, \"legendPosition\": \"right\"}}"
            },
            "id": "2316bb53-d98a-4f0f-8cd8-51e9fb317823",
            "migrationVersion": {
                "visualization": "7.2.0"
            },
            "references": [
                {
                    "id": "filebeat-*",
                    "name": "kibanaSavedObjectMeta.searchSourceJSON.index",
                    "type": "index-pattern"
                }
            ],
            "type": "visualization",
            "updated_at": "2019-07-11T04:44:35.630Z",
            "version": "WzM0MzQsMV0="
        },
        {
            "attributes": {
                "description": "",
                "kibanaSavedObjectMeta": {
                    "searchSourceJSON": "{\"query\": {\"query_string\": {\"query\": \"*\", \"analyze_wildcard\": true}}, \"filter\": [], \"indexRefName\": \"kibanaSavedObjectMeta.searchSourceJSON.index\"}"
                },
                "title": "Destinations and Sources (flow records) [Filebeat Netflow]",
                "uiStateJSON": "{}",
                "version": 1,
                "visState": "{\"listeners\": {}, \"type\": \"pie\", \"title\": \"Destinations and Sources (flow records) [Filebeat Netflow]\", \"aggs\": [{\"schema\": \"metric\", \"type\": \"count\", \"enabled\": true, \"id\": \"1\", \"params\": {\"customLabel\": \"Flow Records\"}}, {\"schema\": \"segment\", \"type\": \"terms\", \"enabled\": true, \"id\": \"2\", \"params\": {\"field\": \"destination.ip\", \"customLabel\": \"Destination\", \"size\": 50, \"order\": \"desc\", \"orderBy\": \"1\"}}, {\"schema\": \"segment\", \"type\": \"terms\", \"enabled\": true, \"id\": \"3\", \"params\": {\"field\": \"source.ip\", \"customLabel\": \"Source\", \"size\": 50, \"order\": \"desc\", \"orderBy\": \"1\"}}], \"params\": {\"addTooltip\": true, \"isDonut\": true, \"addLegend\": true, \"legendPosition\": \"right\"}}"
            },
            "id": "aed09724-0a69-4331-84f5-3d2067c43930",
            "migrationVersion": {
                "visualization": "7.2.0"
            },
            "references": [
                {
                    "id": "filebeat-*",
                    "name": "kibanaSavedObjectMeta.searchSourceJSON.index",
                    "type": "index-pattern"
                }
            ],
            "type": "visualization",
            "updated_at": "2019-07-11T04:44:35.630Z",
            "version": "WzM0MzUsMV0="
        },
        {
            "attributes": {
                "description": "",
                "kibanaSavedObjectMeta": {
                    "searchSourceJSON": "{\"query\": {\"query_string\": {\"query\": \"*\", \"analyze_wildcard\": true}}, \"filter\": [], \"indexRefName\": \"kibanaSavedObjectMeta.searchSourceJSON.index\"}"
                },
                "title": "Destination and Source Ports (flow records) [Filebeat Netflow]",
                "uiStateJSON": "{}",
                "version": 1,
                "visState": "{\"listeners\": {}, \"type\": \"pie\", \"title\": \"Destination and Source Ports (flow records) [Filebeat Netflow]\", \"aggs\": [{\"schema\": \"metric\", \"type\": \"count\", \"enabled\": true, \"id\": \"1\", \"params\": {\"customLabel\": \"Flow Records\"}}, {\"schema\": \"segment\", \"type\": \"terms\", \"enabled\": true, \"id\": \"2\", \"params\": {\"field\": \"destination.port\", \"customLabel\": \"Destination Port\", \"size\": 50, \"order\": \"desc\", \"orderBy\": \"1\"}}, {\"schema\": \"segment\", \"type\": \"terms\", \"enabled\": true, \"id\": \"3\", \"params\": {\"field\": \"source.port\", \"customLabel\": \"Source Port\", \"size\": 50, \"order\": \"desc\", \"orderBy\": \"1\"}}], \"params\": {\"addTooltip\": true, \"isDonut\": true, \"addLegend\": true, \"legendPosition\": \"right\"}}"
            },
            "id": "f531f957-e8c0-497a-ad41-ef39c2d29671",
            "migrationVersion": {
                "visualization": "7.2.0"
            },
            "references": [
                {
                    "id": "filebeat-*",
                    "name": "kibanaSavedObjectMeta.searchSourceJSON.index",
                    "type": "index-pattern"
                }
            ],
            "type": "visualization",
            "updated_at": "2019-07-11T04:44:35.630Z",
            "version": "WzM0MzYsMV0="
        },
        {
            "attributes": {
                "description": "",
                "kibanaSavedObjectMeta": {
                    "searchSourceJSON": "{\"query\": {\"query_string\": {\"query\": \"*\", \"analyze_wildcard\": true}}, \"filter\": []}"
                },
                "title": "Dashboard Navigation [Filebeat Netflow]",
                "uiStateJSON": "{}",
                "version": 1,
                "visState": "{\"listeners\": {}, \"type\": \"markdown\", \"title\": \"Dashboard Navigation [Filebeat Netflow]\", \"aggs\": [], \"params\": {\"markdown\": \"[Overview](#/dashboard/34e26884-161a-4448-9556-43b5bf2f62a2) | [Conversation Partners](#/dashboard/acd7a630-0c71-4840-bc9e-4a3801374a32) | [Traffic Analysis](#/dashboard/38012abe-c611-4124-8497-381fcd85acc8) | [Top-N](#/dashboard/14387a13-53bc-43a4-b9cd-63977aa8d87c) | [Geo Location](#/dashboard/77326664-23be-4bf1-a126-6d7e60cfc024) | [Autonomous Systems](#/dashboard/c64665f9-d222-421e-90b0-c7310d944b8a) | [Flow Exporters](#/dashboard/feebb4e6-b13e-4e4e-b9fc-d3a178276425) | [Raw Flow Records](#/dashboard/94972700-de4a-4272-9143-2fa8d4981365)\\n***\"}}"
            },
            "id": "d4e6520a-9ced-47c9-a8f2-7246e8cbd2d3",
            "migrationVersion": {
                "visualization": "7.2.0"
            },
            "references": [],
            "type": "visualization",
            "updated_at": "2019-07-11T04:44:38.685Z",
            "version": "WzM0NjQsMV0="
        }
    ],
    "version": "7.2.0"
}