{
    "objects": [
        {
            "attributes": {
                "description": "Sample dashboard for Cisco ASA Firewall devices",
                "hits": 0,
                "kibanaSavedObjectMeta": {
                    "searchSourceJSON": "{\"query\": {\"query\": \"\", \"language\": \"kuery\"}, \"filter\": []}"
                },
                "optionsJSON": "{\"useMargins\": true, \"hidePanelTitles\": false}",
                "panelsJSON": "[{\"gridData\": {\"w\": 12, \"i\": \"1\", \"h\": 15, \"y\": 15, \"x\": 12}, \"panelRefName\": \"panel_0\", \"panelIndex\": \"1\", \"title\": \"Destination Port and Transport\", \"embeddableConfig\": {\"vis\": {\"legendOpen\": false}}, \"version\": \"7.0.0-SNAPSHOT\"}, {\"gridData\": {\"w\": 12, \"i\": \"2\", \"h\": 15, \"y\": 15, \"x\": 0}, \"panelRefName\": \"panel_1\", \"panelIndex\": \"2\", \"title\": \"Source Port and Transport\", \"embeddableConfig\": {\"vis\": {\"legendOpen\": false}}, \"version\": \"7.0.0-SNAPSHOT\"}, {\"gridData\": {\"w\": 24, \"i\": \"3\", \"h\": 15, \"y\": 0, \"x\": 0}, \"panelRefName\": \"panel_2\", \"panelIndex\": \"3\", \"title\": \"ASA Firewall Events Over Time\", \"embeddableConfig\": {\"vis\": {\"legendOpen\": false}}, \"version\": \"7.0.0-SNAPSHOT\"}, {\"gridData\": {\"w\": 24, \"i\": \"4\", \"h\": 15, \"y\": 0, \"x\": 24}, \"panelRefName\": \"panel_3\", \"panelIndex\": \"4\", \"title\": \"ASA Flows by Network Bytes\", \"embeddableConfig\": {\"vis\": {\"legendOpen\": false}}, \"version\": \"7.0.0-SNAPSHOT\"}, {\"gridData\": {\"w\": 12, \"i\": \"5\", \"h\": 15, \"y\": 15, \"x\": 24}, \"panelRefName\": \"panel_4\", \"panelIndex\": \"5\", \"title\": \"Blocked by Source\", \"embeddableConfig\": {}, \"version\": \"7.0.0-SNAPSHOT\"}, {\"gridData\": {\"w\": 12, \"i\": \"8\", \"h\": 15, \"y\": 15, \"x\": 36}, \"panelRefName\": \"panel_5\", \"panelIndex\": \"8\", \"title\": \"Top ACL by Blocked\", \"embeddableConfig\": {}, \"version\": \"7.0.0-SNAPSHOT\"}, {\"panelIndex\": \"9\", \"panelRefName\": \"panel_6\", \"embeddableConfig\": {}, \"gridData\": {\"w\": 48, \"i\": \"9\", \"h\": 12, \"y\": 30, \"x\": 0}, \"version\": \"7.0.0-SNAPSHOT\"}]",
                "timeRestore": false,
                "title": "[Filebeat Cisco] ASA Firewall",
                "version": 1
            },
            "id": "a555b160-4987-11e9-b8ce-ed898b5ef295",
            "migrationVersion": {
                "dashboard": "7.0.0"
            },
            "references": [
                {
                    "id": "118da960-4987-11e9-b8ce-ed898b5ef295",
                    "name": "panel_0",
                    "type": "visualization"
                },
                {
                    "id": "5d0322d0-4987-11e9-b8ce-ed898b5ef295",
                    "name": "panel_1",
                    "type": "visualization"
                },
                {
                    "id": "a3b5ab10-4989-11e9-b8ce-ed898b5ef295",
                    "name": "panel_2",
                    "type": "visualization"
                },
                {
                    "id": "80d0c1b0-498a-11e9-b8ce-ed898b5ef295",
                    "name": "panel_3",
                    "type": "visualization"
                },
                {
                    "id": "d05cdf60-498b-11e9-b8ce-ed898b5ef295",
                    "name": "panel_4",
                    "type": "visualization"
                },
                {
                    "id": "08ef4d90-499b-11e9-b8ce-ed898b5ef295",
                    "name": "panel_5",
                    "type": "visualization"
                },
                {
                    "id": "fd89b1e0-49a2-11e9-b8ce-ed898b5ef295",
                    "name": "panel_6",
                    "type": "visualization"
                }
            ],
            "type": "dashboard",
            "updated_at": "2019-03-18T18:39:06.844Z",
            "version": "WzI2MiwxXQ=="
        },
        {
            "attributes": {
                "description": "",
                "kibanaSavedObjectMeta": {
                    "searchSourceJSON": "{\"query\": {\"query\": \"\", \"language\": \"kuery\"}, \"filter\": []}"
                },
                "savedSearchRefName": "search_0",
                "title": "Destination Port and Transport [Filebeat Cisco]",
                "uiStateJSON": "{}",
                "version": 1,
                "visState": "{\"type\": \"pie\", \"title\": \"Destination Port and Transport [Filebeat Cisco]\", \"aggs\": [{\"schema\": \"metric\", \"type\": \"count\", \"enabled\": true, \"id\": \"1\", \"params\": {}}, {\"schema\": \"segment\", \"type\": \"terms\", \"enabled\": true, \"id\": \"2\", \"params\": {\"field\": \"network.transport\", \"orderBy\": \"1\", \"order\": \"desc\", \"missingBucket\": false, \"missingBucketLabel\": \"Missing\", \"otherBucket\": false, \"size\": 5, \"otherBucketLabel\": \"Other\"}}, {\"schema\": \"segment\", \"type\": \"terms\", \"enabled\": true, \"id\": \"3\", \"params\": {\"field\": \"destination.port\", \"orderBy\": \"1\", \"order\": \"desc\", \"missingBucket\": false, \"missingBucketLabel\": \"Missing\", \"otherBucket\": false, \"size\": 5, \"otherBucketLabel\": \"Other\"}}], \"params\": {\"isDonut\": true, \"legendPosition\": \"right\", \"type\": \"pie\", \"addTooltip\": true, \"labels\": {\"last_level\": true, \"show\": false, \"values\": true, \"truncate\": 100}, \"addLegend\": true}}"
            },
            "id": "118da960-4987-11e9-b8ce-ed898b5ef295",
            "migrationVersion": {
                "visualization": "7.0.0"
            },
            "references": [
                {
                    "id": "753406e0-4986-11e9-b8ce-ed898b5ef295",
                    "name": "search_0",
                    "type": "search"
                }
            ],
            "type": "visualization",
            "updated_at": "2019-03-18T14:07:22.932Z",
            "version": "WzI0NiwxXQ=="
        },
        {
            "attributes": {
                "description": "",
                "kibanaSavedObjectMeta": {
                    "searchSourceJSON": "{\"query\": {\"query\": \"\", \"language\": \"kuery\"}, \"filter\": []}"
                },
                "savedSearchRefName": "search_0",
                "title": "Source Port and Transport [Filebeat Cisco]",
                "uiStateJSON": "{}",
                "version": 1,
                "visState": "{\"type\": \"pie\", \"title\": \"Source Port and Transport [Filebeat Cisco]\", \"aggs\": [{\"schema\": \"metric\", \"type\": \"count\", \"enabled\": true, \"id\": \"1\", \"params\": {}}, {\"schema\": \"segment\", \"type\": \"terms\", \"enabled\": true, \"id\": \"2\", \"params\": {\"field\": \"network.transport\", \"orderBy\": \"1\", \"order\": \"desc\", \"missingBucket\": false, \"missingBucketLabel\": \"Missing\", \"otherBucket\": false, \"size\": 5, \"otherBucketLabel\": \"Other\"}}, {\"schema\": \"segment\", \"type\": \"terms\", \"enabled\": true, \"id\": \"3\", \"params\": {\"field\": \"source.port\", \"orderBy\": \"1\", \"order\": \"desc\", \"missingBucket\": false, \"missingBucketLabel\": \"Missing\", \"otherBucket\": false, \"size\": 5, \"otherBucketLabel\": \"Other\"}}], \"params\": {\"isDonut\": true, \"legendPosition\": \"right\", \"type\": \"pie\", \"addTooltip\": true, \"labels\": {\"last_level\": true, \"show\": false, \"values\": true, \"truncate\": 100}, \"addLegend\": true}}"
            },
            "id": "5d0322d0-4987-11e9-b8ce-ed898b5ef295",
            "migrationVersion": {
                "visualization": "7.0.0"
            },
            "references": [
                {
                    "id": "753406e0-4986-11e9-b8ce-ed898b5ef295",
                    "name": "search_0",
                    "type": "search"
                }
            ],
            "type": "visualization",
            "updated_at": "2019-03-18T14:08:54.141Z",
            "version": "WzI0NywxXQ=="
        },
        {
            "attributes": {
                "description": "",
                "kibanaSavedObjectMeta": {
                    "searchSourceJSON": "{\"query\": {\"query\": \"\", \"language\": \"kuery\"}, \"filter\": []}"
                },
                "savedSearchRefName": "search_0",
                "title": "ASA Events Over Time [Filebeat Cisco]",
                "uiStateJSON": "{}",
                "version": 1,
                "visState": "{\"type\": \"histogram\", \"title\": \"ASA Events Over Time [Filebeat Cisco]\", \"aggs\": [{\"schema\": \"metric\", \"type\": \"count\", \"enabled\": true, \"id\": \"1\", \"params\": {}}, {\"schema\": \"group\", \"type\": \"terms\", \"enabled\": true, \"id\": \"2\", \"params\": {\"field\": \"event.outcome\", \"orderBy\": \"1\", \"order\": \"desc\", \"missingBucket\": false, \"missingBucketLabel\": \"Missing\", \"otherBucket\": false, \"size\": 5, \"otherBucketLabel\": \"Other\"}}, {\"schema\": \"segment\", \"type\": \"date_histogram\", \"enabled\": true, \"id\": \"3\", \"params\": {\"field\": \"@timestamp\", \"timeRange\": {\"to\": \"now+1y\", \"from\": \"now-15y\"}, \"drop_partials\": false, \"time_zone\": \"Europe/Madrid\", \"customInterval\": \"2h\", \"useNormalizedEsInterval\": true, \"extended_bounds\": {}, \"interval\": \"auto\", \"min_doc_count\": 1}}], \"params\": {\"valueAxes\": [{\"name\": \"LeftAxis-1\", \"id\": \"ValueAxis-1\", \"scale\": {\"mode\": \"normal\", \"type\": \"linear\"}, \"type\": \"value\", \"position\": \"left\", \"labels\": {\"show\": true, \"filter\": false, \"truncate\": 100, \"rotate\": 0}, \"show\": true, \"title\": {\"text\": \"Count\"}, \"style\": {}}], \"seriesParams\": [{\"data\": {\"id\": \"1\", \"label\": \"Count\"}, \"showCircles\": true, \"drawLinesBetweenPoints\": true, \"mode\": \"stacked\", \"type\": \"histogram\", \"valueAxis\": \"ValueAxis-1\", \"show\": \"true\"}], \"grid\": {\"categoryLines\": false}, \"legendPosition\": \"right\", \"addTooltip\": true, \"times\": [], \"categoryAxes\": [{\"id\": \"CategoryAxis-1\", \"scale\": {\"type\": \"linear\"}, \"type\": \"category\", \"position\": \"bottom\", \"labels\": {\"show\": true, \"truncate\": 100}, \"show\": true, \"title\": {}, \"style\": {}}], \"addLegend\": true, \"type\": \"histogram\", \"addTimeMarker\": false}}"
            },
            "id": "a3b5ab10-4989-11e9-b8ce-ed898b5ef295",
            "migrationVersion": {
                "visualization": "7.0.0"
            },
            "references": [
                {
                    "id": "96c6ff60-4986-11e9-b8ce-ed898b5ef295",
                    "name": "search_0",
                    "type": "search"
                }
            ],
            "type": "visualization",
            "updated_at": "2019-03-18T14:27:16.950Z",
            "version": "WzI1MSwxXQ=="
        },
        {
            "attributes": {
                "description": "",
                "kibanaSavedObjectMeta": {
                    "searchSourceJSON": "{\"query\": {\"query\": \"\", \"language\": \"kuery\"}, \"filter\": []}"
                },
                "savedSearchRefName": "search_0",
                "title": "ASA Flows by Network Bytes [Filebeat Cisco]",
                "uiStateJSON": "{}",
                "version": 1,
                "visState": "{\"type\": \"histogram\", \"title\": \"ASA Flows by Network Bytes [Filebeat Cisco]\", \"aggs\": [{\"schema\": \"segment\", \"type\": \"date_histogram\", \"enabled\": true, \"id\": \"2\", \"params\": {\"field\": \"@timestamp\", \"timeRange\": {\"to\": \"now+1y\", \"from\": \"now-15y\"}, \"drop_partials\": false, \"time_zone\": \"Europe/Madrid\", \"customInterval\": \"2h\", \"useNormalizedEsInterval\": true, \"extended_bounds\": {}, \"interval\": \"auto\", \"min_doc_count\": 1}}, {\"schema\": \"metric\", \"type\": \"sum\", \"enabled\": true, \"id\": \"3\", \"params\": {\"field\": \"network.bytes\", \"customLabel\": \"Total bytes\"}}], \"params\": {\"valueAxes\": [{\"name\": \"LeftAxis-1\", \"id\": \"ValueAxis-1\", \"scale\": {\"mode\": \"normal\", \"type\": \"linear\"}, \"type\": \"value\", \"position\": \"left\", \"labels\": {\"show\": true, \"filter\": false, \"truncate\": 100, \"rotate\": 0}, \"show\": true, \"title\": {\"text\": \"Total bytes\"}, \"style\": {}}], \"seriesParams\": [{\"data\": {\"id\": \"3\", \"label\": \"Total bytes\"}, \"showCircles\": true, \"drawLinesBetweenPoints\": true, \"mode\": \"stacked\", \"type\": \"histogram\", \"valueAxis\": \"ValueAxis-1\", \"show\": true}], \"grid\": {\"categoryLines\": false}, \"legendPosition\": \"right\", \"addTooltip\": true, \"times\": [], \"categoryAxes\": [{\"id\": \"CategoryAxis-1\", \"scale\": {\"type\": \"linear\"}, \"type\": \"category\", \"position\": \"bottom\", \"labels\": {\"show\": true, \"truncate\": 100}, \"show\": true, \"title\": {}, \"style\": {}}], \"addLegend\": true, \"type\": \"histogram\", \"addTimeMarker\": false}}"
            },
            "id": "80d0c1b0-498a-11e9-b8ce-ed898b5ef295",
            "migrationVersion": {
                "visualization": "7.0.0"
            },
            "references": [
                {
                    "id": "753406e0-4986-11e9-b8ce-ed898b5ef295",
                    "name": "search_0",
                    "type": "search"
                }
            ],
            "type": "visualization",
            "updated_at": "2019-03-18T14:31:22.699Z",
            "version": "WzI1MiwxXQ=="
        },
        {
            "attributes": {
                "description": "",
                "kibanaSavedObjectMeta": {
                    "searchSourceJSON": "{\"query\": {\"query\": \"\", \"language\": \"kuery\"}, \"filter\": []}"
                },
                "savedSearchRefName": "search_0",
                "title": "ASA Firewall Blocked by Source [Filebeat Cisco]",
                "uiStateJSON": "{\"vis\": {\"params\": {\"sort\": {\"columnIndex\": null, \"direction\": null}}}}",
                "version": 1,
                "visState": "{\"type\": \"table\", \"title\": \"ASA Firewall Blocked by Source [Filebeat Cisco]\", \"aggs\": [{\"schema\": \"metric\", \"type\": \"count\", \"enabled\": true, \"id\": \"1\", \"params\": {\"customLabel\": \"\"}}, {\"schema\": \"bucket\", \"type\": \"terms\", \"enabled\": true, \"id\": \"2\", \"params\": {\"field\": \"source.ip\", \"orderBy\": \"1\", \"order\": \"desc\", \"missingBucket\": false, \"missingBucketLabel\": \"Missing\", \"otherBucket\": false, \"size\": 5, \"otherBucketLabel\": \"Other\"}}], \"params\": {\"totalFunc\": \"sum\", \"perPage\": 10, \"showMetricsAtAllLevels\": false, \"showTotal\": false, \"showPartialRows\": false, \"sort\": {\"columnIndex\": null, \"direction\": null}}}"
            },
            "id": "d05cdf60-498b-11e9-b8ce-ed898b5ef295",
            "migrationVersion": {
                "visualization": "7.0.0"
            },
            "references": [
                {
                    "id": "96c6ff60-4986-11e9-b8ce-ed898b5ef295",
                    "name": "search_0",
                    "type": "search"
                }
            ],
            "type": "visualization",
            "updated_at": "2019-03-18T14:42:05.159Z",
            "version": "WzI1NCwxXQ=="
        },
        {
            "attributes": {
                "description": "",
                "kibanaSavedObjectMeta": {
                    "searchSourceJSON": "{\"query\": {\"query\": \"event.outcome:\\\"deny\\\"\", \"language\": \"kuery\"}, \"filter\": []}"
                },
                "savedSearchRefName": "search_0",
                "title": "ASA Top ACL by Blocked [Filebeat Cisco]",
                "uiStateJSON": "{\"vis\": {\"params\": {\"sort\": {\"columnIndex\": null, \"direction\": null}}}}",
                "version": 1,
                "visState": "{\"type\": \"table\", \"title\": \"ASA Top ACL by Blocked [Filebeat Cisco]\", \"aggs\": [{\"schema\": \"metric\", \"type\": \"count\", \"enabled\": true, \"id\": \"1\", \"params\": {\"customLabel\": \"\"}}, {\"schema\": \"bucket\", \"type\": \"terms\", \"enabled\": true, \"id\": \"2\", \"params\": {\"field\": \"cisco.asa.rule_name\", \"orderBy\": \"1\", \"size\": 5, \"order\": \"desc\", \"missingBucket\": false, \"customLabel\": \"ACL ID\", \"otherBucket\": false, \"missingBucketLabel\": \"Missing\", \"otherBucketLabel\": \"Other\"}}], \"params\": {\"totalFunc\": \"sum\", \"perPage\": 10, \"showMetricsAtAllLevels\": false, \"showTotal\": false, \"showPartialRows\": false, \"sort\": {\"columnIndex\": null, \"direction\": null}}}"
            },
            "id": "08ef4d90-499b-11e9-b8ce-ed898b5ef295",
            "migrationVersion": {
                "visualization": "7.0.0"
            },
            "references": [
                {
                    "id": "96c6ff60-4986-11e9-b8ce-ed898b5ef295",
                    "name": "search_0",
                    "type": "search"
                }
            ],
            "type": "visualization",
            "updated_at": "2019-03-18T16:29:43.017Z",
            "version": "WzI1NywxXQ=="
        },
        {
            "attributes": {
                "description": "",
                "kibanaSavedObjectMeta": {
                    "searchSourceJSON": "{\"query\": {\"query\": \"\", \"language\": \"kuery\"}, \"filter\": []}"
                },
                "savedSearchRefName": "search_0",
                "title": "Top ASA Messages [Filebeat Cisco]",
                "uiStateJSON": "{\"vis\": {\"params\": {\"sort\": {\"columnIndex\": 1, \"direction\": \"desc\"}}}}",
                "version": 1,
                "visState": "{\"type\": \"table\", \"title\": \"Top ASA Messages [Filebeat Cisco]\", \"aggs\": [{\"schema\": \"bucket\", \"type\": \"terms\", \"enabled\": true, \"id\": \"2\", \"params\": {\"field\": \"cisco.asa.message_id\", \"orderBy\": \"_key\", \"size\": 15, \"order\": \"desc\", \"missingBucket\": false, \"customLabel\": \"ID\", \"otherBucket\": false, \"missingBucketLabel\": \"Missing\", \"otherBucketLabel\": \"Other\"}}, {\"schema\": \"metric\", \"type\": \"count\", \"enabled\": true, \"id\": \"3\", \"params\": {}}, {\"schema\": \"metric\", \"type\": \"top_hits\", \"enabled\": true, \"id\": \"4\", \"params\": {\"field\": \"log.level\", \"size\": 1, \"aggregate\": \"concat\", \"sortField\": \"@timestamp\", \"customLabel\": \"Severity\", \"sortOrder\": \"desc\"}}, {\"schema\": \"metric\", \"type\": \"top_hits\", \"enabled\": true, \"id\": \"1\", \"params\": {\"field\": \"event.original\", \"size\": 1, \"aggregate\": \"concat\", \"sortField\": \"@timestamp\", \"customLabel\": \"Sample message\", \"sortOrder\": \"desc\"}}], \"params\": {\"totalFunc\": \"sum\", \"perPage\": 10, \"showMetricsAtAllLevels\": false, \"showTotal\": true, \"showPartialRows\": false, \"sort\": {\"columnIndex\": null, \"direction\": null}}}"
            },
            "id": "fd89b1e0-49a2-11e9-b8ce-ed898b5ef295",
            "migrationVersion": {
                "visualization": "7.0.0"
            },
            "references": [
                {
                    "id": "14fce5e0-498f-11e9-b8ce-ed898b5ef295",
                    "name": "search_0",
                    "type": "search"
                }
            ],
            "type": "visualization",
            "updated_at": "2019-03-18T17:26:39.870Z",
            "version": "WzI1OSwxXQ=="
        },
        {
            "attributes": {
                "columns": [
                    "_source"
                ],
                "description": "",
                "hits": 0,
                "kibanaSavedObjectMeta": {
                    "searchSourceJSON": "{\"version\": true, \"query\": {\"query\": \"cisco.asa.message_id:* and event.action:\\\"flow-expiration\\\"\", \"language\": \"kuery\"}, \"filter\": [], \"highlightAll\": true, \"indexRefName\": \"kibanaSavedObjectMeta.searchSourceJSON.index\"}"
                },
                "sort": [
                    "@timestamp",
                    "desc"
                ],
                "title": "ASA Firewall flows [Filebeat Cisco]",
                "version": 1
            },
            "id": "753406e0-4986-11e9-b8ce-ed898b5ef295",
            "migrationVersion": {
                "search": "7.0.0"
            },
            "references": [
                {
                    "id": "filebeat-*",
                    "name": "kibanaSavedObjectMeta.searchSourceJSON.index",
                    "type": "index-pattern"
                }
            ],
            "type": "search",
            "updated_at": "2019-03-18T14:02:44.176Z",
            "version": "WzI0MywxXQ=="
        },
        {
            "attributes": {
                "columns": [
                    "_source"
                ],
                "description": "",
                "hits": 0,
                "kibanaSavedObjectMeta": {
                    "searchSourceJSON": "{\"version\": true, \"query\": {\"query\": \"cisco.asa.message_id:* and event.action:\\\"firewall-rule\\\"\", \"language\": \"kuery\"}, \"filter\": [], \"highlightAll\": true, \"indexRefName\": \"kibanaSavedObjectMeta.searchSourceJSON.index\"}"
                },
                "sort": [
                    "@timestamp",
                    "desc"
                ],
                "title": "ASA Firewall Events [Filebeat Cisco]",
                "version": 1
            },
            "id": "96c6ff60-4986-11e9-b8ce-ed898b5ef295",
            "migrationVersion": {
                "search": "7.0.0"
            },
            "references": [
                {
                    "id": "filebeat-*",
                    "name": "kibanaSavedObjectMeta.searchSourceJSON.index",
                    "type": "index-pattern"
                }
            ],
            "type": "search",
            "updated_at": "2019-03-18T14:03:21.558Z",
            "version": "WzI0NCwxXQ=="
        },
        {
            "attributes": {
                "columns": [
                    "_source"
                ],
                "description": "",
                "hits": 0,
                "kibanaSavedObjectMeta": {
                    "searchSourceJSON": "{\"version\": true, \"query\": {\"query\": \"cisco.asa.message_id :*\", \"language\": \"kuery\"}, \"filter\": [], \"highlightAll\": true, \"indexRefName\": \"kibanaSavedObjectMeta.searchSourceJSON.index\"}"
                },
                "sort": [
                    "@timestamp",
                    "desc"
                ],
                "title": "All ASA Logs [Filebeat Cisco]",
                "version": 1
            },
            "id": "14fce5e0-498f-11e9-b8ce-ed898b5ef295",
            "migrationVersion": {
                "search": "7.0.0"
            },
            "references": [
                {
                    "id": "filebeat-*",
                    "name": "kibanaSavedObjectMeta.searchSourceJSON.index",
                    "type": "index-pattern"
                }
            ],
            "type": "search",
            "updated_at": "2019-03-18T15:04:09.277Z",
            "version": "WzI1NiwxXQ=="
        }
    ],
    "version": "7.0.0-SNAPSHOT"
}