{
    "objects": [
        {
            "attributes": {
                "description": "",
                "kibanaSavedObjectMeta": {
                    "searchSourceJSON": "{\"filter\": []}"
                },
                "savedSearchId": "Apache-access-logs-ecs",
                "title": "Unique IPs map [Filebeat Apache] ECS",
                "uiStateJSON": "{\"mapCenter\": [14.944784875088372, 5.09765625]}",
                "version": 1,
                "visState": "{\"listeners\": {}, \"type\": \"tile_map\", \"title\": \"Apache access unique IPs map ECS\", \"aggs\": [{\"schema\": \"metric\", \"type\": \"cardinality\", \"enabled\": true, \"id\": \"1\", \"params\": {\"field\": \"source.address\"}}, {\"schema\": \"segment\", \"type\": \"geohash_grid\", \"enabled\": true, \"id\": \"2\", \"params\": {\"field\": \"source.geo.location\", \"autoPrecision\": true}}], \"params\": {\"heatNormalizeData\": true, \"wms\": {\"options\": {\"layers\": \"0\", \"transparent\": true, \"version\": \"1.3.0\", \"attribution\": \"Maps provided by USGS\", \"format\": \"image/png\", \"styles\": \"\"}, \"url\": \"https://basemap.nationalmap.gov/arcgis/services/USGSTopo/MapServer/WMSServer\", \"enabled\": false}, \"addTooltip\": true, \"heatMinOpacity\": 0.1, \"mapType\": \"Scaled Circle Markers\", \"mapCenter\": [15, 5], \"heatBlur\": 15, \"mapZoom\": 2, \"isDesaturated\": true, \"heatRadius\": 25, \"heatMaxZoom\": 16, \"legendPosition\": \"bottomright\"}}"
            },
            "id": "Apache-access-unique-IPs-map-ecs",
            "type": "visualization",
            "version": 1
        },
        {
            "attributes": {
                "description": "",
                "kibanaSavedObjectMeta": {
                    "searchSourceJSON": "{\"filter\": []}"
                },
                "savedSearchId": "Apache-access-logs-ecs",
                "title": "Top URLs by response code [Filebeat Apache] ECS",
                "uiStateJSON": "{\"vis\": {\"colors\": {\"200\": \"#7EB26D\", \"404\": \"#EF843C\"}}}",
                "version": 1,
                "visState": "{\"listeners\": {}, \"type\": \"pie\", \"title\": \"Apache response codes of top URLs ECS\", \"aggs\": [{\"schema\": \"metric\", \"type\": \"count\", \"enabled\": true, \"id\": \"1\", \"params\": {}}, {\"schema\": \"split\", \"type\": \"terms\", \"enabled\": true, \"id\": \"3\", \"params\": {\"field\": \"url.original\", \"orderBy\": \"1\", \"order\": \"desc\", \"customLabel\": \"URL\", \"size\": 5, \"row\": false}}, {\"schema\": \"segment\", \"type\": \"terms\", \"enabled\": true, \"id\": \"2\", \"params\": {\"field\": \"http.response.status_code\", \"orderBy\": \"1\", \"size\": 5, \"order\": \"desc\"}}], \"params\": {\"addTooltip\": true, \"isDonut\": false, \"shareYAxis\": true, \"addLegend\": true, \"legendPosition\": \"right\"}}"
            },
            "id": "Apache-response-codes-of-top-URLs-ecs",
            "type": "visualization",
            "version": 1
        },
        {
            "attributes": {
                "description": "",
                "kibanaSavedObjectMeta": {
                    "searchSourceJSON": "{\"filter\": []}"
                },
                "savedSearchId": "Apache-access-logs-ecs",
                "title": "Browsers breakdown [Filebeat Apache] ECS",
                "uiStateJSON": "{}",
                "version": 1,
                "visState": "{\"listeners\": {}, \"type\": \"pie\", \"title\": \"Apache browsers ECS\", \"aggs\": [{\"schema\": \"metric\", \"type\": \"cardinality\", \"enabled\": true, \"id\": \"1\", \"params\": {\"field\": \"source.address\"}}, {\"schema\": \"segment\", \"type\": \"terms\", \"enabled\": true, \"id\": \"2\", \"params\": {\"field\": \"user_agent.name\", \"orderBy\": \"1\", \"size\": 5, \"order\": \"desc\"}}, {\"schema\": \"segment\", \"type\": \"terms\", \"enabled\": true, \"id\": \"3\", \"params\": {\"field\": \"user_agent.version\", \"orderBy\": \"1\", \"size\": 5, \"order\": \"desc\"}}], \"params\": {\"addTooltip\": true, \"isDonut\": true, \"shareYAxis\": true, \"addLegend\": true, \"legendPosition\": \"bottom\"}}"
            },
            "id": "Apache-browsers-ecs",
            "type": "visualization",
            "version": 1
        },
        {
            "attributes": {
                "description": "",
                "kibanaSavedObjectMeta": {
                    "searchSourceJSON": "{\"filter\": []}"
                },
                "savedSearchId": "Apache-access-logs-ecs",
                "title": "Operating systems breakdown [Filebeat Apache] ECS",
                "uiStateJSON": "{}",
                "version": 1,
                "visState": "{\"listeners\": {}, \"type\": \"pie\", \"title\": \"Apache operating systems ECS\", \"aggs\": [{\"schema\": \"metric\", \"type\": \"cardinality\", \"enabled\": true, \"id\": \"1\", \"params\": {\"field\": \"source.address\"}}, {\"schema\": \"segment\", \"type\": \"terms\", \"enabled\": true, \"id\": \"2\", \"params\": {\"field\": \"user_agent.os.name\", \"orderBy\": \"1\", \"size\": 5, \"order\": \"desc\"}}, {\"schema\": \"segment\", \"type\": \"terms\", \"enabled\": true, \"id\": \"3\", \"params\": {\"field\": \"user_agent.os.version\", \"orderBy\": \"1\", \"size\": 5, \"order\": \"desc\"}}], \"params\": {\"addTooltip\": true, \"isDonut\": true, \"shareYAxis\": true, \"addLegend\": true, \"legendPosition\": \"bottom\"}}"
            },
            "id": "Apache-operating-systems-ecs",
            "type": "visualization",
            "version": 1
        },
        {
            "attributes": {
                "description": "",
                "kibanaSavedObjectMeta": {
                    "searchSourceJSON": "{\"filter\": []}"
                },
                "savedSearchId": "Apache-errors-log-ecs",
                "title": "Error logs over time [Filebeat Apache] ECS",
                "uiStateJSON": "{}",
                "version": 1,
                "visState": "{\"listeners\": {}, \"type\": \"histogram\", \"title\": \"Apache error logs over time ECS\", \"aggs\": [{\"schema\": \"metric\", \"type\": \"count\", \"enabled\": true, \"id\": \"1\", \"params\": {}}, {\"schema\": \"segment\", \"type\": \"date_histogram\", \"enabled\": true, \"id\": \"2\", \"params\": {\"field\": \"@timestamp\", \"interval\": \"auto\", \"extended_bounds\": {}, \"customInterval\": \"2h\", \"min_doc_count\": 1}}, {\"schema\": \"group\", \"type\": \"terms\", \"enabled\": true, \"id\": \"3\", \"params\": {\"field\": \"log.level\", \"orderBy\": \"1\", \"size\": 5, \"order\": \"desc\"}}], \"params\": {\"scale\": \"linear\", \"defaultYExtents\": false, \"legendPosition\": \"right\", \"mode\": \"stacked\", \"setYExtents\": false, \"addTooltip\": true, \"times\": [], \"shareYAxis\": true, \"yAxis\": {}, \"addLegend\": true, \"addTimeMarker\": false}}"
            },
            "id": "Apache-error-logs-over-time-ecs",
            "type": "visualization",
            "version": 1
        },
        {
            "attributes": {
                "description": "",
                "kibanaSavedObjectMeta": {
                    "searchSourceJSON": "{\"filter\": []}"
                },
                "savedSearchId": "Apache-access-logs-ecs",
                "title": "Response codes over time [Filebeat Apache] ECS",
                "uiStateJSON": "{\"vis\": {\"colors\": {\"200\": \"#629E51\", \"404\": \"#EF843C\"}}}",
                "version": 1,
                "visState": "{\"listeners\": {}, \"type\": \"histogram\", \"title\": \"Apache response codes over time ECS\", \"aggs\": [{\"schema\": \"metric\", \"type\": \"count\", \"enabled\": true, \"id\": \"1\", \"params\": {}}, {\"schema\": \"segment\", \"type\": \"date_histogram\", \"enabled\": true, \"id\": \"2\", \"params\": {\"field\": \"@timestamp\", \"interval\": \"auto\", \"extended_bounds\": {}, \"customInterval\": \"2h\", \"min_doc_count\": 1}}, {\"schema\": \"group\", \"type\": \"terms\", \"enabled\": true, \"id\": \"3\", \"params\": {\"field\": \"http.response.status_code\", \"orderBy\": \"1\", \"size\": 5, \"order\": \"desc\"}}], \"params\": {\"scale\": \"linear\", \"defaultYExtents\": false, \"legendPosition\": \"right\", \"mode\": \"stacked\", \"setYExtents\": false, \"addTooltip\": true, \"times\": [], \"shareYAxis\": true, \"yAxis\": {}, \"addLegend\": true, \"addTimeMarker\": false}}"
            },
            "id": "Apache-response-codes-over-time-ecs",
            "type": "visualization",
            "version": 1
        },
        {
            "attributes": {
                "columns": [
                    "source.address",
                    "log.level",
                    "apache2.error.module",
                    "message"
                ],
                "description": "",
                "hits": 0,
                "kibanaSavedObjectMeta": {
                    "searchSourceJSON": "{\"query\": {\"query\": \"event.dataset:apache.error\", \"language\": \"kuery\"}, \"highlight\": {\"fragment_size\": 2147483647, \"pre_tags\": [\"@kibana-highlighted-field@\"], \"fields\": {\"*\": {}}, \"require_field_match\": false, \"post_tags\": [\"@/kibana-highlighted-field@\"]}, \"filter\": [], \"index\": \"filebeat-*\"}"
                },
                "sort": [
                    "@timestamp",
                    "desc"
                ],
                "title": "Apache errors log [Filebeat Apache] ECS",
                "version": 1
            },
            "id": "Apache-errors-log-ecs",
            "type": "search",
            "version": 1
        },
        {
            "attributes": {
                "columns": [
                    "source.address",
                    "http.request.method",
                    "url.original",
                    "http.response.status_code"
                ],
                "description": "",
                "hits": 0,
                "kibanaSavedObjectMeta": {
                    "searchSourceJSON": "{\"query\": {\"query\": \"event.dataset:apache.access\", \"language\": \"kuery\"}, \"highlight\": {\"fragment_size\": 2147483647, \"pre_tags\": [\"@kibana-highlighted-field@\"], \"fields\": {\"*\": {}}, \"require_field_match\": false, \"post_tags\": [\"@/kibana-highlighted-field@\"]}, \"filter\": [], \"index\": \"filebeat-*\"}"
                },
                "sort": [
                    "@timestamp",
                    "desc"
                ],
                "title": "Apache access logs [Filebeat Apache] ECS",
                "version": 1
            },
            "id": "Apache-access-logs-ecs",
            "type": "search",
            "version": 1
        },
        {
            "attributes": {
                "description": "Filebeat Apache module dashboard",
                "hits": 0,
                "kibanaSavedObjectMeta": {
                    "searchSourceJSON": "{\"query\": {\"query\": \"\", \"language\": \"kuery\"}, \"filter\": [], \"highlightAll\": true, \"version\": true}"
                },
                "optionsJSON": "{\"darkTheme\": false}",
                "panelsJSON": "[{\"size_y\": 3, \"id\": \"Apache-access-unique-IPs-map-ecs\", \"type\": \"visualization\", \"size_x\": 12, \"panelIndex\": 1, \"col\": 1, \"row\": 1}, {\"size_y\": 3, \"id\": \"Apache-response-codes-of-top-URLs-ecs\", \"type\": \"visualization\", \"size_x\": 8, \"panelIndex\": 2, \"col\": 1, \"row\": 6}, {\"size_y\": 3, \"id\": \"Apache-browsers-ecs\", \"type\": \"visualization\", \"size_x\": 4, \"panelIndex\": 3, \"col\": 9, \"row\": 6}, {\"size_y\": 2, \"id\": \"Apache-operating-systems-ecs\", \"type\": \"visualization\", \"size_x\": 2, \"panelIndex\": 4, \"col\": 11, \"row\": 4}, {\"size_y\": 2, \"id\": \"Apache-error-logs-over-time-ecs\", \"type\": \"visualization\", \"size_x\": 12, \"panelIndex\": 5, \"col\": 1, \"row\": 9}, {\"size_y\": 2, \"id\": \"Apache-response-codes-over-time-ecs\", \"type\": \"visualization\", \"size_x\": 10, \"panelIndex\": 6, \"col\": 1, \"row\": 4}, {\"size_y\": 3, \"sort\": [\"@timestamp\", \"desc\"], \"id\": \"Apache-errors-log-ecs\", \"type\": \"search\", \"size_x\": 12, \"panelIndex\": 7, \"columns\": [\"source.address\", \"log.level\", \"apache2.error.module\", \"message\"], \"col\": 1, \"row\": 11}]",
                "timeRestore": false,
                "title": "[Filebeat Apache] Access and error logs ECS",
                "uiStateJSON": "{\"P-1\": {\"mapBounds\": {\"top_left\": {\"lon\": -205.6640625, \"lat\": 67.7427590666639}, \"bottom_right\": {\"lon\": 205.3125, \"lat\": -3.864254615721396}}, \"mapCollar\": {\"zoom\": 2, \"top_left\": {\"lon\": -180, \"lat\": 90}, \"bottom_right\": {\"lon\": 180, \"lat\": -39.667755}}, \"mapZoom\": 2, \"mapCenter\": [40.713955826286046, -0.17578125]}}",
                "version": 1
            },
            "id": "Filebeat-Apache-Dashboard-ecs",
            "type": "dashboard",
            "version": 2
        }
    ],
    "version": "6.0.0-beta1-SNAPSHOT"
}