{
    "objects": [
        {
            "attributes": {
                "description": "Network data overview.",
                "hits": 0,
                "kibanaSavedObjectMeta": {
                    "searchSourceJSON": "{\"query\": {\"query\": \"*\", \"language\": \"lucene\"}, \"filter\": [], \"highlightAll\": true, \"version\": true}"
                },
                "optionsJSON": "{\"darkTheme\": false}",
                "panelsJSON": "[{\"panelIndex\": \"1\", \"panelRefName\": \"panel_0\", \"embeddableConfig\": {}, \"gridData\": {\"w\": 48, \"i\": \"1\", \"h\": 8, \"y\": 44, \"x\": 0}, \"version\": \"7.3.0\"}, {\"panelIndex\": \"2\", \"panelRefName\": \"panel_1\", \"embeddableConfig\": {}, \"gridData\": {\"w\": 48, \"i\": \"2\", \"h\": 8, \"y\": 68, \"x\": 0}, \"version\": \"7.3.0\"}, {\"panelIndex\": \"5\", \"panelRefName\": \"panel_2\", \"embeddableConfig\": {}, \"gridData\": {\"w\": 48, \"i\": \"5\", \"h\": 8, \"y\": 12, \"x\": 0}, \"version\": \"7.3.0\"}, {\"panelIndex\": \"6\", \"panelRefName\": \"panel_3\", \"embeddableConfig\": {}, \"gridData\": {\"w\": 48, \"i\": \"6\", \"h\": 8, \"y\": 60, \"x\": 0}, \"version\": \"7.3.0\"}, {\"panelIndex\": \"7\", \"panelRefName\": \"panel_4\", \"embeddableConfig\": {\"vis\": {\"legendOpen\": false, \"defaultColors\": {\"0 - 100\": \"rgb(0,104,55)\"}}}, \"gridData\": {\"w\": 40, \"i\": \"7\", \"h\": 8, \"y\": 4, \"x\": 0}, \"version\": \"7.3.0\"}, {\"panelIndex\": \"9\", \"panelRefName\": \"panel_5\", \"embeddableConfig\": {\"vis\": {\"colors\": {\"/Success\": \"#629E51\", \"/Attempt\": \"#0A50A1\", \"/Failure\": \"#BF1B00\"}}}, \"gridData\": {\"w\": 16, \"i\": \"9\", \"h\": 12, \"y\": 20, \"x\": 0}, \"version\": \"7.3.0\"}, {\"panelIndex\": \"11\", \"panelRefName\": \"panel_6\", \"embeddableConfig\": {\"vis\": {\"colors\": {\"/Success\": \"#629E51\", \"/Attempt\": \"#0A50A1\", \"/Failure\": \"#BF1B00\"}}}, \"gridData\": {\"w\": 16, \"i\": \"11\", \"h\": 12, \"y\": 20, \"x\": 16}, \"version\": \"7.3.0\"}, {\"panelIndex\": \"13\", \"panelRefName\": \"panel_7\", \"embeddableConfig\": {\"vis\": {\"params\": {\"sort\": {\"columnIndex\": null, \"direction\": null}}}}, \"gridData\": {\"w\": 32, \"i\": \"13\", \"h\": 12, \"y\": 32, \"x\": 0}, \"version\": \"7.3.0\"}, {\"panelIndex\": \"15\", \"panelRefName\": \"panel_8\", \"embeddableConfig\": {\"vis\": {\"legendOpen\": false, \"defaultColors\": {\"0% - 17%\": \"rgb(255,255,204)\", \"67% - 84%\": \"rgb(244,61,37)\", \"84% - 100%\": \"rgb(202,8,35)\", \"17% - 34%\": \"rgb(255,230,146)\", \"34% - 50%\": \"rgb(254,191,90)\", \"50% - 67%\": \"rgb(253,141,60)\"}}}, \"gridData\": {\"w\": 16, \"i\": \"15\", \"h\": 12, \"y\": 32, \"x\": 32}, \"version\": \"7.3.0\"}, {\"panelIndex\": \"16\", \"panelRefName\": \"panel_9\", \"embeddableConfig\": {\"vis\": {\"colors\": {\"VPN\": \"#EAB839\", \"Anti-Virus\": \"#EF843C\", \"Content Security\": \"#7EB26D\", \"Integrated Security\": \"#962D82\", \"Network-based IDS/IPS\": \"#1F78C1\", \"Firewall\": \"#E24D42\", \"Operating System\": \"#1F78C1\"}}}, \"gridData\": {\"w\": 16, \"i\": \"16\", \"h\": 12, \"y\": 20, \"x\": 32}, \"version\": \"7.3.0\"}, {\"panelIndex\": \"17\", \"panelRefName\": \"panel_10\", \"embeddableConfig\": {}, \"gridData\": {\"w\": 48, \"i\": \"17\", \"h\": 8, \"y\": 52, \"x\": 0}, \"version\": \"7.3.0\"}, {\"panelIndex\": \"18\", \"panelRefName\": \"panel_11\", \"embeddableConfig\": {\"vis\": {\"params\": {\"sort\": {\"columnIndex\": null, \"direction\": null}}}}, \"gridData\": {\"w\": 24, \"i\": \"18\", \"h\": 16, \"y\": 76, \"x\": 0}, \"version\": \"7.3.0\"}, {\"panelIndex\": \"19\", \"panelRefName\": \"panel_12\", \"embeddableConfig\": {}, \"gridData\": {\"w\": 24, \"i\": \"19\", \"h\": 16, \"y\": 76, \"x\": 24}, \"version\": \"7.3.0\"}, {\"panelIndex\": \"20\", \"panelRefName\": \"panel_13\", \"embeddableConfig\": {}, \"gridData\": {\"w\": 8, \"i\": \"20\", \"h\": 8, \"y\": 4, \"x\": 40}, \"version\": \"7.3.0\"}, {\"panelIndex\": \"21\", \"panelRefName\": \"panel_14\", \"embeddableConfig\": {}, \"gridData\": {\"w\": 48, \"i\": \"21\", \"h\": 4, \"y\": 0, \"x\": 0}, \"version\": \"7.3.0\"}, {\"panelIndex\": \"24\", \"panelRefName\": \"panel_15\", \"embeddableConfig\": {\"mapZoom\": 1, \"mapCenter\": [-0.3515602939922709, 0]}, \"gridData\": {\"w\": 24, \"i\": \"24\", \"h\": 24, \"y\": 92, \"x\": 0}, \"version\": \"7.3.0\"}, {\"panelIndex\": \"25\", \"panelRefName\": \"panel_16\", \"embeddableConfig\": {\"mapZoom\": 1, \"mapCenter\": [-0.3515602939922709, 0]}, \"gridData\": {\"w\": 24, \"i\": \"25\", \"h\": 24, \"y\": 92, \"x\": 24}, \"version\": \"7.3.0\"}]",
                "refreshInterval": {
                    "display": "Off",
                    "pause": false,
                    "value": 0
                },
                "timeFrom": "now-24h",
                "timeRestore": true,
                "timeTo": "now",
                "title": "[Filebeat CEF] Network Overview Dashboard",
                "version": 1
            },
            "id": "dd0bc9af-2e89-4150-9b42-62517ea56b71",
            "migrationVersion": {
                "dashboard": "7.3.0"
            },
            "references": [
                {
                    "id": "f5258de9-71f7-410f-b713-201007f77470",
                    "name": "panel_0",
                    "type": "visualization"
                },
                {
                    "id": "0abfc226-535b-45a2-b534-e9bc87e5584f",
                    "name": "panel_1",
                    "type": "visualization"
                },
                {
                    "id": "a97e3628-022b-46cf-8f29-a73cf9bb4e26",
                    "name": "panel_2",
                    "type": "visualization"
                },
                {
                    "id": "499f50ba-2f84-4f7c-9021-73a4efc47921",
                    "name": "panel_3",
                    "type": "visualization"
                },
                {
                    "id": "d061c7a9-7f92-4bf4-b35c-499b9f4b987a",
                    "name": "panel_4",
                    "type": "visualization"
                },
                {
                    "id": "b1002b5c-08fc-4bbe-b9a0-6243a8637e60",
                    "name": "panel_5",
                    "type": "visualization"
                },
                {
                    "id": "df056709-2deb-4363-ae7a-b0148ea456c6",
                    "name": "panel_6",
                    "type": "visualization"
                },
                {
                    "id": "e89a64e8-928c-41fc-8745-3c8157b21cdb",
                    "name": "panel_7",
                    "type": "visualization"
                },
                {
                    "id": "a729c249-8d34-4eb1-bbb0-5d25cf224114",
                    "name": "panel_8",
                    "type": "visualization"
                },
                {
                    "id": "3c19f138-2ab3-4ecb-bb1b-86fb90158042",
                    "name": "panel_9",
                    "type": "visualization"
                },
                {
                    "id": "e513c269-350c-40c3-ac20-16c5782103b8",
                    "name": "panel_10",
                    "type": "visualization"
                },
                {
                    "id": "8f6075c5-f525-4173-92a4-3a56e96e362d",
                    "name": "panel_11",
                    "type": "visualization"
                },
                {
                    "id": "013ff153-7b80-490b-8fec-6e56cba785ed",
                    "name": "panel_12",
                    "type": "visualization"
                },
                {
                    "id": "33747d52-ec4c-4d91-86d8-fbdf9b9c82db",
                    "name": "panel_13",
                    "type": "visualization"
                },
                {
                    "id": "c394e650-b16c-407c-b305-bd409d69d433",
                    "name": "panel_14",
                    "type": "visualization"
                },
                {
                    "id": "8b31af8b-522e-41fe-b9d6-9a3451b54108",
                    "name": "panel_15",
                    "type": "visualization"
                },
                {
                    "id": "4fccee0c-7193-4aa8-919f-0b0b0a16d013",
                    "name": "panel_16",
                    "type": "visualization"
                }
            ],
            "type": "dashboard",
            "updated_at": "2019-10-25T16:30:05.361Z",
            "version": "WzEzMDcsMV0="
        },
        {
            "attributes": {
                "description": "",
                "kibanaSavedObjectMeta": {
                    "searchSourceJSON": "{\"filter\": []}"
                },
                "savedSearchRefName": "search_0",
                "title": "Top 10 Application Protocols [Filebeat CEF]",
                "uiStateJSON": "{}",
                "version": 1,
                "visState": "{\"listeners\": {}, \"type\": \"tagcloud\", \"title\": \"Top 10 Application Protocols [Filebeat CEF]\", \"aggs\": [{\"schema\": \"metric\", \"type\": \"count\", \"enabled\": true, \"id\": \"1\", \"params\": {}}, {\"schema\": \"segment\", \"type\": \"terms\", \"enabled\": true, \"id\": \"2\", \"params\": {\"field\": \"network.application\", \"orderBy\": \"1\", \"size\": 20, \"order\": \"desc\"}}], \"params\": {\"hideLabel\": false, \"orientation\": \"single\", \"maxFontSize\": 72, \"scale\": \"square root\", \"minFontSize\": 26}}"
            },
            "id": "f5258de9-71f7-410f-b713-201007f77470",
            "migrationVersion": {
                "visualization": "7.3.1"
            },
            "references": [
                {
                    "id": "68202a5c-c8f2-432f-8c08-04fbfacb95c8",
                    "name": "search_0",
                    "type": "search"
                }
            ],
            "type": "visualization",
            "updated_at": "2019-10-25T16:30:05.361Z",
            "version": "WzEzMDgsMV0="
        },
        {
            "attributes": {
                "description": "",
                "kibanaSavedObjectMeta": {
                    "searchSourceJSON": "{\"query\": {\"query_string\": {\"query\": \"*\"}}, \"filter\": []}"
                },
                "title": "Bandwidth Utilization [Filebeat CEF]",
                "uiStateJSON": "{}",
                "version": 1,
                "visState": "{\"listeners\": {}, \"type\": \"metrics\", \"title\": \"Bandwidth Utilization [Filebeat CEF]\", \"aggs\": [], \"params\": {\"filter\": {\"query\": \"cef.extensions.categoryDeviceGroup:\\\"/Firewall\\\" OR cef.extensions.categoryDeviceGroup:\\\"/IDS/Network\\\" OR cef.extensions.categoryDeviceGroup:\\\"/VPN\\\" \", \"language\": \"lucene\"}, \"type\": \"timeseries\", \"background_color\": null, \"series\": [{\"fill\": 0.5, \"chart_type\": \"line\", \"seperate_axis\": 0, \"formatter\": \"bytes\", \"axis_position\": \"right\", \"series_index_pattern\": \"filebeat-*\", \"terms_field\": \"observer.hostname\", \"override_index_pattern\": 1, \"series_time_field\": \"@timestamp\", \"color\": \"rgba(0,156,224,1)\", \"stacked\": \"none\", \"metrics\": [{\"field\": \"source.bytes\", \"id\": \"9ce9ec3a-2f11-4935-91b2-531494d2a619\", \"type\": \"sum\"}], \"id\": \"d27f09dc-b07e-493f-a223-a85033ad6548\", \"terms_order_by\": \"_count\", \"split_mode\": \"everything\", \"point_size\": 1, \"line_width\": 1, \"label\": \"Inbound\"}, {\"fill\": 0.5, \"chart_type\": \"line\", \"seperate_axis\": 0, \"steps\": 0, \"formatter\": \"bytes\", \"axis_position\": \"right\", \"series_index_pattern\": \"filebeat-*\", \"override_index_pattern\": 1, \"series_time_field\": \"@timestamp\", \"color\": \"rgba(244,78,59,1)\", \"stacked\": \"none\", \"metrics\": [{\"field\": \"destination.bytes\", \"id\": \"11b1852f-9b62-4e96-8128-522e6c5bf16d\", \"type\": \"sum\"}, {\"script\": \"params.outbound > 0 ? params.outbound * -1 : 0\", \"variables\": [{\"field\": \"11b1852f-9b62-4e96-8128-522e6c5bf16d\", \"name\": \"outbound\", \"id\": \"c57067f2-2927-41d8-97f4-9f47b3b3bcae\"}], \"id\": \"2a6b00bf-1658-4d02-b4e2-61ad6e4c3a9b\", \"type\": \"calculation\"}], \"id\": \"b1ef2c75-5916-469d-8790-5b213367a5a0\", \"split_mode\": \"everything\", \"point_size\": 1, \"line_width\": 1, \"label\": \"Outbound\"}], \"axis_formatter\": \"number\", \"time_field\": \"@timestamp\", \"interval\": \"auto\", \"id\": \"ec53a1d3-213c-4b0f-a074-5005a84cdb83\", \"index_pattern\": \"filebeat-*\", \"bar_color_rules\": [{\"id\": \"23db5bf6-f787-474e-86ab-76362432e984\"}], \"show_legend\": 1, \"axis_position\": \"left\"}}"
            },
            "id": "0abfc226-535b-45a2-b534-e9bc87e5584f",
            "migrationVersion": {
                "visualization": "7.3.1"
            },
            "references": [],
            "type": "visualization",
            "updated_at": "2019-10-25T16:30:05.361Z",
            "version": "WzEzMDksMV0="
        },
        {
            "attributes": {
                "description": "",
                "kibanaSavedObjectMeta": {
                    "searchSourceJSON": "{\"query\": {\"query_string\": {\"query\": \"*\"}}, \"filter\": []}"
                },
                "title": "Events by Source [Filebeat CEF]",
                "uiStateJSON": "{}",
                "version": 1,
                "visState": "{\"listeners\": {}, \"type\": \"metrics\", \"title\": \"Events by Source [Filebeat CEF]\", \"aggs\": [], \"params\": {\"bar_color_rules\": [{\"id\": \"23db5bf6-f787-474e-86ab-76362432e984\"}], \"gauge_inner_width\": 10, \"time_field\": \"@timestamp\", \"type\": \"timeseries\", \"background_color\": null, \"series\": [{\"fill\": \"0\", \"chart_type\": \"line\", \"filter\": {\"query\": \"cef.extensions.categoryDeviceGroup:\\\"/Firewall\\\"\", \"language\": \"lucene\"}, \"steps\": 0, \"formatter\": \"number\", \"axis_position\": \"right\", \"split_filters\": [{\"color\": \"rgba(244,78,59,1)\", \"filter\": {\"query\": \"cef.extensions.categoryDeviceGroup:\\\"/Firewall\\\"\", \"language\": \"lucene\"}, \"id\": \"0c929603-fc92-4ebc-a963-fe2795417d89\", \"label\": \"Firewall Events\"}, {\"color\": \"rgba(254,146,0,1)\", \"filter\": {\"query\": \"cef.extensions.categoryDeviceGroup:\\\"/IDS/Network\\\"\", \"language\": \"lucene\"}, \"id\": \"7798827b-87ab-436b-9e62-9fe36143eb9b\", \"label\": \"Intrusion Detection Events\"}, {\"color\": \"rgba(252,220,0,1)\", \"filter\": {\"query\": \"cef.extensions.categoryDeviceGroup:\\\"/VPN\\\"\", \"language\": \"lucene\"}, \"id\": \"490f7ad7-8218-45f9-85a9-a4dd9ed7da13\", \"label\": \"VPN\"}], \"terms_field\": \"observer.hostname\", \"color\": \"rgba(244,78,59,1)\", \"stacked\": \"none\", \"metrics\": [{\"id\": \"c5dbb050-fc10-4a0d-abe0-bc093db6cf0e\", \"type\": \"count\"}, {\"field\": \"c5dbb050-fc10-4a0d-abe0-bc093db6cf0e\", \"sigma\": \"\", \"model_type\": \"simple\", \"beta\": 0.1, \"id\": \"e5a48d9d-7834-4da7-8d78-7d4528136b9b\", \"period\": 1, \"alpha\": 0.3, \"multiplicative\": false, \"type\": \"moving_average\", \"gamma\": 0.3, \"window\": \"10\"}], \"id\": \"04c44192-1112-4515-a8d9-e9e13215aecf\", \"terms_order_by\": null, \"seperate_axis\": 1, \"split_mode\": \"filters\", \"point_size\": \"0\", \"line_width\": \"3\", \"label\": \"Events\"}, {\"split_color_mode\": \"gradient\", \"fill\": \"0.5\", \"chart_type\": \"bar\", \"seperate_axis\": 1, \"formatter\": \"number\", \"axis_position\": \"left\", \"terms_field\": \"observer.hostname\", \"terms_size\": \"10\", \"color\": \"rgba(0,156,224,1)\", \"stacked\": \"none\", \"metrics\": [{\"id\": \"dc74afdf-64ad-47d6-bbed-114e09d12255\", \"type\": \"count\"}, {\"field\": \"dc74afdf-64ad-47d6-bbed-114e09d12255\", \"model_type\": \"simple\", \"beta\": 0.1, \"id\": \"87e21aaa-12eb-4213-bb37-41cb19219240\", \"period\": 1, \"alpha\": 0.3, \"multiplicative\": false, \"type\": \"moving_average\", \"gamma\": 0.3, \"window\": \"10\"}], \"id\": \"29d6131a-5143-4a64-b597-9538692f0269\", \"split_mode\": \"terms\", \"point_size\": 1, \"line_width\": 1, \"label\": \"Moving Average by Device Hosts\"}], \"axis_formatter\": \"number\", \"index_pattern\": \"filebeat-*\", \"show_legend\": 1, \"id\": \"ec53a1d3-213c-4b0f-a074-5005a84cdb83\", \"gauge_color_rules\": [{\"id\": \"3ed9a6b9-fd2e-4e0d-bd83-7ad467b3c8a4\"}], \"gauge_style\": \"half\", \"filter\": {\"query\": \"cef.extensions.categoryDeviceType:\\\"Firewall\\\" OR cef.extensions.categoryDeviceGroup:\\\"/IDS/Network\\\" OR cef.extensions.categoryDeviceGroup:\\\"/VPN\\\"\", \"language\": \"lucene\"}, \"interval\": \"auto\", \"axis_position\": \"left\", \"gauge_width\": 10, \"background_color_rules\": [{\"id\": \"2fddda5e-d6fc-4581-bbb7-574e1017ae8f\"}]}}"
            },
            "id": "a97e3628-022b-46cf-8f29-a73cf9bb4e26",
            "migrationVersion": {
                "visualization": "7.3.1"
            },
            "references": [],
            "type": "visualization",
            "updated_at": "2019-10-25T16:30:05.361Z",
            "version": "WzEzMTAsMV0="
        },
        {
            "attributes": {
                "description": "",
                "kibanaSavedObjectMeta": {
                    "searchSourceJSON": "{\"query\": {\"query_string\": {\"query\": \"*\"}}, \"filter\": []}"
                },
                "title": "Events by Outcome [Filebeat CEF]",
                "uiStateJSON": "{}",
                "version": 1,
                "visState": "{\"listeners\": {}, \"type\": \"metrics\", \"title\": \"Events by Outcome [Filebeat CEF]\", \"aggs\": [], \"params\": {\"bar_color_rules\": [{\"bar_color\": null, \"value\": 0, \"id\": \"23db5bf6-f787-474e-86ab-76362432e984\"}], \"gauge_inner_width\": 10, \"time_field\": \"@timestamp\", \"type\": \"timeseries\", \"background_color\": null, \"series\": [{\"fill\": \"0\", \"chart_type\": \"line\", \"filter\": {\"query\": \"(cef.extensions.categoryDeviceGroup:\\\"/Firewall\\\" OR cef.extensions.categoryDeviceGroup:\\\"/IDS/Network\\\" OR cef.extensions.categoryDeviceGroup:\\\"/VPN\\\") AND _exists_:cef.extensions.categoryOutcome\", \"language\": \"lucene\"}, \"steps\": 0, \"formatter\": \"number\", \"axis_position\": \"right\", \"split_filters\": [{\"color\": \"rgba(254,146,0,1)\", \"filter\": {\"query\": \"cef.extensions.categoryDeviceGroup:\\\"/Firewall\\\"\", \"language\": \"lucene\"}, \"id\": \"4c7aac7d-2749-41b6-8136-40dc8636a7e7\", \"label\": \"Firewall\"}], \"terms_field\": \"observer.hostname\", \"color\": \"rgba(211,49,21,1)\", \"stacked\": \"none\", \"metrics\": [{\"id\": \"c5dbb050-fc10-4a0d-abe0-bc093db6cf0e\", \"type\": \"count\"}, {\"field\": \"c5dbb050-fc10-4a0d-abe0-bc093db6cf0e\", \"model_type\": \"simple\", \"beta\": 0.1, \"id\": \"c43af7e6-3f06-48a4-a7c3-7ba8bd6214f9\", \"period\": 1, \"alpha\": 0.3, \"multiplicative\": false, \"type\": \"moving_average\", \"gamma\": 0.3, \"window\": \"10\"}], \"id\": \"04c44192-1112-4515-a8d9-e9e13215aecf\", \"terms_order_by\": null, \"seperate_axis\": 0, \"split_mode\": \"filter\", \"point_size\": \"0\", \"line_width\": \"3\", \"label\": \"Events\"}, {\"fill\": \"1\", \"chart_type\": \"bar\", \"seperate_axis\": 0, \"formatter\": \"number\", \"axis_position\": \"left\", \"split_filters\": [{\"color\": \"rgba(104,188,0,0.35)\", \"filter\": \"cef.extensions.categoryOutcome:\\\"/Success\\\"\", \"id\": \"cb1ae397-13a0-4b6f-a848-bcdc96870f05\", \"label\": \"Success\"}, {\"color\": \"rgba(244,78,59,1)\", \"filter\": \"cef.extensions.categoryOutcome:\\\"/Failure\\\"\", \"id\": \"ef021c15-1b95-4334-bc3c-e2950e9b0f6f\", \"label\": \"Failure\"}, {\"color\": \"rgba(0,156,224,1)\", \"filter\": \"cef.extensions.categoryOutcome:\\\"/Attempt\\\"\", \"id\": \"2ff1e859-b178-4824-a0f2-69a115932b98\", \"label\": \"Attempt\"}], \"terms_field\": \"cef.extensions.categoryOutcome\", \"terms_size\": \"3\", \"color\": \"rgba(104,188,0,1)\", \"stacked\": \"stacked\", \"metrics\": [{\"id\": \"dc74afdf-64ad-47d6-bbed-114e09d12255\", \"type\": \"count\"}], \"id\": \"29d6131a-5143-4a64-b597-9538692f0269\", \"split_mode\": \"filters\", \"point_size\": 1, \"line_width\": 1, \"label\": \"Moving Average by Event Outcome\"}], \"axis_formatter\": \"number\", \"index_pattern\": \"filebeat-*\", \"show_legend\": 1, \"drilldown_url\": \"\", \"id\": \"ec53a1d3-213c-4b0f-a074-5005a84cdb83\", \"gauge_color_rules\": [{\"id\": \"3ed9a6b9-fd2e-4e0d-bd83-7ad467b3c8a4\"}], \"gauge_style\": \"half\", \"filter\": {\"query\": \"cef.extensions.categoryDeviceType:\\\"Firewall\\\" OR cef.extensions.categoryDeviceGroup:\\\"/IDS/Network\\\" OR cef.extensions.categoryDeviceGroup:\\\"/VPN\\\"\", \"language\": \"lucene\"}, \"interval\": \"auto\", \"axis_position\": \"left\", \"gauge_width\": 10, \"background_color_rules\": [{\"id\": \"2fddda5e-d6fc-4581-bbb7-574e1017ae8f\"}]}}"
            },
            "id": "499f50ba-2f84-4f7c-9021-73a4efc47921",
            "migrationVersion": {
                "visualization": "7.3.1"
            },
            "references": [],
            "type": "visualization",
            "updated_at": "2019-10-25T16:30:05.361Z",
            "version": "WzEzMTEsMV0="
        },
        {
            "attributes": {
                "description": "",
                "kibanaSavedObjectMeta": {
                    "searchSourceJSON": "{\"filter\": []}"
                },
                "savedSearchRefName": "search_0",
                "title": "Device Metrics Overview [Filebeat CEF]",
                "uiStateJSON": "{\"vis\": {\"defaultColors\": {\"0 - 100\": \"rgb(0,104,55)\"}}}",
                "version": 1,
                "visState": "{\"listeners\": {}, \"type\": \"metric\", \"title\": \"Device Metrics Overview [Filebeat CEF]\", \"aggs\": [{\"schema\": \"metric\", \"type\": \"count\", \"enabled\": true, \"id\": \"8\", \"params\": {\"customLabel\": \"Event Count\"}}, {\"schema\": \"metric\", \"type\": \"cardinality\", \"enabled\": true, \"id\": \"4\", \"params\": {\"field\": \"observer.hostname\", \"customLabel\": \"Devices\"}}, {\"schema\": \"metric\", \"type\": \"cardinality\", \"enabled\": true, \"id\": \"5\", \"params\": {\"field\": \"source.ip\", \"customLabel\": \"Sources\"}}, {\"schema\": \"metric\", \"type\": \"cardinality\", \"enabled\": true, \"id\": \"6\", \"params\": {\"field\": \"destination.ip\", \"customLabel\": \"Destinations\"}}, {\"schema\": \"metric\", \"type\": \"cardinality\", \"enabled\": true, \"id\": \"7\", \"params\": {\"field\": \"destination.port\", \"customLabel\": \"Ports\"}}], \"params\": {\"gauge\": {\"style\": {\"fontSize\": \"12\", \"bgFill\": \"#000\", \"bgColor\": false, \"labelColor\": false, \"subText\": \"\"}, \"colorSchema\": \"Green to Red\", \"autoExtend\": false, \"gaugeType\": \"Metric\", \"backStyle\": \"Full\", \"type\": \"simple\", \"gaugeColorMode\": \"None\", \"gaugeStyle\": \"Full\", \"percentageMode\": false, \"colorsRange\": [{\"to\": 100, \"from\": 0}], \"scale\": {\"color\": \"#333\", \"labels\": false, \"show\": false, \"width\": 2}, \"labels\": {\"color\": \"black\", \"show\": true}, \"verticalSplit\": false, \"orientation\": \"vertical\", \"useRange\": false, \"invertColors\": false}, \"type\": \"gauge\", \"addTooltip\": true, \"handleNoResults\": true, \"fontSize\": \"30\", \"addLegend\": false}}"
            },
            "id": "d061c7a9-7f92-4bf4-b35c-499b9f4b987a",
            "migrationVersion": {
                "visualization": "7.3.1"
            },
            "references": [
                {
                    "id": "68202a5c-c8f2-432f-8c08-04fbfacb95c8",
                    "name": "search_0",
                    "type": "search"
                }
            ],
            "type": "visualization",
            "updated_at": "2019-10-25T16:30:05.361Z",
            "version": "WzEzMTIsMV0="
        },
        {
            "attributes": {
                "description": "",
                "kibanaSavedObjectMeta": {
                    "searchSourceJSON": "{\"filter\": []}"
                },
                "savedSearchRefName": "search_0",
                "title": "Outcome by Device Type [Filebeat CEF]",
                "uiStateJSON": "{\"vis\": {\"colors\": {\"/Success\": \"#629E51\", \"/Failure\": \"#BF1B00\"}}}",
                "version": 1,
                "visState": "{\"listeners\": {}, \"type\": \"histogram\", \"title\": \"Outcome by Device Type [Filebeat CEF]\", \"aggs\": [{\"schema\": \"metric\", \"type\": \"count\", \"enabled\": true, \"id\": \"1\", \"params\": {}}, {\"schema\": \"segment\", \"type\": \"terms\", \"enabled\": true, \"id\": \"2\", \"params\": {\"field\": \"cef.extensions.categoryDeviceType\", \"customLabel\": \"Firewall Types\", \"size\": 10, \"order\": \"desc\", \"orderBy\": \"1\"}}, {\"schema\": \"group\", \"type\": \"terms\", \"enabled\": true, \"id\": \"3\", \"params\": {\"field\": \"cef.extensions.categoryOutcome\", \"customLabel\": \"Event Outcome\", \"size\": 3, \"order\": \"desc\", \"orderBy\": \"1\"}}], \"params\": {\"interpolate\": \"linear\", \"defaultYExtents\": false, \"seriesParams\": [{\"data\": {\"id\": \"1\", \"label\": \"Count\"}, \"showCircles\": true, \"drawLinesBetweenPoints\": true, \"mode\": \"stacked\", \"type\": \"histogram\", \"valueAxis\": \"ValueAxis-1\", \"show\": \"true\"}], \"legendPosition\": \"right\", \"drawLinesBetweenPoints\": true, \"addTooltip\": true, \"times\": [], \"categoryAxes\": [{\"id\": \"CategoryAxis-1\", \"scale\": {\"type\": \"linear\"}, \"type\": \"category\", \"position\": \"bottom\", \"labels\": {\"show\": true, \"truncate\": 100, \"rotate\": 75}, \"show\": true, \"title\": {\"text\": \"Firewall Types\"}, \"style\": {}}], \"radiusRatio\": 9, \"addLegend\": true, \"showCircles\": true, \"valueAxes\": [{\"name\": \"LeftAxis-1\", \"id\": \"ValueAxis-1\", \"scale\": {\"mode\": \"percentage\", \"type\": \"square root\"}, \"type\": \"value\", \"position\": \"left\", \"labels\": {\"show\": true, \"filter\": false, \"truncate\": 100, \"rotate\": 0}, \"show\": true, \"title\": {}, \"style\": {}}], \"orderBucketsBySum\": true, \"addTimeMarker\": false, \"grid\": {\"categoryLines\": false, \"style\": {\"color\": \"#eee\"}}, \"scale\": \"linear\", \"setYExtents\": false}}"
            },
            "id": "b1002b5c-08fc-4bbe-b9a0-6243a8637e60",
            "migrationVersion": {
                "visualization": "7.3.1"
            },
            "references": [
                {
                    "id": "68202a5c-c8f2-432f-8c08-04fbfacb95c8",
                    "name": "search_0",
                    "type": "search"
                }
            ],
            "type": "visualization",
            "updated_at": "2019-10-25T16:30:05.361Z",
            "version": "WzEzMTMsMV0="
        },
        {
            "attributes": {
                "description": "",
                "kibanaSavedObjectMeta": {
                    "searchSourceJSON": "{\"filter\": []}"
                },
                "savedSearchRefName": "search_0",
                "title": "Destination Ports by Outcome [Filebeat CEF]",
                "uiStateJSON": "{\"vis\": {\"colors\": {\"/Success\": \"#629E51\", \"/Failure\": \"#BF1B00\"}}}",
                "version": 1,
                "visState": "{\"listeners\": {}, \"type\": \"histogram\", \"title\": \"Destination Ports by Outcome [Filebeat CEF]\", \"aggs\": [{\"schema\": \"metric\", \"type\": \"count\", \"enabled\": true, \"id\": \"1\", \"params\": {}}, {\"schema\": \"segment\", \"type\": \"terms\", \"enabled\": true, \"id\": \"2\", \"params\": {\"field\": \"destination.port\", \"customLabel\": \"Protocols\", \"size\": 10, \"order\": \"desc\", \"orderBy\": \"1\"}}, {\"schema\": \"group\", \"type\": \"terms\", \"enabled\": true, \"id\": \"3\", \"params\": {\"field\": \"cef.extensions.categoryOutcome\", \"orderBy\": \"1\", \"size\": 5, \"order\": \"desc\"}}], \"params\": {\"interpolate\": \"linear\", \"defaultYExtents\": false, \"seriesParams\": [{\"data\": {\"id\": \"1\", \"label\": \"Count\"}, \"showCircles\": true, \"drawLinesBetweenPoints\": true, \"mode\": \"stacked\", \"type\": \"histogram\", \"valueAxis\": \"ValueAxis-1\", \"show\": \"true\"}], \"legendPosition\": \"right\", \"drawLinesBetweenPoints\": true, \"addTooltip\": true, \"times\": [], \"categoryAxes\": [{\"id\": \"CategoryAxis-1\", \"scale\": {\"type\": \"linear\"}, \"type\": \"category\", \"position\": \"bottom\", \"labels\": {\"show\": true, \"truncate\": 100, \"rotate\": 75}, \"show\": true, \"title\": {\"text\": \"Protocols\"}, \"style\": {}}], \"radiusRatio\": 9, \"addLegend\": true, \"showCircles\": true, \"valueAxes\": [{\"name\": \"LeftAxis-1\", \"id\": \"ValueAxis-1\", \"scale\": {\"mode\": \"percentage\", \"type\": \"linear\"}, \"type\": \"value\", \"position\": \"left\", \"labels\": {\"show\": true, \"filter\": false, \"truncate\": 100, \"rotate\": 0}, \"show\": true, \"title\": {\"text\": \"Count\"}, \"style\": {}}], \"addTimeMarker\": false, \"grid\": {\"categoryLines\": false, \"style\": {\"color\": \"#eee\"}}, \"scale\": \"linear\", \"setYExtents\": false}}"
            },
            "id": "df056709-2deb-4363-ae7a-b0148ea456c6",
            "migrationVersion": {
                "visualization": "7.3.1"
            },
            "references": [
                {
                    "id": "68202a5c-c8f2-432f-8c08-04fbfacb95c8",
                    "name": "search_0",
                    "type": "search"
                }
            ],
            "type": "visualization",
            "updated_at": "2019-10-25T16:30:05.361Z",
            "version": "WzEzMTQsMV0="
        },
        {
            "attributes": {
                "description": "",
                "kibanaSavedObjectMeta": {
                    "searchSourceJSON": "{\"filter\": []}"
                },
                "savedSearchRefName": "search_0",
                "title": "Top 10 Devices by Bandwidth [Filebeat CEF]",
                "uiStateJSON": "{\"vis\": {\"params\": {\"sort\": {\"columnIndex\": null, \"direction\": null}}}}",
                "version": 1,
                "visState": "{\"listeners\": {}, \"type\": \"table\", \"title\": \"Top 10 Devices by Bandwidth [Filebeat CEF]\", \"aggs\": [{\"schema\": \"bucket\", \"type\": \"terms\", \"enabled\": true, \"id\": \"2\", \"params\": {\"field\": \"observer.hostname\", \"customLabel\": \"Device\", \"size\": 10, \"order\": \"desc\", \"orderBy\": \"1\"}}, {\"schema\": \"metric\", \"type\": \"cardinality\", \"enabled\": true, \"id\": \"4\", \"params\": {\"field\": \"source.ip\", \"customLabel\": \"Source(s)\"}}, {\"schema\": \"metric\", \"type\": \"cardinality\", \"enabled\": true, \"id\": \"5\", \"params\": {\"field\": \"destination.ip\", \"customLabel\": \"Destination(s)\"}}, {\"schema\": \"metric\", \"type\": \"cardinality\", \"enabled\": true, \"id\": \"6\", \"params\": {\"field\": \"destination.port\", \"customLabel\": \"Destination Ports\"}}, {\"schema\": \"metric\", \"type\": \"sum\", \"enabled\": true, \"id\": \"1\", \"params\": {\"field\": \"source.bytes\", \"customLabel\": \"Bandwidth (Incoming)\"}}, {\"schema\": \"metric\", \"type\": \"sum\", \"enabled\": true, \"id\": \"3\", \"params\": {\"field\": \"destination.bytes\", \"customLabel\": \"Bandwidth (Outgoing)\"}}], \"params\": {\"totalFunc\": \"sum\", \"perPage\": 10, \"showMeticsAtAllLevels\": false, \"showTotal\": false, \"showPartialRows\": false, \"sort\": {\"columnIndex\": null, \"direction\": null}}}"
            },
            "id": "e89a64e8-928c-41fc-8745-3c8157b21cdb",
            "migrationVersion": {
                "visualization": "7.3.1"
            },
            "references": [
                {
                    "id": "68202a5c-c8f2-432f-8c08-04fbfacb95c8",
                    "name": "search_0",
                    "type": "search"
                }
            ],
            "type": "visualization",
            "updated_at": "2019-10-25T16:30:05.361Z",
            "version": "WzEzMTUsMV0="
        },
        {
            "attributes": {
                "description": "",
                "kibanaSavedObjectMeta": {
                    "searchSourceJSON": "{\"filter\": []}"
                },
                "savedSearchRefName": "search_0",
                "title": "Top 10 Devices by Outcome [Filebeat CEF]",
                "uiStateJSON": "{\"vis\": {\"defaultColors\": {\"0% - 17%\": \"rgb(255,255,204)\", \"67% - 84%\": \"rgb(244,61,37)\", \"84% - 100%\": \"rgb(202,8,35)\", \"17% - 34%\": \"rgb(255,230,146)\", \"34% - 50%\": \"rgb(254,191,90)\", \"50% - 67%\": \"rgb(253,141,60)\"}}}",
                "version": 1,
                "visState": "{\"listeners\": {}, \"type\": \"heatmap\", \"title\": \"Top 10 Devices by Outcome [Filebeat CEF]\", \"aggs\": [{\"schema\": \"metric\", \"type\": \"count\", \"enabled\": true, \"id\": \"1\", \"params\": {}}, {\"schema\": \"segment\", \"type\": \"terms\", \"enabled\": true, \"id\": \"2\", \"params\": {\"field\": \"observer.hostname\", \"customLabel\": \"Device Host Names\", \"size\": 10, \"order\": \"desc\", \"orderBy\": \"1\"}}, {\"schema\": \"group\", \"type\": \"terms\", \"enabled\": true, \"id\": \"3\", \"params\": {\"field\": \"cef.extensions.categoryOutcome\", \"customLabel\": \"Event Outcome\", \"size\": 5, \"order\": \"desc\", \"orderBy\": \"1\"}}], \"params\": {\"colorsNumber\": 6, \"colorSchema\": \"Yellow to Red\", \"legendPosition\": \"right\", \"addTooltip\": true, \"times\": [], \"addLegend\": true, \"valueAxes\": [{\"labels\": {\"color\": \"#555\", \"show\": false, \"rotate\": 0}, \"show\": false, \"scale\": {\"defaultYExtents\": false, \"type\": \"linear\"}, \"id\": \"ValueAxis-1\", \"type\": \"value\"}], \"enableHover\": true, \"colorsRange\": [], \"percentageMode\": true, \"setColorRange\": false, \"invertColors\": false}}"
            },
            "id": "a729c249-8d34-4eb1-bbb0-5d25cf224114",
            "migrationVersion": {
                "visualization": "7.3.1"
            },
            "references": [
                {
                    "id": "68202a5c-c8f2-432f-8c08-04fbfacb95c8",
                    "name": "search_0",
                    "type": "search"
                }
            ],
            "type": "visualization",
            "updated_at": "2019-10-25T16:30:05.361Z",
            "version": "WzEzMTYsMV0="
        },
        {
            "attributes": {
                "description": "",
                "kibanaSavedObjectMeta": {
                    "searchSourceJSON": "{\"filter\": []}"
                },
                "savedSearchRefName": "search_0",
                "title": "Device Type Breakdown [Filebeat CEF]",
                "uiStateJSON": "{}",
                "version": 1,
                "visState": "{\"listeners\": {}, \"type\": \"pie\", \"title\": \"Device Type Breakdown [Filebeat CEF]\", \"aggs\": [{\"schema\": \"metric\", \"type\": \"count\", \"enabled\": true, \"id\": \"1\", \"params\": {}}, {\"schema\": \"segment\", \"type\": \"terms\", \"enabled\": true, \"id\": \"2\", \"params\": {\"field\": \"cef.extensions.categoryDeviceType\", \"customLabel\": \"Firewall Types\", \"size\": 5, \"order\": \"desc\", \"orderBy\": \"1\"}}], \"params\": {\"addTooltip\": true, \"isDonut\": false, \"addLegend\": true, \"legendPosition\": \"right\"}}"
            },
            "id": "3c19f138-2ab3-4ecb-bb1b-86fb90158042",
            "migrationVersion": {
                "visualization": "7.3.1"
            },
            "references": [
                {
                    "id": "68202a5c-c8f2-432f-8c08-04fbfacb95c8",
                    "name": "search_0",
                    "type": "search"
                }
            ],
            "type": "visualization",
            "updated_at": "2019-10-25T16:30:05.361Z",
            "version": "WzEzMTcsMV0="
        },
        {
            "attributes": {
                "description": "",
                "kibanaSavedObjectMeta": {
                    "searchSourceJSON": "{\"query\": {\"query_string\": {\"query\": \"*\"}}, \"filter\": []}"
                },
                "title": "Events by Device Types [Filebeat CEF]",
                "uiStateJSON": "{}",
                "version": 1,
                "visState": "{\"listeners\": {}, \"type\": \"metrics\", \"title\": \"Events by Device Types [Filebeat CEF]\", \"aggs\": [], \"params\": {\"bar_color_rules\": [{\"id\": \"23db5bf6-f787-474e-86ab-76362432e984\"}], \"gauge_inner_width\": 10, \"time_field\": \"@timestamp\", \"type\": \"timeseries\", \"background_color\": null, \"series\": [{\"fill\": \"0\", \"chart_type\": \"line\", \"filter\": \"\", \"steps\": 0, \"formatter\": \"number\", \"axis_position\": \"right\", \"split_filters\": [{\"color\": \"rgba(244,78,59,1)\", \"filter\": \"cef.extensions.categoryDeviceGroup:\\\"/Firewall\\\"\", \"id\": \"78bfdf07-ec02-4dd8-8ff4-b7e250c561c2\", \"label\": \"Firewall\"}], \"terms_field\": \"observer.hostname\", \"color\": \"rgba(211,49,21,1)\", \"stacked\": \"none\", \"metrics\": [{\"id\": \"c5dbb050-fc10-4a0d-abe0-bc093db6cf0e\", \"type\": \"count\"}, {\"field\": \"c5dbb050-fc10-4a0d-abe0-bc093db6cf0e\", \"sigma\": \"\", \"model_type\": \"simple\", \"beta\": 0.1, \"id\": \"e5a48d9d-7834-4da7-8d78-7d4528136b9b\", \"period\": 1, \"alpha\": 0.3, \"multiplicative\": false, \"type\": \"moving_average\", \"gamma\": 0.3, \"window\": \"10\"}], \"id\": \"04c44192-1112-4515-a8d9-e9e13215aecf\", \"terms_order_by\": null, \"seperate_axis\": 1, \"split_mode\": \"everything\", \"point_size\": \"0\", \"line_width\": \"3\", \"label\": \"Events\"}, {\"fill\": 0.5, \"chart_type\": \"bar\", \"seperate_axis\": 1, \"formatter\": \"number\", \"axis_position\": \"left\", \"terms_field\": \"cef.extensions.categoryDeviceType\", \"terms_size\": \"10\", \"color\": \"rgba(251,158,0,1)\", \"stacked\": \"none\", \"metrics\": [{\"id\": \"dc74afdf-64ad-47d6-bbed-114e09d12255\", \"type\": \"count\"}, {\"field\": \"dc74afdf-64ad-47d6-bbed-114e09d12255\", \"model_type\": \"simple\", \"beta\": 0.1, \"id\": \"87e21aaa-12eb-4213-bb37-41cb19219240\", \"period\": 1, \"alpha\": 0.3, \"multiplicative\": false, \"type\": \"moving_average\", \"gamma\": 0.3, \"window\": \"10\"}], \"id\": \"29d6131a-5143-4a64-b597-9538692f0269\", \"split_mode\": \"terms\", \"point_size\": 1, \"line_width\": 1, \"label\": \"Top Device Types by Mvg Averages\"}], \"axis_formatter\": \"number\", \"index_pattern\": \"filebeat-*\", \"show_legend\": 1, \"id\": \"ec53a1d3-213c-4b0f-a074-5005a84cdb83\", \"gauge_color_rules\": [{\"id\": \"3ed9a6b9-fd2e-4e0d-bd83-7ad467b3c8a4\"}], \"gauge_style\": \"half\", \"filter\": {\"query\": \"cef.extensions.categoryDeviceType:\\\"Firewall\\\" OR cef.extensions.categoryDeviceGroup:\\\"/IDS/Network\\\" OR cef.extensions.categoryDeviceGroup:\\\"/VPN\\\"\", \"language\": \"lucene\"}, \"interval\": \"auto\", \"axis_position\": \"left\", \"gauge_width\": 10, \"background_color_rules\": [{\"id\": \"2fddda5e-d6fc-4581-bbb7-574e1017ae8f\"}]}}"
            },
            "id": "e513c269-350c-40c3-ac20-16c5782103b8",
            "migrationVersion": {
                "visualization": "7.3.1"
            },
            "references": [],
            "type": "visualization",
            "updated_at": "2019-10-25T16:30:05.361Z",
            "version": "WzEzMTgsMV0="
        },
        {
            "attributes": {
                "description": "",
                "kibanaSavedObjectMeta": {
                    "searchSourceJSON": "{\"filter\": []}"
                },
                "savedSearchRefName": "search_0",
                "title": "Top 10 Source Countries by Events [Filebeat CEF]",
                "uiStateJSON": "{\"vis\": {\"params\": {\"sort\": {\"columnIndex\": null, \"direction\": null}}}}",
                "version": 1,
                "visState": "{\"listeners\": {}, \"type\": \"table\", \"title\": \"Top 10 Source Countries by Events [Filebeat CEF]\", \"aggs\": [{\"schema\": \"metric\", \"type\": \"count\", \"enabled\": true, \"id\": \"1\", \"params\": {\"customLabel\": \"Total Events\"}}, {\"schema\": \"bucket\", \"type\": \"terms\", \"enabled\": true, \"id\": \"2\", \"params\": {\"field\": \"source.geo.country_iso_code\", \"customLabel\": \"Source Country\", \"size\": 10, \"order\": \"desc\", \"orderBy\": \"1\"}}, {\"schema\": \"metric\", \"type\": \"cardinality\", \"enabled\": true, \"id\": \"3\", \"params\": {\"field\": \"source.ip\", \"customLabel\": \"Source Addresses\"}}, {\"schema\": \"metric\", \"type\": \"cardinality\", \"enabled\": true, \"id\": \"4\", \"params\": {\"field\": \"destination.ip\", \"customLabel\": \"Destination Addresses\"}}, {\"schema\": \"metric\", \"type\": \"cardinality\", \"enabled\": true, \"id\": \"5\", \"params\": {\"field\": \"destination.port\", \"customLabel\": \"Destination Ports\"}}], \"params\": {\"totalFunc\": \"sum\", \"perPage\": 10, \"showMeticsAtAllLevels\": false, \"showTotal\": false, \"showPartialRows\": false, \"sort\": {\"columnIndex\": null, \"direction\": null}}}"
            },
            "id": "8f6075c5-f525-4173-92a4-3a56e96e362d",
            "migrationVersion": {
                "visualization": "7.3.1"
            },
            "references": [
                {
                    "id": "68202a5c-c8f2-432f-8c08-04fbfacb95c8",
                    "name": "search_0",
                    "type": "search"
                }
            ],
            "type": "visualization",
            "updated_at": "2019-10-25T16:30:05.361Z",
            "version": "WzEzMTksMV0="
        },
        {
            "attributes": {
                "description": "",
                "kibanaSavedObjectMeta": {
                    "searchSourceJSON": "{\"filter\": []}"
                },
                "savedSearchRefName": "search_0",
                "title": "Top 20 Source Countries [Filebeat CEF]",
                "uiStateJSON": "{}",
                "version": 1,
                "visState": "{\"listeners\": {}, \"type\": \"tagcloud\", \"title\": \"Top 20 Source Countries [Filebeat CEF]\", \"aggs\": [{\"schema\": \"metric\", \"type\": \"count\", \"enabled\": true, \"id\": \"1\", \"params\": {}}, {\"schema\": \"segment\", \"type\": \"terms\", \"enabled\": true, \"id\": \"2\", \"params\": {\"field\": \"source.geo.country_iso_code\", \"orderBy\": \"1\", \"size\": 20, \"order\": \"desc\"}}], \"params\": {\"hideLabel\": false, \"orientation\": \"single\", \"maxFontSize\": 72, \"scale\": \"square root\", \"minFontSize\": 26}}"
            },
            "id": "013ff153-7b80-490b-8fec-6e56cba785ed",
            "migrationVersion": {
                "visualization": "7.3.1"
            },
            "references": [
                {
                    "id": "68202a5c-c8f2-432f-8c08-04fbfacb95c8",
                    "name": "search_0",
                    "type": "search"
                }
            ],
            "type": "visualization",
            "updated_at": "2019-10-25T16:30:05.361Z",
            "version": "WzEzMjAsMV0="
        },
        {
            "attributes": {
                "description": "",
                "kibanaSavedObjectMeta": {
                    "searchSourceJSON": "{\"query\": {\"query_string\": {\"query\": \"*\"}}, \"filter\": []}"
                },
                "title": "Network - Event Throughput [Filebeat CEF]",
                "uiStateJSON": "{}",
                "version": 1,
                "visState": "{\"listeners\": {}, \"type\": \"metrics\", \"title\": \"Network - Event Throughput [Filebeat CEF]\", \"aggs\": [], \"params\": {\"index_pattern\": \"filebeat-*\", \"gauge_inner_width\": 10, \"time_field\": \"@timestamp\", \"type\": \"gauge\", \"bar_color_rules\": [{\"id\": \"8d4596c5-49ad-429b-af54-5451b1c2e8d4\"}], \"series\": [{\"fill\": 0.5, \"chart_type\": \"line\", \"seperate_axis\": 0, \"formatter\": \"number\", \"axis_position\": \"right\", \"color\": \"rgba(0,156,224,1)\", \"value_template\": \"{{value}}  / s\", \"stacked\": \"none\", \"metrics\": [{\"id\": \"ba1830b9-9ce3-4bf1-8f4d-f7478b7f1bba\", \"type\": \"count\"}, {\"field\": \"ba1830b9-9ce3-4bf1-8f4d-f7478b7f1bba\", \"id\": \"ca3a65d0-9f3d-42a9-9f4e-16f9e24cba19\", \"type\": \"cumulative_sum\"}, {\"field\": \"ca3a65d0-9f3d-42a9-9f4e-16f9e24cba19\", \"unit\": \"1s\", \"id\": \"6db67bc1-7fff-47e7-a931-f797b1f76732\", \"type\": \"derivative\"}, {\"field\": \"6db67bc1-7fff-47e7-a931-f797b1f76732\", \"model_type\": \"simple\", \"beta\": 0.1, \"id\": \"92bc1447-2b30-498c-ae8a-c67904fc82b2\", \"period\": 1, \"alpha\": 0.3, \"multiplicative\": false, \"type\": \"moving_average\", \"gamma\": 0.3, \"window\": \"10\"}], \"id\": \"90d7621e-3265-4fe8-8882-8df9605ea659\", \"split_mode\": \"everything\", \"point_size\": 1, \"line_width\": 1, \"label\": \"Event Throughput\"}], \"axis_formatter\": \"number\", \"background_color_rules\": [{\"id\": \"3eadd451-5033-423f-88e3-814cc5e50b50\"}], \"show_legend\": 1, \"id\": \"73968651-c41e-473e-a153-a025f49d1a1b\", \"gauge_color_rules\": [{\"gauge\": null, \"value\": 0, \"id\": \"4d957654-cc7e-4ef3-8b29-61c0aeadd51a\"}], \"gauge_max\": \"\", \"gauge_style\": \"half\", \"interval\": \"auto\", \"axis_position\": \"left\", \"gauge_width\": 10, \"filter\": {\"query\": \"cef.extensions.categoryDeviceType:\\\"Firewall\\\" OR cef.extensions.categoryDeviceGroup:\\\"/IDS/Network\\\" OR cef.extensions.categoryDeviceGroup:\\\"/VPN\\\" \", \"language\": \"lucene\"}}}"
            },
            "id": "33747d52-ec4c-4d91-86d8-fbdf9b9c82db",
            "migrationVersion": {
                "visualization": "7.3.1"
            },
            "references": [],
            "type": "visualization",
            "updated_at": "2019-10-25T16:30:06.345Z",
            "version": "WzEzMzgsMV0="
        },
        {
            "attributes": {
                "description": "",
                "kibanaSavedObjectMeta": {
                    "searchSourceJSON": "{\"query\": {\"query_string\": {\"query\": \"*\"}}, \"filter\": []}"
                },
                "title": " Dashboard Navigation [Filebeat CEF]",
                "uiStateJSON": "{}",
                "version": 1,
                "visState": "{\"listeners\": {}, \"type\": \"markdown\", \"title\": \" Dashboard Navigation [Filebeat CEF]\", \"aggs\": [], \"params\": {\"markdown\": \"[Network Overview](#/dashboard/dd0bc9af-2e89-4150-9b42-62517ea56b71) | [Network Suspicious Activity](#/dashboard/db1e1aca-279e-4ecc-b84e-fe58644f7619) | [Endpoint Overview](#dashboard/c10ce1cf-f6b8-4de4-8715-2cb5f6770b3b) | [Endpoint OS Activity](#/dashboard/9e352900-89c3-4c1b-863e-249e24d0dac9) | [Microsoft DNS Overview](#/dashboard/56428e01-0c47-4770-8ba4-9345a029ea41)\"}}"
            },
            "id": "c394e650-b16c-407c-b305-bd409d69d433",
            "migrationVersion": {
                "visualization": "7.3.1"
            },
            "references": [],
            "type": "visualization",
            "updated_at": "2019-10-25T16:30:05.361Z",
            "version": "WzEzMjIsMV0="
        },
        {
            "attributes": {
                "description": "",
                "kibanaSavedObjectMeta": {
                    "searchSourceJSON": "{\"filter\": []}"
                },
                "savedSearchRefName": "search_0",
                "title": "Top Destination Locations by Events [Filebeat CEF]",
                "uiStateJSON": "{}",
                "version": 1,
                "visState": "{\"listeners\": {}, \"type\": \"tile_map\", \"title\": \"Top Destination Locations by Events [Filebeat CEF]\", \"aggs\": [{\"schema\": \"metric\", \"type\": \"count\", \"enabled\": true, \"id\": \"1\", \"params\": {\"customLabel\": \"Event Count\"}}, {\"schema\": \"segment\", \"type\": \"geohash_grid\", \"enabled\": true, \"id\": \"2\", \"params\": {\"field\": \"destination.geo.location\", \"customLabel\": \"Destination Location\", \"precision\": 2, \"autoPrecision\": true, \"useGeocentroid\": true}}], \"params\": {\"heatNormalizeData\": true, \"wms\": {\"options\": {\"layers\": \"0\", \"transparent\": true, \"version\": \"1.3.0\", \"attribution\": \"Maps provided by USGS\", \"format\": \"image/png\", \"styles\": \"\"}, \"url\": \"https://basemap.nationalmap.gov/arcgis/services/USGSTopo/MapServer/WMSServer\", \"enabled\": false}, \"addTooltip\": true, \"heatMinOpacity\": 0.1, \"mapType\": \"Shaded Circle Markers\", \"mapCenter\": [0, 0], \"heatBlur\": 15, \"mapZoom\": 2, \"isDesaturated\": true, \"heatRadius\": 25, \"heatMaxZoom\": 0, \"legendPosition\": \"bottomright\"}}"
            },
            "id": "8b31af8b-522e-41fe-b9d6-9a3451b54108",
            "migrationVersion": {
                "visualization": "7.3.1"
            },
            "references": [
                {
                    "id": "68202a5c-c8f2-432f-8c08-04fbfacb95c8",
                    "name": "search_0",
                    "type": "search"
                }
            ],
            "type": "visualization",
            "updated_at": "2019-10-25T16:30:05.361Z",
            "version": "WzEzMjMsMV0="
        },
        {
            "attributes": {
                "description": "",
                "kibanaSavedObjectMeta": {
                    "searchSourceJSON": "{\"filter\": []}"
                },
                "savedSearchRefName": "search_0",
                "title": "Top Source Locations by Events [Filebeat CEF]",
                "uiStateJSON": "{}",
                "version": 1,
                "visState": "{\"listeners\": {}, \"type\": \"tile_map\", \"title\": \"Top Source Locations by Events [Filebeat CEF]\", \"aggs\": [{\"schema\": \"metric\", \"type\": \"count\", \"enabled\": true, \"id\": \"1\", \"params\": {\"customLabel\": \"Event Count\"}}, {\"schema\": \"segment\", \"type\": \"geohash_grid\", \"enabled\": true, \"id\": \"2\", \"params\": {\"field\": \"source.geo.location\", \"customLabel\": \"Source Location\", \"precision\": 2, \"autoPrecision\": true, \"useGeocentroid\": true}}], \"params\": {\"heatNormalizeData\": true, \"wms\": {\"options\": {\"layers\": \"0\", \"transparent\": true, \"version\": \"1.3.0\", \"attribution\": \"Maps provided by USGS\", \"format\": \"image/png\", \"styles\": \"\"}, \"url\": \"https://basemap.nationalmap.gov/arcgis/services/USGSTopo/MapServer/WMSServer\", \"enabled\": false}, \"addTooltip\": true, \"heatMinOpacity\": 0.1, \"mapType\": \"Shaded Circle Markers\", \"mapCenter\": [0, 0], \"heatBlur\": 15, \"mapZoom\": 2, \"isDesaturated\": true, \"heatRadius\": 25, \"heatMaxZoom\": 0, \"legendPosition\": \"bottomright\"}}"
            },
            "id": "4fccee0c-7193-4aa8-919f-0b0b0a16d013",
            "migrationVersion": {
                "visualization": "7.3.1"
            },
            "references": [
                {
                    "id": "68202a5c-c8f2-432f-8c08-04fbfacb95c8",
                    "name": "search_0",
                    "type": "search"
                }
            ],
            "type": "visualization",
            "updated_at": "2019-10-25T16:30:05.361Z",
            "version": "WzEzMjQsMV0="
        },
        {
            "attributes": {
                "columns": [
                    "priority",
                    "message",
                    "source.ip",
                    "source.port",
                    "destination.ip",
                    "destination.port",
                    "network.application",
                    "message",
                    "cef.extensions.categoryBehavior",
                    "cef.extensions.categoryOutcome",
                    "deviceAddress",
                    "cef.device.product",
                    "cef.device.vendor",
                    "cef.extensions.categoryDeviceGroup",
                    "cef.extensions.categoryDeviceType"
                ],
                "description": "",
                "hits": 0,
                "kibanaSavedObjectMeta": {
                    "searchSourceJSON": "{\"version\": true, \"query\": {\"query_string\": {\"query\": \"cef.extensions.categoryDeviceGroup:\\\"/Firewall\\\" OR cef.extensions.categoryDeviceGroup:\\\"/IDS/Network\\\" OR cef.extensions.categoryDeviceGroup:\\\"/VPN\\\"\", \"analyze_wildcard\": true}}, \"filter\": [], \"highlightAll\": true, \"indexRefName\": \"kibanaSavedObjectMeta.searchSourceJSON.index\"}"
                },
                "sort": [
                    [
                        "@timestamp",
                        "desc"
                    ]
                ],
                "title": "Network Events [Filebeat CEF]",
                "version": 1
            },
            "id": "68202a5c-c8f2-432f-8c08-04fbfacb95c8",
            "migrationVersion": {
                "search": "7.4.0"
            },
            "references": [
                {
                    "id": "filebeat-*",
                    "name": "kibanaSavedObjectMeta.searchSourceJSON.index",
                    "type": "index-pattern"
                }
            ],
            "type": "search",
            "updated_at": "2019-10-25T16:30:05.361Z",
            "version": "WzEzMjUsMV0="
        }
    ],
    "version": "7.4.1"
}