{
    "objects": [
        {
            "attributes": {
                "description": "Overview of audit events from Google Cloud.",
                "hits": 0,
                "kibanaSavedObjectMeta": {
                    "searchSourceJSON": "{\"query\": {\"query\": \"\", \"language\": \"kuery\"}, \"filter\": []}"
                },
                "optionsJSON": "{\"useMargins\": true, \"hidePanelTitles\": false}",
                "panelsJSON": "[{\"panelIndex\": \"a808a985-5cf3-463a-9aad-5159cb64cef1\", \"panelRefName\": \"panel_0\", \"embeddableConfig\": {\"isLayerTOCOpen\": false, \"openTOCDetails\": [], \"hiddenLayers\": [], \"mapCenter\": {\"lon\": -48.67493, \"zoom\": 1.97, \"lat\": 32.1625}}, \"gridData\": {\"w\": 24, \"i\": \"a808a985-5cf3-463a-9aad-5159cb64cef1\", \"h\": 15, \"y\": 0, \"x\": 0}, \"version\": \"8.0.0-SNAPSHOT\"}, {\"panelIndex\": \"9e7025b6-c3bf-424f-b541-d22d00e1fa64\", \"panelRefName\": \"panel_1\", \"embeddableConfig\": {}, \"gridData\": {\"w\": 24, \"i\": \"9e7025b6-c3bf-424f-b541-d22d00e1fa64\", \"h\": 15, \"y\": 0, \"x\": 24}, \"version\": \"8.0.0-SNAPSHOT\"}, {\"panelIndex\": \"5b6a8479-2c18-495e-88fa-9e3239277e3d\", \"panelRefName\": \"panel_2\", \"embeddableConfig\": {}, \"gridData\": {\"w\": 12, \"i\": \"5b6a8479-2c18-495e-88fa-9e3239277e3d\", \"h\": 14, \"y\": 15, \"x\": 0}, \"version\": \"8.0.0-SNAPSHOT\"}, {\"panelIndex\": \"46da4e61-e0bb-4595-a2c7-05210bfbea64\", \"panelRefName\": \"panel_3\", \"embeddableConfig\": {}, \"gridData\": {\"w\": 12, \"i\": \"46da4e61-e0bb-4595-a2c7-05210bfbea64\", \"h\": 14, \"y\": 15, \"x\": 12}, \"version\": \"8.0.0-SNAPSHOT\"}, {\"panelIndex\": \"4d698f07-2caf-45c0-bd48-51ea72ea79b0\", \"panelRefName\": \"panel_4\", \"embeddableConfig\": {}, \"gridData\": {\"w\": 12, \"i\": \"4d698f07-2caf-45c0-bd48-51ea72ea79b0\", \"h\": 14, \"y\": 15, \"x\": 24}, \"version\": \"8.0.0-SNAPSHOT\"}, {\"panelIndex\": \"c5e31da0-d4c8-4554-ab32-61da2495ab6c\", \"panelRefName\": \"panel_5\", \"embeddableConfig\": {}, \"gridData\": {\"w\": 12, \"i\": \"c5e31da0-d4c8-4554-ab32-61da2495ab6c\", \"h\": 14, \"y\": 15, \"x\": 36}, \"version\": \"8.0.0-SNAPSHOT\"}, {\"panelIndex\": \"95ebbda8-9b00-4b23-b116-72569ea031e3\", \"panelRefName\": \"panel_6\", \"embeddableConfig\": {}, \"gridData\": {\"w\": 48, \"i\": \"95ebbda8-9b00-4b23-b116-72569ea031e3\", \"h\": 9, \"y\": 29, \"x\": 0}, \"version\": \"8.0.0-SNAPSHOT\"}]",
                "timeRestore": false,
                "title": "[Filebeat GoogleCloud] Audit",
                "version": 1
            },
            "id": "6576c480-73a2-11ea-a345-f985c61fe654",
            "migrationVersion": {
                "dashboard": "7.3.0"
            },
            "references": [
                {
                    "id": "a97de660-73a5-11ea-a345-f985c61fe654",
                    "name": "panel_0",
                    "type": "map"
                },
                {
                    "id": "4627efa0-73a2-11ea-a345-f985c61fe654",
                    "name": "panel_1",
                    "type": "visualization"
                },
                {
                    "id": "eb5bf570-73a2-11ea-a345-f985c61fe654",
                    "name": "panel_2",
                    "type": "visualization"
                },
                {
                    "id": "33ee1320-73a5-11ea-a345-f985c61fe654",
                    "name": "panel_3",
                    "type": "visualization"
                },
                {
                    "id": "a8e40240-73a3-11ea-a345-f985c61fe654",
                    "name": "panel_4",
                    "type": "visualization"
                },
                {
                    "id": "6d90d320-73a4-11ea-a345-f985c61fe654",
                    "name": "panel_5",
                    "type": "visualization"
                },
                {
                    "id": "d88364c0-73a1-11ea-a345-f985c61fe654",
                    "name": "panel_6",
                    "type": "search"
                }
            ],
            "type": "dashboard",
            "updated_at": "2020-03-31T23:18:30.933Z",
            "version": "WzE1MTYsM10="
        },
        {
            "attributes": {
                "bounds": {
                    "coordinates": [
                        [
                            [
                                -180,
                                74.14342
                            ],
                            [
                                -180,
                                -58.35006
                            ],
                            [
                                180,
                                -58.35006
                            ],
                            [
                                180,
                                74.14342
                            ],
                            [
                                -180,
                                74.14342
                            ]
                        ]
                    ],
                    "type": "Polygon"
                },
                "description": "",
                "layerListJSON": "[{\"sourceDescriptor\":{\"type\":\"EMS_TMS\",\"isAutoSelect\":true},\"id\":\"866b5ce1-6ca0-47db-a6f2-54c5e0dcd2f0\",\"label\":null,\"minZoom\":0,\"maxZoom\":24,\"alpha\":1,\"visible\":true,\"style\":{},\"type\":\"VECTOR_TILE\"},{\"sourceDescriptor\":{\"id\":\"79ec6461-7561-45e4-a6a2-9d6fbd4cf986\",\"geoField\":\"source.geo.location\",\"filterByMapBounds\":true,\"scalingType\":\"LIMIT\",\"topHitsSize\":1,\"type\":\"ES_SEARCH\",\"tooltipProperties\":[],\"sortField\":\"\",\"sortOrder\":\"desc\",\"applyGlobalQuery\":true,\"indexPatternRefName\":\"layer_1_source_index_pattern\"},\"style\":{\"type\":\"VECTOR\",\"properties\":{\"icon\":{\"type\":\"STATIC\",\"options\":{\"value\":\"marker\"}},\"fillColor\":{\"type\":\"STATIC\",\"options\":{\"color\":\"#54B399\"}},\"lineColor\":{\"type\":\"STATIC\",\"options\":{\"color\":\"#41937c\"}},\"lineWidth\":{\"type\":\"STATIC\",\"options\":{\"size\":1}},\"iconSize\":{\"type\":\"STATIC\",\"options\":{\"size\":6}},\"iconOrientation\":{\"type\":\"STATIC\",\"options\":{\"orientation\":0}},\"labelText\":{\"type\":\"STATIC\",\"options\":{\"value\":\"\"}},\"labelColor\":{\"type\":\"STATIC\",\"options\":{\"color\":\"#000000\"}},\"labelSize\":{\"type\":\"STATIC\",\"options\":{\"size\":14}},\"labelBorderColor\":{\"type\":\"STATIC\",\"options\":{\"color\":\"#FFFFFF\"}},\"symbolizeAs\":{\"options\":{\"value\":\"circle\"}},\"labelBorderSize\":{\"options\":{\"size\":\"SMALL\"}}},\"isTimeAware\":true},\"id\":\"279da950-e9a7-4287-ab37-25906e448455\",\"label\":\"Source Locations\",\"minZoom\":0,\"maxZoom\":24,\"alpha\":0.75,\"visible\":true,\"type\":\"VECTOR\",\"joins\":[],\"query\":{\"query\":\"event.dataset:googlecloud.audit\",\"language\":\"kuery\"}}]",
                "mapStateJSON": "{\"zoom\":1.97,\"center\":{\"lon\":0,\"lat\":19.94277},\"timeFilters\":{\"from\":\"now-7d\",\"to\":\"now\"},\"refreshConfig\":{\"isPaused\":false,\"interval\":0},\"query\":{\"query\":\"\",\"language\":\"kuery\"},\"filters\":[]}",
                "title": "Audit Source Locations [Filebeat GoogleCloud]",
                "uiStateJSON": "{\"isLayerTOCOpen\": true, \"openTOCDetails\": []}"
            },
            "id": "a97de660-73a5-11ea-a345-f985c61fe654",
            "references": [
                {
                    "id": "filebeat-*",
                    "name": "layer_1_source_index_pattern",
                    "type": "index-pattern"
                }
            ],
            "type": "map",
            "updated_at": "2020-03-31T23:16:33.861Z",
            "version": "WzE1MDksM10="
        },
        {
            "attributes": {
                "description": "",
                "kibanaSavedObjectMeta": {
                    "searchSourceJSON": "{\"query\": {\"query\": \"\", \"language\": \"kuery\"}, \"filter\": []}"
                },
                "savedSearchRefName": "search_0",
                "title": "Audit Events Outcome over time [Filebeat GoogleCloud]",
                "uiStateJSON": "{}",
                "version": 1,
                "visState": "{\"type\": \"histogram\", \"title\": \"Audit Event Outcome over time [Filebeat GoogleCloud]\", \"aggs\": [{\"schema\": \"metric\", \"type\": \"count\", \"enabled\": true, \"id\": \"1\", \"params\": {}}, {\"schema\": \"segment\", \"type\": \"date_histogram\", \"enabled\": true, \"id\": \"2\", \"params\": {\"field\": \"@timestamp\", \"timeRange\": {\"to\": \"now\", \"from\": \"now-7d\"}, \"drop_partials\": false, \"scaleMetricValues\": false, \"useNormalizedEsInterval\": true, \"extended_bounds\": {}, \"interval\": \"auto\", \"min_doc_count\": 1}}, {\"schema\": \"group\", \"type\": \"terms\", \"enabled\": true, \"id\": \"3\", \"params\": {\"field\": \"event.outcome\", \"orderBy\": \"1\", \"order\": \"desc\", \"missingBucket\": true, \"missingBucketLabel\": \"[unknown]\", \"otherBucket\": false, \"size\": 5, \"otherBucketLabel\": \"Other\"}}], \"params\": {\"seriesParams\": [{\"data\": {\"id\": \"1\", \"label\": \"Count\"}, \"showCircles\": true, \"drawLinesBetweenPoints\": true, \"mode\": \"stacked\", \"type\": \"histogram\", \"valueAxis\": \"ValueAxis-1\", \"lineWidth\": 2, \"show\": true}], \"legendPosition\": \"right\", \"type\": \"histogram\", \"addTooltip\": true, \"times\": [], \"categoryAxes\": [{\"id\": \"CategoryAxis-1\", \"scale\": {\"type\": \"linear\"}, \"type\": \"category\", \"position\": \"bottom\", \"labels\": {\"show\": true, \"filter\": true, \"truncate\": 100}, \"show\": true, \"title\": {}, \"style\": {}}], \"addLegend\": true, \"addTimeMarker\": false, \"valueAxes\": [{\"name\": \"LeftAxis-1\", \"id\": \"ValueAxis-1\", \"scale\": {\"mode\": \"normal\", \"type\": \"linear\"}, \"type\": \"value\", \"position\": \"left\", \"labels\": {\"show\": true, \"filter\": false, \"truncate\": 100, \"rotate\": 0}, \"show\": true, \"title\": {\"text\": \"Count\"}, \"style\": {}}], \"grid\": {\"categoryLines\": false}, \"labels\": {\"show\": false}, \"thresholdLine\": {\"color\": \"#E7664C\", \"show\": false, \"style\": \"full\", \"value\": 10, \"width\": 1}}}"
            },
            "id": "4627efa0-73a2-11ea-a345-f985c61fe654",
            "migrationVersion": {
                "visualization": "7.4.2"
            },
            "references": [
                {
                    "id": "d88364c0-73a1-11ea-a345-f985c61fe654",
                    "name": "search_0",
                    "type": "search"
                }
            ],
            "type": "visualization",
            "updated_at": "2020-03-31T22:52:18.713Z",
            "version": "WzE0MjQsM10="
        },
        {
            "attributes": {
                "description": "",
                "kibanaSavedObjectMeta": {
                    "searchSourceJSON": "{\"query\": {\"query\": \"\", \"language\": \"kuery\"}, \"filter\": []}"
                },
                "savedSearchRefName": "search_0",
                "title": "Audit Event Action [Filebeat GoogleCloud]",
                "uiStateJSON": "{}",
                "version": 1,
                "visState": "{\"type\": \"pie\", \"title\": \"Audit Event Action [Filebeat GoogleCloud]\", \"aggs\": [{\"schema\": \"metric\", \"type\": \"count\", \"enabled\": true, \"id\": \"1\", \"params\": {}}, {\"schema\": \"segment\", \"type\": \"terms\", \"enabled\": true, \"id\": \"2\", \"params\": {\"field\": \"event.action\", \"orderBy\": \"1\", \"order\": \"desc\", \"missingBucket\": false, \"missingBucketLabel\": \"Missing\", \"otherBucket\": false, \"size\": 20, \"otherBucketLabel\": \"Other\"}}], \"params\": {\"isDonut\": true, \"legendPosition\": \"right\", \"type\": \"pie\", \"addTooltip\": true, \"labels\": {\"last_level\": true, \"show\": false, \"values\": true, \"truncate\": 100}, \"addLegend\": true}}"
            },
            "id": "eb5bf570-73a2-11ea-a345-f985c61fe654",
            "migrationVersion": {
                "visualization": "7.4.2"
            },
            "references": [
                {
                    "id": "d88364c0-73a1-11ea-a345-f985c61fe654",
                    "name": "search_0",
                    "type": "search"
                }
            ],
            "type": "visualization",
            "updated_at": "2020-03-31T22:56:55.878Z",
            "version": "WzE0MzgsM10="
        },
        {
            "attributes": {
                "description": "",
                "kibanaSavedObjectMeta": {
                    "searchSourceJSON": "{\"query\": {\"query\": \"\", \"language\": \"kuery\"}, \"filter\": []}"
                },
                "savedSearchRefName": "search_0",
                "title": "Audit Top User Email [Filebeat GoogleCloud]",
                "uiStateJSON": "{}",
                "version": 1,
                "visState": "{\"type\": \"tagcloud\", \"title\": \"Audit Top User Email [Filebeat GoogleCloud]\", \"aggs\": [{\"schema\": \"metric\", \"type\": \"count\", \"enabled\": true, \"id\": \"1\", \"params\": {}}, {\"schema\": \"segment\", \"type\": \"terms\", \"enabled\": true, \"id\": \"2\", \"params\": {\"field\": \"user.email\", \"orderBy\": \"1\", \"order\": \"desc\", \"missingBucket\": false, \"missingBucketLabel\": \"Missing\", \"otherBucket\": false, \"size\": 15, \"otherBucketLabel\": \"Other\"}}], \"params\": {\"showLabel\": true, \"orientation\": \"single\", \"maxFontSize\": 72, \"scale\": \"linear\", \"minFontSize\": 18}}"
            },
            "id": "33ee1320-73a5-11ea-a345-f985c61fe654",
            "migrationVersion": {
                "visualization": "7.4.2"
            },
            "references": [
                {
                    "id": "d88364c0-73a1-11ea-a345-f985c61fe654",
                    "name": "search_0",
                    "type": "search"
                }
            ],
            "type": "visualization",
            "updated_at": "2020-03-31T23:13:16.626Z",
            "version": "WzE0OTQsM10="
        },
        {
            "attributes": {
                "description": "",
                "kibanaSavedObjectMeta": {
                    "searchSourceJSON": "{\"query\": {\"query\": \"\", \"language\": \"kuery\"}, \"filter\": []}"
                },
                "savedSearchRefName": "search_0",
                "title": "Audit User Agent [Filebeat GoogleCloud]",
                "uiStateJSON": "{}",
                "version": 1,
                "visState": "{\"type\": \"pie\", \"title\": \"Audit User Agent [Filebeat GoogleCloud]\", \"aggs\": [{\"schema\": \"metric\", \"type\": \"count\", \"enabled\": true, \"id\": \"1\", \"params\": {}}, {\"schema\": \"segment\", \"type\": \"terms\", \"enabled\": true, \"id\": \"2\", \"params\": {\"field\": \"user_agent.name\", \"orderBy\": \"1\", \"order\": \"desc\", \"missingBucket\": false, \"missingBucketLabel\": \"Missing\", \"otherBucket\": false, \"size\": 20, \"otherBucketLabel\": \"Other\"}}], \"params\": {\"isDonut\": true, \"legendPosition\": \"right\", \"type\": \"pie\", \"addTooltip\": true, \"labels\": {\"last_level\": true, \"show\": false, \"values\": true, \"truncate\": 100}, \"addLegend\": true}}"
            },
            "id": "a8e40240-73a3-11ea-a345-f985c61fe654",
            "migrationVersion": {
                "visualization": "7.4.2"
            },
            "references": [
                {
                    "id": "d88364c0-73a1-11ea-a345-f985c61fe654",
                    "name": "search_0",
                    "type": "search"
                }
            ],
            "type": "visualization",
            "updated_at": "2020-03-31T23:02:13.859Z",
            "version": "WzE0NTksM10="
        },
        {
            "attributes": {
                "description": "",
                "kibanaSavedObjectMeta": {
                    "searchSourceJSON": "{\"query\": {\"query\": \"\", \"language\": \"kuery\"}, \"filter\": []}"
                },
                "savedSearchRefName": "search_0",
                "title": "Audit Resource Name [Filebeat GoogleCloud]",
                "uiStateJSON": "{}",
                "version": 1,
                "visState": "{\"type\": \"pie\", \"title\": \"Audit Resource Name [Filebeat GoogleCloud]\", \"aggs\": [{\"schema\": \"metric\", \"type\": \"count\", \"enabled\": true, \"id\": \"1\", \"params\": {}}, {\"schema\": \"segment\", \"type\": \"terms\", \"enabled\": true, \"id\": \"2\", \"params\": {\"field\": \"googlecloud.audit.resource_name\", \"orderBy\": \"1\", \"order\": \"desc\", \"missingBucket\": false, \"missingBucketLabel\": \"Missing\", \"otherBucket\": false, \"size\": 20, \"otherBucketLabel\": \"Other\"}}], \"params\": {\"isDonut\": true, \"legendPosition\": \"right\", \"type\": \"pie\", \"addTooltip\": true, \"labels\": {\"last_level\": true, \"show\": false, \"values\": true, \"truncate\": 100}, \"addLegend\": true}}"
            },
            "id": "6d90d320-73a4-11ea-a345-f985c61fe654",
            "migrationVersion": {
                "visualization": "7.4.2"
            },
            "references": [
                {
                    "id": "d88364c0-73a1-11ea-a345-f985c61fe654",
                    "name": "search_0",
                    "type": "search"
                }
            ],
            "type": "visualization",
            "updated_at": "2020-03-31T23:07:43.826Z",
            "version": "WzE0NzEsM10="
        },
        {
            "attributes": {
                "columns": [
                    "user.email",
                    "service.name",
                    "googlecloud.audit.type",
                    "event.action",
                    "event.outcome",
                    "source.ip",
                    "source.geo.region_name"
                ],
                "description": "",
                "hits": 0,
                "kibanaSavedObjectMeta": {
                    "searchSourceJSON": "{\"version\": true, \"query\": {\"query\": \"\", \"language\": \"kuery\"}, \"filter\": [{\"$state\": {\"store\": \"appState\"}, \"query\": {\"match_phrase\": {\"event.dataset\": \"googlecloud.audit\"}}, \"meta\": {\"negate\": false, \"indexRefName\": \"kibanaSavedObjectMeta.searchSourceJSON.filter[0].meta.index\", \"disabled\": false, \"type\": \"phrase\", \"params\": {\"query\": \"googlecloud.audit\"}, \"key\": \"event.dataset\", \"alias\": null}}], \"highlightAll\": true, \"indexRefName\": \"kibanaSavedObjectMeta.searchSourceJSON.index\"}"
                },
                "sort": [],
                "title": "Audit [Filebeat GoogleCloud]",
                "version": 1
            },
            "id": "d88364c0-73a1-11ea-a345-f985c61fe654",
            "migrationVersion": {
                "search": "7.4.0"
            },
            "references": [
                {
                    "id": "filebeat-*",
                    "name": "kibanaSavedObjectMeta.searchSourceJSON.index",
                    "type": "index-pattern"
                },
                {
                    "id": "filebeat-*",
                    "name": "kibanaSavedObjectMeta.searchSourceJSON.filter[0].meta.index",
                    "type": "index-pattern"
                }
            ],
            "type": "search",
            "updated_at": "2020-03-31T22:49:14.763Z",
            "version": "WzE0MTUsM10="
        }
    ],
    "version": "8.0.0-SNAPSHOT"
}