{
    "objects": [
        {
            "attributes": {
                "columns": [
                    "osquery.result.columns.path",
                    "osquery.result.columns.type",
                    "osquery.result.columns.flags"
                ],
                "description": "",
                "hits": 0,
                "kibanaSavedObjectMeta": {
                    "searchSourceJSON": "{\"version\": true, \"query\": {\"query\": \"\", \"language\": \"kuery\"}, \"filter\": [{\"$state\": {\"store\": \"appState\"}, \"query\": {\"match\": {\"osquery.result.name\": {\"query\": \"pack_it-compliance_mounts\", \"type\": \"phrase\"}}}, \"meta\": {\"value\": \"pack_it-compliance_mounts\", \"alias\": null, \"disabled\": false, \"type\": \"phrase\", \"key\": \"osquery.result.name\", \"params\": {\"query\": \"pack_it-compliance_mounts\", \"type\": \"phrase\"}, \"negate\": false, \"index\": \"filebeat-*\"}}], \"highlightAll\": true, \"index\": \"filebeat-*\"}"
                },
                "sort": [
                    "@timestamp",
                    "desc"
                ],
                "title": "Mounts [Filebeat Osquery] ECS",
                "version": 1
            },
            "id": "7a9482d0-eb00-11e7-8f04-51231daa5b05-ecs",
            "type": "search",
            "updated_at": "2018-01-08T17:35:32.102Z",
            "version": 1
        },
        {
            "attributes": {
                "description": "",
                "kibanaSavedObjectMeta": {
                    "searchSourceJSON": "{\"query\": {\"query\": \"\", \"language\": \"kuery\"}, \"filter\": []}"
                },
                "savedSearchId": "7a9482d0-eb00-11e7-8f04-51231daa5b05-ecs",
                "title": "Mounts by type [Filebeat Osquery] ECS",
                "uiStateJSON": "{}",
                "version": 1,
                "visState": "{\"type\": \"pie\", \"title\": \"Mounts by type [Filebeat Osquery] ECS\", \"aggs\": [{\"schema\": \"metric\", \"type\": \"count\", \"enabled\": true, \"id\": \"1\", \"params\": {}}, {\"schema\": \"segment\", \"type\": \"terms\", \"enabled\": true, \"id\": \"2\", \"params\": {\"field\": \"osquery.result.columns.path\", \"orderBy\": \"1\", \"size\": 10, \"order\": \"desc\"}}, {\"schema\": \"segment\", \"type\": \"terms\", \"enabled\": true, \"id\": \"3\", \"params\": {\"field\": \"osquery.result.columns.type\", \"orderBy\": \"1\", \"size\": 5, \"order\": \"desc\"}}], \"params\": {\"isDonut\": true, \"legendPosition\": \"right\", \"type\": \"pie\", \"addTooltip\": true, \"labels\": {\"last_level\": true, \"show\": false, \"values\": true, \"truncate\": 100}, \"addLegend\": true}}"
            },
            "id": "a9fd8bb0-eb01-11e7-8f04-51231daa5b05-ecs",
            "type": "visualization",
            "updated_at": "2018-01-08T17:35:32.102Z",
            "version": 1
        },
        {
            "attributes": {
                "columns": [
                    "osquery.result.columns.name",
                    "osquery.result.columns.version",
                    "osquery.result.columns.revision"
                ],
                "description": "",
                "hits": 0,
                "kibanaSavedObjectMeta": {
                    "searchSourceJSON": "{\"version\": true, \"query\": {\"query\": \"\", \"language\": \"kuery\"}, \"filter\": [{\"$state\": {\"store\": \"appState\"}, \"query\": {\"match\": {\"osquery.result.name\": {\"query\": \"pack_it-compliance_deb_packages\", \"type\": \"phrase\"}}}, \"meta\": {\"value\": \"pack_it-compliance_deb_packages\", \"alias\": null, \"disabled\": false, \"type\": \"phrase\", \"key\": \"osquery.result.name\", \"params\": {\"query\": \"pack_it-compliance_deb_packages\", \"type\": \"phrase\"}, \"negate\": false, \"index\": \"filebeat-*\"}}], \"highlightAll\": true, \"index\": \"filebeat-*\"}"
                },
                "sort": [
                    "@timestamp",
                    "desc"
                ],
                "title": "DEB packages installed [Filebeat Osquery] ECS",
                "version": 1
            },
            "id": "3824b080-eb02-11e7-8f04-51231daa5b05-ecs",
            "type": "search",
            "updated_at": "2018-01-08T17:35:32.102Z",
            "version": 1
        },
        {
            "attributes": {
                "description": "",
                "kibanaSavedObjectMeta": {
                    "searchSourceJSON": "{\"query\": {\"query\": \"\", \"language\": \"kuery\"}, \"filter\": []}"
                },
                "savedSearchId": "b5d6baa0-eb02-11e7-8f04-51231daa5b05-ecs",
                "title": "OS versions [Filebeat Osquery] ECS",
                "uiStateJSON": "{}",
                "version": 1,
                "visState": "{\"type\": \"pie\", \"title\": \"OS versions [Filebeat Osquery] ECS\", \"aggs\": [{\"schema\": \"metric\", \"type\": \"cardinality\", \"enabled\": true, \"id\": \"1\", \"params\": {\"field\": \"osquery.result.host_identifier\"}}, {\"schema\": \"segment\", \"type\": \"terms\", \"enabled\": true, \"id\": \"4\", \"params\": {\"field\": \"osquery.result.columns.platform_like\", \"orderBy\": \"1\", \"size\": 5, \"order\": \"desc\"}}, {\"schema\": \"segment\", \"type\": \"terms\", \"enabled\": true, \"id\": \"2\", \"params\": {\"field\": \"osquery.result.columns.name\", \"orderBy\": \"1\", \"size\": 5, \"order\": \"desc\"}}, {\"schema\": \"segment\", \"type\": \"terms\", \"enabled\": true, \"id\": \"3\", \"params\": {\"field\": \"osquery.result.columns.version\", \"orderBy\": \"1\", \"size\": 5, \"order\": \"desc\"}}], \"params\": {\"isDonut\": true, \"legendPosition\": \"right\", \"type\": \"pie\", \"addTooltip\": true, \"labels\": {\"last_level\": true, \"show\": false, \"values\": true, \"truncate\": 100}, \"addLegend\": true}}"
            },
            "id": "1da1ed30-eb03-11e7-8f04-51231daa5b05-ecs",
            "type": "visualization",
            "updated_at": "2018-01-08T17:35:32.102Z",
            "version": 1
        },
        {
            "attributes": {
                "description": "",
                "kibanaSavedObjectMeta": {
                    "searchSourceJSON": "{\"query\": {\"query\": \"\", \"language\": \"kuery\"}, \"filter\": [{\"$state\": {\"store\": \"appState\"}, \"query\": {\"match\": {\"osquery.result.columns.status\": {\"query\": \"Live\", \"type\": \"phrase\"}}}, \"meta\": {\"value\": \"Live\", \"alias\": null, \"disabled\": false, \"type\": \"phrase\", \"key\": \"osquery.result.columns.status\", \"params\": {\"query\": \"Live\", \"type\": \"phrase\"}, \"negate\": false, \"index\": \"filebeat-*\"}}]}"
                },
                "savedSearchId": "f59e21e0-eb03-11e7-8f04-51231daa5b05-ecs",
                "title": "Number of Kernel modules [Filebeat Osquery] ECS",
                "uiStateJSON": "{\"vis\": {\"defaultColors\": {\"0 - 100\": \"rgb(0,104,55)\"}}}",
                "version": 1,
                "visState": "{\"type\": \"gauge\", \"title\": \"Number of Kernel modules [Filebeat Osquery] ECS\", \"aggs\": [{\"schema\": \"metric\", \"type\": \"cardinality\", \"enabled\": true, \"id\": \"1\", \"params\": {\"field\": \"osquery.result.columns.name\", \"customLabel\": \"Live Kernel modules\"}}], \"params\": {\"addTooltip\": true, \"gauge\": {\"style\": {\"subText\": \"\", \"mask\": false, \"bgColor\": false, \"bgWidth\": 0.9, \"width\": 0.9, \"bgFill\": \"#eee\", \"bgMask\": false, \"fontSize\": 60, \"maskBars\": 50, \"labelColor\": true}, \"colorSchema\": \"Green to Red\", \"backStyle\": \"Full\", \"gaugeType\": \"Arc\", \"type\": \"meter\", \"gaugeColorMode\": \"Labels\", \"gaugeStyle\": \"Full\", \"percentageMode\": false, \"colorsRange\": [{\"to\": 100, \"from\": 0}], \"scale\": {\"color\": \"#333\", \"labels\": false, \"show\": true}, \"labels\": {\"color\": \"black\", \"show\": true}, \"extendRange\": true, \"orientation\": \"vertical\", \"verticalSplit\": false, \"invertColors\": false}, \"type\": \"gauge\", \"addLegend\": true, \"isDisplayWarning\": false}}"
            },
            "id": "240f3630-eb05-11e7-8f04-51231daa5b05-ecs",
            "type": "visualization",
            "updated_at": "2018-01-08T17:35:32.102Z",
            "version": 1
        },
        {
            "attributes": {
                "description": "",
                "kibanaSavedObjectMeta": {
                    "searchSourceJSON": "{}"
                },
                "title": "Navigation [Filebeat Osquery] ECS",
                "uiStateJSON": "{}",
                "version": 1,
                "visState": "{\"type\": \"markdown\", \"title\": \"Navigation [Filebeat Osquery] ECS\", \"aggs\": [], \"params\": {\"fontSize\": 10, \"markdown\": \"[Compilance](#/dashboard/69f5ae20-eb02-11e7-8f04-51231daa5b05-ecs) | [OSSEC Rootkit](#/dashboard/c0a7ce90-f4aa-11e7-8647-534bb4c21040-ecs)\"}}"
            },
            "id": "2d6e0760-f4ab-11e7-8647-534bb4c21040-ecs",
            "type": "visualization",
            "updated_at": "2018-01-08T19:41:10.264Z",
            "version": 3
        },
        {
            "attributes": {
                "columns": [
                    "osquery.result.name"
                ],
                "description": "",
                "hits": 0,
                "kibanaSavedObjectMeta": {
                    "searchSourceJSON": "{\"version\": true, \"query\": {\"query\": \"\", \"language\": \"kuery\"}, \"filter\": [{\"$state\": {\"store\": \"appState\"}, \"query\": {\"match\": {\"osquery.result.name\": {\"query\": \"pack_it-compliance_os_version\", \"type\": \"phrase\"}}}, \"meta\": {\"value\": \"pack_it-compliance_os_version\", \"alias\": null, \"disabled\": false, \"type\": \"phrase\", \"key\": \"osquery.result.name\", \"params\": {\"query\": \"pack_it-compliance_os_version\", \"type\": \"phrase\"}, \"negate\": false, \"index\": \"filebeat-*\"}}], \"highlightAll\": true, \"index\": \"filebeat-*\"}"
                },
                "sort": [
                    "@timestamp",
                    "desc"
                ],
                "title": "OS versions [Filebeat Osquery] ECS",
                "version": 1
            },
            "id": "b5d6baa0-eb02-11e7-8f04-51231daa5b05-ecs",
            "type": "search",
            "updated_at": "2018-01-08T17:35:32.102Z",
            "version": 1
        },
        {
            "attributes": {
                "columns": [
                    "osquery.result.name",
                    "osquery.result.columns.name",
                    "osquery.result.columns.status"
                ],
                "description": "",
                "hits": 0,
                "kibanaSavedObjectMeta": {
                    "searchSourceJSON": "{\"version\": true, \"query\": {\"query\": \"\", \"language\": \"kuery\"}, \"filter\": [{\"$state\": {\"store\": \"appState\"}, \"query\": {\"match\": {\"osquery.result.name\": {\"query\": \"pack_it-compliance_kernel_modules\", \"type\": \"phrase\"}}}, \"meta\": {\"value\": \"pack_it-compliance_kernel_modules\", \"alias\": null, \"disabled\": false, \"type\": \"phrase\", \"key\": \"osquery.result.name\", \"params\": {\"query\": \"pack_it-compliance_kernel_modules\", \"type\": \"phrase\"}, \"negate\": false, \"index\": \"filebeat-*\"}}], \"highlightAll\": true, \"index\": \"filebeat-*\"}"
                },
                "sort": [
                    "@timestamp",
                    "desc"
                ],
                "title": "Kernel modules [Filebeat Osquery] ECS",
                "version": 1
            },
            "id": "f59e21e0-eb03-11e7-8f04-51231daa5b05-ecs",
            "type": "search",
            "updated_at": "2018-01-08T17:35:32.102Z",
            "version": 1
        },
        {
            "attributes": {
                "description": "Dashboard for visualizing the data collected by the Osquery compliance pack.",
                "hits": 0,
                "kibanaSavedObjectMeta": {
                    "searchSourceJSON": "{\"query\": {\"query\": \"\", \"language\": \"kuery\"}, \"filter\": [], \"highlightAll\": true, \"version\": true}"
                },
                "optionsJSON": "{\"darkTheme\": false, \"useMargins\": true, \"hidePanelTitles\": false}",
                "panelsJSON": "[{\"version\": \"6.2.4\", \"panelIndex\": \"1\", \"id\": \"7a9482d0-eb00-11e7-8f04-51231daa5b05-ecs\", \"gridData\": {\"w\": 6, \"i\": \"1\", \"h\": 4, \"y\": 6, \"x\": 6}, \"type\": \"search\"}, {\"version\": \"6.2.4\", \"panelIndex\": \"2\", \"id\": \"a9fd8bb0-eb01-11e7-8f04-51231daa5b05-ecs\", \"gridData\": {\"w\": 7, \"i\": \"2\", \"h\": 5, \"y\": 1, \"x\": 5}, \"type\": \"visualization\"}, {\"version\": \"6.2.4\", \"panelIndex\": \"3\", \"id\": \"3824b080-eb02-11e7-8f04-51231daa5b05-ecs\", \"gridData\": {\"w\": 6, \"i\": \"3\", \"h\": 4, \"y\": 6, \"x\": 0}, \"type\": \"search\"}, {\"version\": \"6.2.4\", \"panelIndex\": \"4\", \"id\": \"1da1ed30-eb03-11e7-8f04-51231daa5b05-ecs\", \"gridData\": {\"w\": 5, \"i\": \"4\", \"h\": 3, \"y\": 1, \"x\": 0}, \"type\": \"visualization\"}, {\"id\": \"240f3630-eb05-11e7-8f04-51231daa5b05-ecs\", \"gridData\": {\"w\": 5, \"i\": \"5\", \"h\": 2, \"y\": 4, \"x\": 0}, \"type\": \"visualization\", \"panelIndex\": \"5\", \"embeddableConfig\": {\"vis\": {\"legendOpen\": false, \"defaultColors\": {\"0 - 100\": \"rgb(0,104,55)\"}}}, \"version\": \"6.2.4\"}, {\"version\": \"6.1.0-SNAPSHOT\", \"panelIndex\": \"6\", \"id\": \"2d6e0760-f4ab-11e7-8647-534bb4c21040-ecs\", \"gridData\": {\"w\": 12, \"i\": \"6\", \"h\": 1, \"y\": 0, \"x\": 0}, \"type\": \"visualization\"}]",
                "timeRestore": false,
                "title": "[Filebeat Osquery] Compliance pack ECS",
                "uiStateJSON": "{\"P-5\": {\"vis\": {\"defaultColors\": {\"0 - 100\": \"rgb(0,104,55)\"}}}}",
                "version": 1
            },
            "id": "69f5ae20-eb02-11e7-8f04-51231daa5b05-ecs",
            "type": "dashboard",
            "updated_at": "2018-01-08T19:42:15.406Z",
            "version": 2
        }
    ],
    "version": "6.1.0-SNAPSHOT"
}