{
    "objects": [
        {
            "attributes": {
                "description": "",
                "kibanaSavedObjectMeta": {
                    "searchSourceJSON": "{}"
                },
                "title": "Info OSSEC rootkit [Filebeat Osquery] ECS",
                "uiStateJSON": "{}",
                "version": 1,
                "visState": "{\"type\": \"markdown\", \"title\": \"Info OSSEC rootkit [Filebeat Osquery] ECS\", \"aggs\": [], \"params\": {\"fontSize\": 12, \"markdown\": \"This dashboard shows data collected by the ossec-rootkit pack from osquery.\"}}"
            },
            "id": "6ec10290-f4aa-11e7-8647-534bb4c21040-ecs",
            "type": "visualization",
            "updated_at": "2018-01-08T19:30:49.785Z",
            "version": 1
        },
        {
            "attributes": {
                "description": "",
                "kibanaSavedObjectMeta": {
                    "searchSourceJSON": "{\"query\": {\"query\": \"\", \"language\": \"kuery\"}, \"filter\": []}"
                },
                "savedSearchId": "0fe5dc00-f49b-11e7-8647-534bb4c21040-ecs",
                "title": "Number of rootkits found [Filebeat Osquery] ECS",
                "uiStateJSON": "{}",
                "version": 1,
                "visState": "{\"type\": \"metric\", \"title\": \"Number of rootkits found [Filebeat Osquery] ECS\", \"aggs\": [{\"schema\": \"metric\", \"type\": \"cardinality\", \"enabled\": true, \"id\": \"1\", \"params\": {\"field\": \"osquery.result.name\", \"customLabel\": \"Rootkits\"}}], \"params\": {\"addTooltip\": true, \"metric\": {\"useRanges\": false, \"style\": {\"fontSize\": 40, \"bgFill\": \"#000\", \"bgColor\": false, \"labelColor\": false, \"subText\": \"\"}, \"colorSchema\": \"Green to Red\", \"percentageMode\": false, \"colorsRange\": [{\"to\": 10000, \"from\": 0}], \"metricColorMode\": \"None\", \"labels\": {\"show\": true}, \"invertColors\": false}, \"addLegend\": false, \"type\": \"metric\"}}"
            },
            "id": "ffdbba50-f4a9-11e7-8647-534bb4c21040-ecs",
            "type": "visualization",
            "updated_at": "2018-01-08T19:40:05.060Z",
            "version": 3
        },
        {
            "attributes": {
                "description": "",
                "kibanaSavedObjectMeta": {
                    "searchSourceJSON": "{\"query\": {\"query\": \"\", \"language\": \"kuery\"}, \"filter\": []}"
                },
                "savedSearchId": "0fe5dc00-f49b-11e7-8647-534bb4c21040-ecs",
                "title": "Number of hosts infected [Filebeat Osquery] ECS",
                "uiStateJSON": "{}",
                "version": 1,
                "visState": "{\"type\": \"metric\", \"title\": \"Number of hosts infected [Filebeat Osquery] ECS\", \"aggs\": [{\"schema\": \"metric\", \"type\": \"cardinality\", \"enabled\": true, \"id\": \"1\", \"params\": {\"field\": \"agent.hostname\", \"customLabel\": \"Hosts\"}}], \"params\": {\"addTooltip\": true, \"metric\": {\"useRanges\": false, \"style\": {\"fontSize\": 40, \"bgFill\": \"#000\", \"bgColor\": false, \"labelColor\": false, \"subText\": \"\"}, \"colorSchema\": \"Green to Red\", \"percentageMode\": false, \"colorsRange\": [{\"to\": 10000, \"from\": 0}], \"metricColorMode\": \"None\", \"labels\": {\"show\": true}, \"invertColors\": false}, \"addLegend\": false, \"type\": \"metric\"}}"
            },
            "id": "ab587180-f4a9-11e7-8647-534bb4c21040-ecs",
            "type": "visualization",
            "updated_at": "2018-01-08T19:39:45.085Z",
            "version": 2
        },
        {
            "attributes": {
                "description": "",
                "kibanaSavedObjectMeta": {
                    "searchSourceJSON": "{}"
                },
                "title": "Navigation [Filebeat Osquery] ECS",
                "uiStateJSON": "{}",
                "version": 1,
                "visState": "{\"type\": \"markdown\", \"title\": \"Navigation [Filebeat Osquery] ECS\", \"aggs\": [], \"params\": {\"fontSize\": 10, \"markdown\": \"[Compilance](#/dashboard/69f5ae20-eb02-11e7-8f04-51231daa5b05-ecs) | [OSSEC Rootkit](#/dashboard/c0a7ce90-f4aa-11e7-8647-534bb4c21040-ecs)\"}}"
            },
            "id": "2d6e0760-f4ab-11e7-8647-534bb4c21040-ecs",
            "type": "visualization",
            "updated_at": "2018-01-08T19:41:10.264Z",
            "version": 3
        },
        {
            "attributes": {
                "columns": [
                    "osquery.result.name",
                    "osquery.result.columns.path",
                    "agent.hostname"
                ],
                "description": "",
                "hits": 0,
                "kibanaSavedObjectMeta": {
                    "searchSourceJSON": "{\"version\": true, \"query\": {\"query\": \"\", \"language\": \"kuery\"}, \"filter\": [{\"$state\": {\"store\": \"appState\"}, \"query\": {\"prefix\": {\"osquery.result.name\": \"pack_ossec-rootkit\"}}, \"meta\": {\"value\": \"{\\\"prefix\\\":{\\\"osquery.result.name\\\":\\\"pack_ossec-rootkit\\\"}}\", \"alias\": null, \"disabled\": false, \"type\": \"custom\", \"key\": \"query\", \"negate\": false, \"index\": \"filebeat-*\"}}, {\"$state\": {\"store\": \"appState\"}, \"query\": {\"match\": {\"event.module\": {\"query\": \"osquery\", \"type\": \"phrase\"}}}, \"meta\": {\"value\": \"osquery\", \"alias\": null, \"disabled\": false, \"type\": \"phrase\", \"key\": \"event.module\", \"params\": {\"query\": \"osquery\", \"type\": \"phrase\"}, \"negate\": false, \"index\": \"filebeat-*\"}}, {\"$state\": {\"store\": \"appState\"}, \"query\": {\"match\": {\"fileset.name\": {\"query\": \"result\", \"type\": \"phrase\"}}}, \"meta\": {\"value\": \"result\", \"alias\": null, \"disabled\": false, \"type\": \"phrase\", \"key\": \"fileset.name\", \"params\": {\"query\": \"result\", \"type\": \"phrase\"}, \"negate\": false, \"index\": \"filebeat-*\"}}], \"highlightAll\": true, \"index\": \"filebeat-*\"}"
                },
                "sort": [
                    "@timestamp",
                    "desc"
                ],
                "title": "OSSEC Rootkits [Filebeat Osquery] ECS",
                "version": 1
            },
            "id": "0fe5dc00-f49b-11e7-8647-534bb4c21040-ecs",
            "type": "search",
            "updated_at": "2018-01-08T19:38:24.483Z",
            "version": 2
        },
        {
            "attributes": {
                "description": "This dashboard shows data collected by the OSSEC rootkit pack from osquery",
                "hits": 0,
                "kibanaSavedObjectMeta": {
                    "searchSourceJSON": "{\"query\": {\"query\": \"\", \"language\": \"kuery\"}, \"filter\": [], \"highlightAll\": true, \"version\": true}"
                },
                "optionsJSON": "{\"darkTheme\": false, \"useMargins\": true, \"hidePanelTitles\": false}",
                "panelsJSON": "[{\"version\": \"6.1.0-SNAPSHOT\", \"panelIndex\": \"1\", \"id\": \"6ec10290-f4aa-11e7-8647-534bb4c21040-ecs\", \"gridData\": {\"w\": 4, \"i\": \"1\", \"h\": 2, \"y\": 1, \"x\": 8}, \"type\": \"visualization\"}, {\"version\": \"6.1.0-SNAPSHOT\", \"panelIndex\": \"2\", \"id\": \"ffdbba50-f4a9-11e7-8647-534bb4c21040-ecs\", \"gridData\": {\"w\": 4, \"i\": \"2\", \"h\": 2, \"y\": 1, \"x\": 4}, \"type\": \"visualization\"}, {\"version\": \"6.1.0-SNAPSHOT\", \"panelIndex\": \"3\", \"id\": \"ab587180-f4a9-11e7-8647-534bb4c21040-ecs\", \"gridData\": {\"w\": 4, \"i\": \"3\", \"h\": 2, \"y\": 1, \"x\": 0}, \"type\": \"visualization\"}, {\"version\": \"6.1.0-SNAPSHOT\", \"panelIndex\": \"4\", \"id\": \"2d6e0760-f4ab-11e7-8647-534bb4c21040-ecs\", \"gridData\": {\"w\": 12, \"i\": \"4\", \"h\": 1, \"y\": 0, \"x\": 0}, \"type\": \"visualization\"}, {\"version\": \"6.1.0-SNAPSHOT\", \"panelIndex\": \"5\", \"id\": \"0fe5dc00-f49b-11e7-8647-534bb4c21040-ecs\", \"gridData\": {\"w\": 12, \"i\": \"5\", \"h\": 4, \"y\": 3, \"x\": 0}, \"type\": \"search\"}]",
                "timeRestore": false,
                "title": "[Filebeat Osquery] OSSEC rootkit pack ECS",
                "uiStateJSON": "{}",
                "version": 1
            },
            "id": "c0a7ce90-f4aa-11e7-8647-534bb4c21040-ecs",
            "type": "dashboard",
            "updated_at": "2018-01-08T19:40:16.304Z",
            "version": 6
        }
    ],
    "version": "6.1.0-SNAPSHOT"
}